{
  "soft": {
    "temperature": 0.03,
    "metrics": {
      "hit": 0.6643564356435644,
      "hits": 1342,
      "mean": 0.011790359392762184,
      "q50": 0.0069696493446826935,
      "q75": 0.01204831525683403,
      "q90": 0.024488624185323715,
      "q95": 0.04183615371584892,
      "q99": 0.09112362563610077
    }
  },
  "gate": {
    "temperature": 0.07,
    "margin_quantile": 0.2,
    "margin_threshold": 0.010927843861281872,
    "argmax_rate": 0.8,
    "metrics": {
      "hit": 0.6658415841584159,
      "hits": 1345,
      "mean": 0.01180626917630434,
      "q50": 0.00696705374866724,
      "q75": 0.01210442092269659,
      "q90": 0.024486994370818138,
      "q95": 0.04238773509860039,
      "q99": 0.09110746532678604
    }
  },
  "argmax": {
    "hit": 0.6618811881188119,
    "hits": 1337,
    "mean": 0.011825980618596077,
    "q50": 0.006980026140809059,
    "q75": 0.012139864265918732,
    "q90": 0.024486994370818138,
    "q95": 0.04238773509860039,
    "q99": 0.09110746532678604
  },
  "candidate_oracle": {
    "hit": 0.7653465346534654,
    "hits": 1546,
    "mean": 0.00907998625189066,
    "q50": 0.004977211821824312,
    "q75": 0.009648122824728489,
    "q90": 0.018779054284095764,
    "q95": 0.03421337530016899,
    "q99": 0.07720085978507996
  },
  "test_files": [
    "/workspace/daycon-muflight/runs/baseline/H001_ranking-loss/submission_boundary_tiny_soft.csv",
    "/workspace/daycon-muflight/runs/baseline/H001_ranking-loss/submission_boundary_tiny_argmax.csv"
  ]
}