{
  "soft": {
    "temperature": 0.03,
    "metrics": {
      "hit": 0.6717821782178218,
      "hits": 1357,
      "mean": 0.011707101948559284,
      "q50": 0.006944977678358555,
      "q75": 0.012102410197257996,
      "q90": 0.02370832860469818,
      "q95": 0.04070206359028816,
      "q99": 0.08739348500967026
    }
  },
  "gate": {
    "temperature": 0.01,
    "margin_quantile": 0.9,
    "margin_threshold": 0.07421989738941193,
    "argmax_rate": 0.1,
    "metrics": {
      "hit": 0.6747524752475248,
      "hits": 1363,
      "mean": 0.011721686460077763,
      "q50": 0.006956788711249828,
      "q75": 0.012120271101593971,
      "q90": 0.023948712274432182,
      "q95": 0.040627751499414444,
      "q99": 0.08756766468286514
    }
  },
  "argmax": {
    "hit": 0.6722772277227723,
    "hits": 1358,
    "mean": 0.011729913763701916,
    "q50": 0.0069689215160906315,
    "q75": 0.012128215283155441,
    "q90": 0.023774249479174614,
    "q95": 0.04061819240450859,
    "q99": 0.08755175024271011
  },
  "candidate_oracle": {
    "hit": 0.7277227722772277,
    "hits": 1470,
    "mean": 0.010198942385613918,
    "q50": 0.005496259778738022,
    "q75": 0.01054512057453394,
    "q90": 0.022306540980935097,
    "q95": 0.038781650364398956,
    "q99": 0.08605937659740448
  },
  "test_files": [
    "/workspace/daycon-muflight/runs/baseline/P001_pb-0-6822-fullrun/submission_boundary_tiny_soft.csv",
    "/workspace/daycon-muflight/runs/baseline/P001_pb-0-6822-fullrun/submission_boundary_tiny_argmax.csv"
  ]
}