{
  "sub_exp": "P1.IF",
  "n_val": 2020,
  "fold": 0,
  "oof_soft_hit": 0.6415841584158416,
  "oof_raw_hit": 0.6400990099009901,
  "corrector_gain": 0.0014851485148514865,
  "per_band_hit_after": {
    "[0,0.5cm)": {
      "n": 692,
      "hit_before": 1.0,
      "hit_after": 1.0,
      "delta": 0.0
    },
    "[0.5,1cm)": {
      "n": 601,
      "hit_before": 1.0,
      "hit_after": 0.9733777038269551,
      "delta": -0.0266222961730449
    },
    "[1,1.5cm)": {
      "n": 349,
      "hit_before": 0.0,
      "hit_after": 0.054441260744985676,
      "delta": 0.054441260744985676
    },
    "[1.5,2cm)": {
      "n": 97,
      "hit_before": 0.0,
      "hit_after": 0.0,
      "delta": 0.0
    },
    "[2cm,inf)": {
      "n": 281,
      "hit_before": 0.0,
      "hit_after": 0.0,
      "delta": 0.0
    }
  },
  "elapsed_sec": 3.394467353820801,
  "best_val_hit": 0.6415841579437256,
  "device": "cuda",
  "dim_encoder": 20
}