{
  "F0": {
    "hit_1cm": 0.632,
    "hit_1p5cm": 0.8033
  },
  "plan022_winner": {
    "hit_1cm": 0.6531,
    "hit_1p5cm": 0.8108,
    "raw": {
      "K": 14,
      "tau_cls": 0.001,
      "hit_1cm": 0.6531,
      "hit_1p5cm": 0.8108,
      "delta_1cm": 0.021100000000000008,
      "delta_1.5cm": 0.007499999999999951,
      "max_class_ratio": 0.10535365343093872,
      "fold_var_1cm": 0.0036300384407789666,
      "fold_var_1.5cm": 0.007063876314075811,
      "pass_both": true
    }
  }
}