{
  "phase": "Phase 1.L Loss axis ablation",
  "n_folds": 1,
  "fold": 0,
  "anchor": "P1.L0",
  "anchor_oof_soft_hit": 0.6544554455445545,
  "sub_exps": {
    "P1.L0": {
      "sub_exp": "P1.L0",
      "config": "anchor (plan-004 default: MSE + far=0.04 + easy=0.20 + env=0.05 + apply_scale=0.75 + boundary [0.7, 1.7cm])",
      "n_val": 2020,
      "fold": 0,
      "training": "X (anchor reuse from plan-005 corrected_oof.npz)",
      "oof_soft_hit": 0.6544554455445545,
      "oof_raw_hit": 0.6400990099009901,
      "corrector_gain": 0.01435643564356437,
      "per_band_hit_after": {
        "[0,0.5cm)": {
          "n": 692,
          "hit_before": 1.0,
          "hit_after": 1.0,
          "delta": 0.0
        },
        "[0.5,1cm)": {
          "n": 601,
          "hit_before": 1.0,
          "hit_after": 0.9750415973377704,
          "delta": -0.024958402662229595
        },
        "[1,1.5cm)": {
          "n": 349,
          "hit_before": 0.0,
          "hit_after": 0.12607449856733524,
          "delta": 0.12607449856733524
        },
        "[1.5,2cm)": {
          "n": 97,
          "hit_before": 0.0,
          "hit_after": 0.0,
          "delta": 0.0
        },
        "[2cm,inf)": {
          "n": 281,
          "hit_before": 0.0,
          "hit_after": 0.0,
          "delta": 0.0
        }
      },
      "delta_vs_anchor": 0.0,
      "delta_vs_z1": null,
      "elapsed_sec": 0,
      "generated_at": "2026-05-13T04:54:22.514062+09:00"
    },
    "P1.L1": {
      "sub_exp": "P1.L1",
      "n_val": 2020,
      "fold": 0,
      "oof_soft_hit": 0.6420792079207921,
      "oof_raw_hit": 0.6400990099009901,
      "corrector_gain": 0.001980198019801982,
      "per_band_hit_after": {
        "[0,0.5cm)": {
          "n": 692,
          "hit_before": 1.0,
          "hit_after": 1.0,
          "delta": 0.0
        },
        "[0.5,1cm)": {
          "n": 601,
          "hit_before": 1.0,
          "hit_after": 0.940099833610649,
          "delta": -0.05990016638935103
        },
        "[1,1.5cm)": {
          "n": 349,
          "hit_before": 0.0,
          "hit_after": 0.11461318051575932,
          "delta": 0.11461318051575932
        },
        "[1.5,2cm)": {
          "n": 97,
          "hit_before": 0.0,
          "hit_after": 0.0,
          "delta": 0.0
        },
        "[2cm,inf)": {
          "n": 281,
          "hit_before": 0.0,
          "hit_after": 0.0,
          "delta": 0.0
        }
      },
      "elapsed_sec": 2.5872995853424072,
      "best_val_hit": 0.64207923412323,
      "device": "cuda",
      "predictions_npz": true,
      "delta_vs_anchor": -0.012376237623762387,
      "delta_vs_z1": 0.0
    },
    "P1.L3": {
      "sub_exp": "P1.L3",
      "n_val": 2020,
      "fold": 0,
      "oof_soft_hit": 0.6430693069306931,
      "oof_raw_hit": 0.6400990099009901,
      "corrector_gain": 0.002970297029702973,
      "per_band_hit_after": {
        "[0,0.5cm)": {
          "n": 692,
          "hit_before": 1.0,
          "hit_after": 1.0,
          "delta": 0.0
        },
        "[0.5,1cm)": {
          "n": 601,
          "hit_before": 1.0,
          "hit_after": 0.9550748752079867,
          "delta": -0.04492512479201327
        },
        "[1,1.5cm)": {
          "n": 349,
          "hit_before": 0.0,
          "hit_after": 0.09455587392550144,
          "delta": 0.09455587392550144
        },
        "[1.5,2cm)": {
          "n": 97,
          "hit_before": 0.0,
          "hit_after": 0.0,
          "delta": 0.0
        },
        "[2cm,inf)": {
          "n": 281,
          "hit_before": 0.0,
          "hit_after": 0.0,
          "delta": 0.0
        }
      },
      "elapsed_sec": 3.3428845405578613,
      "best_val_hit": 0.643069326877594,
      "device": "cuda",
      "predictions_npz": true,
      "delta_vs_anchor": -0.011386138613861396,
      "delta_vs_z1": 0.000990099009900991
    },
    "P1.L4": {
      "sub_exp": "P1.L4",
      "n_val": 2020,
      "fold": 0,
      "oof_soft_hit": 0.6420792079207921,
      "oof_raw_hit": 0.6400990099009901,
      "corrector_gain": 0.001980198019801982,
      "per_band_hit_after": {
        "[0,0.5cm)": {
          "n": 692,
          "hit_before": 1.0,
          "hit_after": 1.0,
          "delta": 0.0
        },
        "[0.5,1cm)": {
          "n": 601,
          "hit_before": 1.0,
          "hit_after": 0.9633943427620633,
          "delta": -0.03660565723793674
        },
        "[1,1.5cm)": {
          "n": 349,
          "hit_before": 0.0,
          "hit_after": 0.07449856733524356,
          "delta": 0.07449856733524356
        },
        "[1.5,2cm)": {
          "n": 97,
          "hit_before": 0.0,
          "hit_after": 0.0,
          "delta": 0.0
        },
        "[2cm,inf)": {
          "n": 281,
          "hit_before": 0.0,
          "hit_after": 0.0,
          "delta": 0.0
        }
      },
      "elapsed_sec": 2.6733713150024414,
      "best_val_hit": 0.64207923412323,
      "device": "cuda",
      "predictions_npz": true,
      "delta_vs_anchor": -0.012376237623762387,
      "delta_vs_z1": 0.0
    },
    "P1.L5": {
      "sub_exp": "P1.L5",
      "n_val": 2020,
      "fold": 0,
      "oof_soft_hit": 0.6420792079207921,
      "oof_raw_hit": 0.6400990099009901,
      "corrector_gain": 0.001980198019801982,
      "per_band_hit_after": {
        "[0,0.5cm)": {
          "n": 692,
          "hit_before": 1.0,
          "hit_after": 1.0,
          "delta": 0.0
        },
        "[0.5,1cm)": {
          "n": 601,
          "hit_before": 1.0,
          "hit_after": 0.9767054908485857,
          "delta": -0.02329450915141429
        },
        "[1,1.5cm)": {
          "n": 349,
          "hit_before": 0.0,
          "hit_after": 0.05157593123209169,
          "delta": 0.05157593123209169
        },
        "[1.5,2cm)": {
          "n": 97,
          "hit_before": 0.0,
          "hit_after": 0.0,
          "delta": 0.0
        },
        "[2cm,inf)": {
          "n": 281,
          "hit_before": 0.0,
          "hit_after": 0.0,
          "delta": 0.0
        }
      },
      "elapsed_sec": 1.8095152378082275,
      "best_val_hit": 0.64207923412323,
      "device": "cuda",
      "predictions_npz": true,
      "delta_vs_anchor": -0.012376237623762387,
      "delta_vs_z1": 0.0
    },
    "P1.L6": {
      "sub_exp": "P1.L6",
      "n_val": 2020,
      "fold": 0,
      "oof_soft_hit": 0.6405940594059406,
      "oof_raw_hit": 0.6400990099009901,
      "corrector_gain": 0.0004950495049504955,
      "per_band_hit_after": {
        "[0,0.5cm)": {
          "n": 692,
          "hit_before": 1.0,
          "hit_after": 1.0,
          "delta": 0.0
        },
        "[0.5,1cm)": {
          "n": 601,
          "hit_before": 1.0,
          "hit_after": 0.9584026622296173,
          "delta": -0.04159733777038266
        },
        "[1,1.5cm)": {
          "n": 349,
          "hit_before": 0.0,
          "hit_after": 0.07449856733524356,
          "delta": 0.07449856733524356
        },
        "[1.5,2cm)": {
          "n": 97,
          "hit_before": 0.0,
          "hit_after": 0.0,
          "delta": 0.0
        },
        "[2cm,inf)": {
          "n": 281,
          "hit_before": 0.0,
          "hit_after": 0.0,
          "delta": 0.0
        }
      },
      "elapsed_sec": 2.49332857131958,
      "best_val_hit": 0.6405940651893616,
      "device": "cuda",
      "predictions_npz": true,
      "delta_vs_anchor": -0.013861386138613874,
      "delta_vs_z1": -0.0014851485148514865
    },
    "P1.L7": {
      "sub_exp": "P1.L7",
      "n_val": 2020,
      "fold": 0,
      "oof_soft_hit": 0.6430693069306931,
      "oof_raw_hit": 0.6400990099009901,
      "corrector_gain": 0.002970297029702973,
      "per_band_hit_after": {
        "[0,0.5cm)": {
          "n": 692,
          "hit_before": 1.0,
          "hit_after": 1.0,
          "delta": 0.0
        },
        "[0.5,1cm)": {
          "n": 601,
          "hit_before": 1.0,
          "hit_after": 0.9584026622296173,