{
  "soft": {
    "temperature": 0.1,
    "metrics": {
      "hit": 0.6717821782178218,
      "hits": 1357,
      "mean": 0.011628358624875546,
      "q50": 0.006958139128983021,
      "q75": 0.012117136269807816,
      "q90": 0.02355167828500271,
      "q95": 0.0404689647257328,
      "q99": 0.0909615010023117
    }
  },
  "gate": {
    "temperature": 0.1,
    "margin_quantile": 1.01,
    "margin_threshold": Infinity,
    "argmax_rate": 0.0,
    "metrics": {
      "hit": 0.6717821782178218,
      "hits": 1357,
      "mean": 0.011628358624875546,
      "q50": 0.006958139128983021,
      "q75": 0.012117136269807816,
      "q90": 0.02355167828500271,
      "q95": 0.0404689647257328,
      "q99": 0.0909615010023117
    }
  },
  "argmax": {
    "hit": 0.6638613861386139,
    "hits": 1341,
    "mean": 0.011741233989596367,
    "q50": 0.006955873221158981,
    "q75": 0.012151926755905151,
    "q90": 0.023678341880440712,
    "q95": 0.04088008031249046,
    "q99": 0.09034464508295059
  },
  "candidate_oracle": {
    "hit": 0.7653465346534654,
    "hits": 1546,
    "mean": 0.00907998625189066,
    "q50": 0.004977211821824312,
    "q75": 0.009648122824728489,
    "q90": 0.018779054284095764,
    "q95": 0.03421337530016899,
    "q99": 0.07720085978507996
  },
  "test_files": [
    "/workspace/daycon-muflight/runs/baseline/G001_candidate-redefine/submission_boundary_tiny_soft.csv",
    "/workspace/daycon-muflight/runs/baseline/G001_candidate-redefine/submission_boundary_tiny_argmax.csv"
  ]
}