{
  "sub_exp": "P1.ID",
  "n_val": 2020,
  "fold": 0,
  "oof_soft_hit": 0.6450495049504951,
  "oof_raw_hit": 0.6400990099009901,
  "corrector_gain": 0.004950495049504955,
  "per_band_hit_after": {
    "[0,0.5cm)": {
      "n": 692,
      "hit_before": 1.0,
      "hit_after": 1.0,
      "delta": 0.0
    },
    "[0.5,1cm)": {
      "n": 601,
      "hit_before": 1.0,
      "hit_after": 0.940099833610649,
      "delta": -0.05990016638935103
    },
    "[1,1.5cm)": {
      "n": 349,
      "hit_before": 0.0,
      "hit_after": 0.1318051575931232,
      "delta": 0.1318051575931232
    },
    "[1.5,2cm)": {
      "n": 97,
      "hit_before": 0.0,
      "hit_after": 0.0,
      "delta": 0.0
    },
    "[2cm,inf)": {
      "n": 281,
      "hit_before": 0.0,
      "hit_after": 0.0,
      "delta": 0.0
    }
  },
  "elapsed_sec": 2.4236373901367188,
  "best_val_hit": 0.645049512386322,
  "device": "cuda",
  "dim_encoder": 64
}