{
  "sub_exp": "P1.ID",
  "n_val": 2020,
  "fold": 0,
  "oof_soft_hit": 0.6435643564356436,
  "oof_raw_hit": 0.6400990099009901,
  "corrector_gain": 0.0034653465346534684,
  "per_band_hit_after": {
    "[0,0.5cm)": {
      "n": 692,
      "hit_before": 1.0,
      "hit_after": 1.0,
      "delta": 0.0
    },
    "[0.5,1cm)": {
      "n": 601,
      "hit_before": 1.0,
      "hit_after": 0.9500831946755408,
      "delta": -0.04991680532445919
    },
    "[1,1.5cm)": {
      "n": 349,
      "hit_before": 0.0,
      "hit_after": 0.10601719197707736,
      "delta": 0.10601719197707736
    },
    "[1.5,2cm)": {
      "n": 97,
      "hit_before": 0.0,
      "hit_after": 0.0,
      "delta": 0.0
    },
    "[2cm,inf)": {
      "n": 281,
      "hit_before": 0.0,
      "hit_after": 0.0,
      "delta": 0.0
    }
  },
  "elapsed_sec": 1.9809739589691162,
  "best_val_hit": 0.6435643434524536,
  "device": "cpu",
  "dim_encoder": 64
}