{
  "sub_exp": "P1.M0",
  "n_val": 2020,
  "fold": 0,
  "oof_soft_hit": 0.6425742574257426,
  "oof_raw_hit": 0.6400990099009901,
  "corrector_gain": 0.0024752475247524774,
  "per_band_hit_after": {
    "[0,0.5cm)": {
      "n": 692,
      "hit_before": 1.0,
      "hit_after": 1.0,
      "delta": 0.0
    },
    "[0.5,1cm)": {
      "n": 601,
      "hit_before": 1.0,
      "hit_after": 0.9633943427620633,
      "delta": -0.03660565723793674
    },
    "[1,1.5cm)": {
      "n": 349,
      "hit_before": 0.0,
      "hit_after": 0.07736389684813753,
      "delta": 0.07736389684813753
    },
    "[1.5,2cm)": {
      "n": 97,
      "hit_before": 0.0,
      "hit_after": 0.0,
      "delta": 0.0
    },
    "[2cm,inf)": {
      "n": 281,
      "hit_before": 0.0,
      "hit_after": 0.0,
      "delta": 0.0
    }
  },
  "elapsed_sec": 2.3043482303619385,
  "best_val_hit": 0.6425742506980896,
  "device": "cuda",
  "n_params": 37891
}