{
  "gate": "G1",
  "fold": 0,
  "N_te": 2020,
  "hit_1cm": 0.6450495049504951,
  "hit_1p5cm": 0.8148514851485148,
  "max_class_ratio": 0.2707920792079208,
  "elapsed_s": 126.9090987695381,
  "final_score_std": 1.1748121976852417,
  "score_std_trajectory": [
    0.39121580123901367,
    0.11374667286872864,
    0.1654895693063736,
    0.33102092146873474,
    0.5468182563781738,
    1.585954189300537,
    0.8372536301612854,
    0.43737849593162537,
    0.571636438369751,
    0.7345346808433533,
    0.8460808396339417,
    0.7168598175048828,
    0.8117005228996277,
    0.8488048315048218,
    0.8403671979904175,
    0.7560848593711853,
    0.6358860731124878,
    0.5774688124656677,
    0.8202108144760132,
    0.6530147194862366,
    0.7201826572418213,
    0.8475098013877869,
    0.7106743454933167,
    0.7072790265083313,
    0.884560227394104,
    0.8314203023910522,
    0.7390708327293396,
    0.8072890043258667,
    0.8301026225090027,
    1.0799858570098877,
    0.8942076563835144,
    0.9998287558555603,
    0.9870942831039429,
    1.0226249694824219,
    1.0802466869354248,
    1.155690312385559,
    1.0345611572265625,
    0.9113137125968933,
    0.9926861524581909,
    1.1485588550567627,
    0.9822753071784973,
    1.1025488376617432,
    0.8552571535110474,
    1.087694764137268,
    1.0420281887054443,
    0.9140668511390686,
    1.4707286357879639,
    1.0577263832092285,
    1.2565127611160278,
    1.1748121976852417
  ],
  "loss_trajectory": [
    2.6841390132904053,
    2.6332473754882812,
    2.594775915145874,
    2.60483717918396,
    2.537104845046997,
    2.7674691677093506,
    2.506500482559204,
    2.572340726852417,
    2.4810991287231445,
    2.4983632564544678,
    2.5234315395355225,
    2.53513765335083,
    2.4120004177093506,
    2.399017810821533,
    2.444383144378662,
    1.7861354351043701,
    1.815603256225586,
    1.7988579273223877,
    1.7778716087341309,
    1.818291187286377,
    1.8457231521606445,
    1.7830569744110107,
    1.8350536823272705,
    1.7745624780654907,
    1.8125754594802856,
    1.8060429096221924,
    1.782545566558838,
    1.7763724327087402,
    1.8187637329101562,
    1.7523717880249023,
    1.7732698917388916,
    1.7302794456481934,
    1.7571284770965576,
    1.7598199844360352,
    1.7442235946655273,
    1.7369048595428467,
    1.7789435386657715,
    1.751579761505127,
    1.7948155403137207,
    1.7107973098754883,
    1.753580093383789,
    1.7408032417297363,
    1.7394132614135742,
    1.7674773931503296,
    1.778794527053833,
    1.8029710054397583,
    1.7568680047988892,
    1.8036072254180908,
    1.7271301746368408,
    1.762502908706665
  ],
  "PASS_threshold_hit_1cm": 0.633,
  "PASS": true
}