{
  "n": 10000,
  "hit_1cm_pooled": 0.632,
  "hit_1p5cm_pooled": 0.8058,
  "hit_1cm_per_fold": {
    "0": 0.6440594059405941,
    "1": 0.6292134831460674,
    "2": 0.6251952108276939,
    "3": 0.6331683168316832,
    "4": 0.6280120481927711
  },
  "hit_1cm_fold_mean": 0.631929692987762,
  "hit_1cm_fold_std": 0.006583967070891916
}