{
  "variants": {
    "full": {
      "argmax": 0.6595,
      "soft": 0.6599,
      "per_regime": {
        "0": {
          "n": 661,
          "argmax": 0.8880484114977307,
          "soft": 0.8880484114977307
        },
        "1": {
          "n": 629,
          "argmax": 0.9348171701112877,
          "soft": 0.9332273449920508
        },
        "2": {
          "n": 663,
          "argmax": 0.861236802413273,
          "soft": 0.861236802413273
        },
        "3": {
          "n": 458,
          "argmax": 0.8864628820960698,
          "soft": 0.888646288209607
        },
        "4": {
          "n": 615,
          "argmax": 0.6097560975609756,
          "soft": 0.616260162601626
        },
        "5": {
          "n": 274,
          "argmax": 0.7299270072992701,
          "soft": 0.7299270072992701
        },
        "6": {
          "n": 544,
          "argmax": 0.7922794117647058,
          "soft": 0.7959558823529411
        },
        "7": {
          "n": 701,
          "argmax": 0.7774607703281027,
          "soft": 0.7788873038516405
        },
        "8": {
          "n": 592,
          "argmax": 0.7432432432432432,
          "soft": 0.7415540540540541
        },
        "9": {
          "n": 562,
          "argmax": 0.7170818505338078,
          "soft": 0.7170818505338078
        },
        "10": {
          "n": 546,
          "argmax": 0.4157509157509158,
          "soft": 0.4230769230769231
        },
        "11": {
          "n": 355,
          "argmax": 0.4591549295774648,
          "soft": 0.4619718309859155
        },
        "12": {
          "n": 549,
          "argmax": 0.6083788706739527,
          "soft": 0.6138433515482696
        },
        "13": {
          "n": 916,
          "argmax": 0.5764192139737991,
          "soft": 0.5753275109170306
        },
        "14": {
          "n": 476,
          "argmax": 0.5273109243697479,
          "soft": 0.5189075630252101
        },
        "15": {
          "n": 749,
          "argmax": 0.4672897196261682,
          "soft": 0.465954606141522
        },
        "16": {
          "n": 354,
          "argmax": 0.24293785310734464,
          "soft": 0.2401129943502825
        },
        "17": {
          "n": 356,
          "argmax": 0.3089887640449438,
          "soft": 0.300561797752809
        }
      }
    },
    "A_no_regime": {
      "argmax": 0.6553,
      "soft": 0.657,
      "per_regime": {
        "0": {
          "n": 661,
          "argmax": 0.8880484114977307,
          "soft": 0.8895612708018155
        },
        "1": {
          "n": 629,
          "argmax": 0.9348171701112877,
          "soft": 0.9332273449920508
        },
        "2": {
          "n": 663,
          "argmax": 0.8597285067873304,
          "soft": 0.861236802413273
        },
        "3": {
          "n": 458,
          "argmax": 0.8864628820960698,
          "soft": 0.8864628820960698
        },
        "4": {
          "n": 615,
          "argmax": 0.6113821138211382,
          "soft": 0.6178861788617886
        },
        "5": {
          "n": 274,
          "argmax": 0.7372262773722628,
          "soft": 0.7299270072992701
        },
        "6": {
          "n": 544,
          "argmax": 0.7941176470588235,
          "soft": 0.7922794117647058
        },
        "7": {
          "n": 701,
          "argmax": 0.7689015691868759,
          "soft": 0.7746077032810271
        },
        "8": {
          "n": 592,
          "argmax": 0.7381756756756757,
          "soft": 0.7415540540540541
        },
        "9": {
          "n": 562,
          "argmax": 0.708185053380783,
          "soft": 0.708185053380783
        },
        "10": {
          "n": 546,
          "argmax": 0.4139194139194139,
          "soft": 0.4175824175824176
        },
        "11": {
          "n": 355,
          "argmax": 0.4535211267605634,
          "soft": 0.4619718309859155
        },
        "12": {
          "n": 549,
          "argmax": 0.6138433515482696,
          "soft": 0.6138433515482696
        },
        "13": {
          "n": 916,
          "argmax": 0.5709606986899564,
          "soft": 0.5698689956331878
        },
        "14": {
          "n": 476,
          "argmax": 0.5105042016806722,
          "soft": 0.5168067226890757
        },
        "15": {
          "n": 749,
          "argmax": 0.46328437917222964,
          "soft": 0.4539385847797063
        },
        "16": {
          "n": 354,
          "argmax": 0.2288135593220339,
          "soft": 0.22598870056497175
        },
        "17": {
          "n": 356,
          "argmax": 0.2808988764044944,
          "soft": 0.3089887640449438
        }
      }
    },
    "B_no_gru": {
      "argmax": 0.6566,
      "soft": 0.6547,
      "per_regime": {
        "0": {
          "n": 661,
          "argmax": 0.8835098335854765,
          "soft": 0.8835098335854765
        },
        "1": {
          "n": 629,
          "argmax": 0.9332273449920508,
          "soft": 0.9300476947535771
        },
        "2": {
          "n": 663,
          "argmax": 0.8582202111613876,
          "soft": 0.8582202111613876
        },
        "3": {
          "n": 458,
          "argmax": 0.8842794759825328,
          "soft": 0.8864628820960698
        },
        "4": {
          "n": 615,
          "argmax": 0.6065040650406504,
          "soft": 0.6016260162601627
        },
        "5": {
          "n": 274,
          "argmax": 0.7007299270072993,
          "soft": 0.708029197080292
        },
        "6": {
          "n": 544,
          "argmax": 0.7977941176470589,
          "soft": 0.7977941176470589
        },
        "7": {
          "n": 701,
          "argmax": 0.7817403708987162,
          "soft": 0.7817403708987162
        },
        "8": {
          "n": 592,
          "argmax": 0.7533783783783784,
          "soft": 0.7449324324324325
        },
        "9": {
          "n": 562,
          "argmax": 0.7224199288256228,
          "soft": 0.7188612099644128
        },
        "10": {
          "n": 546,
          "argmax": 0.4175824175824176,
          "soft": 0.41208791208791207
        },
        "11": {
          "n": 355,
          "argmax": 0.4169014084507042,
          "soft": 0.4253521126760563
        },
        "12": {
          "n": 549,
          "argmax": 0.6083788706739527,
          "soft": 0.6102003642987249
        },
        "13": {
          "n": 916,
          "argmax": 0.5786026200873362,
          "soft": 0.574235807860262
        },
        "14": {
          "n": 476,
          "argmax": 0.523109243697479,
          "soft": 0.5210084033613446
        },
        "15": {
          "n": 749,
          "argmax": 0.4672897196261682,
          "soft": 0.46461949265687585
        },
        "16": {
          "n": 354,
          "argmax": 0.23728813559322035,
          "soft": 0.22598870056497175
        },
        "17": {
          "n": 356,
          "argmax": 0.27808988764044945,
          "soft": 0.27808988764044945
        }
      }
    }
  },
  "marginal_contribution": {
    "gru": {
      "argmax": 0.0029000000000000137,
      "soft": 0.0052000000000000934
    },
    "regime": {
      "argmax": 0.0041999999999999815,
      "soft": 0.0029000000000000137
    }
  },
  "intervention_gru": {
    "rate": 0.7659,
    "n_changed": 7659,
    "helped_rate": 0.5650868259563911,
    "hurt_rate": 0.43491317404360885,
    "hit_alt_when_changed": 0.6491709100404752,
    "hit_full_when_changed": 0.6529573051312182,
    "delta_hit_when_changed": 0.0037863950907429667,
    "per_regime": {
      "0": {
        "n_regime": 661,
        "n_changed": 532,
        "rate": 0.8048411497730711,
        "helped_rate": 0.5695488721804511,
        "hurt_rate": 0.43045112781954886,
        "hit_alt_when_changed": 0.881578947368421,
        "hit_full_when_changed": 0.8872180451127819
      },
      "1": {
        "n_regime": 629,
        "n_changed": 514,
        "rate": 0.8171701112877583,
        "helped_rate": 0.5369649805447471,