{
  "cap_saturation": {
    "overall_rate": 0.035777777777777776,
    "per_candidate": [
      0.0311,
      0.022,
      0.0169,
      0.0105,
      0.0101,
      0.0141,
      0.0149,
      0.0136,
      0.0169,
      0.0127,
      0.023,
      0.0092,
      0.0291,
      0.0093,
      0.0144,
      0.0187,
      0.0163,
      0.0107,
      0.0118,
      0.0301,
      0.0102,
      0.1589,
      0.0221,
      0.0635,
      0.2732,
      0.053,
      0.0497
    ],
    "cap_value": 0.006,
    "saturation_threshold": 0.0057
  },
  "direction_breakdown": {
    "parallel_mean": 0.04505420848727226,
    "perp_mean": 0.02141268365085125,
    "binormal_mean": 0.0064409039914608,
    "parallel_std": 0.08721627295017242,
    "perp_std": 0.060190439224243164,
    "binormal_std": 0.0272347591817379
  },
  "error_hist": {
    "[0.000, 0.005)": 4594,
    "[0.005, 0.010)": 2594,
    "[0.010, 0.015)": 1290,
    "[0.015, 0.020)": 384,
    "[0.020, 0.030)": 419,
    "[0.030, 0.050)": 371,
    "[0.050, 0.100)": 297,
    "[0.100, inf)": 51
  },
  "per_band_effect": {
    "[0.000, 0.005)": {
      "n": 4594,
      "hit_before": 1.0,
      "hit_after": 1.0,
      "delta": 0.0
    },
    "[0.005, 0.010)": {
      "n": 2594,
      "hit_before": 1.0,
      "hit_after": 0.9217424826522744,
      "delta": -0.07825751734772557
    },
    "[0.010, 0.015)": {
      "n": 1290,
      "hit_before": 0.0,
      "hit_after": 0.09767441860465116,
      "delta": 0.09767441860465116
    },
    "[0.015, 0.020)": {
      "n": 384,
      "hit_before": 0.0,
      "hit_after": 0.0,
      "delta": 0.0
    },
    "[0.020, 0.030)": {
      "n": 419,
      "hit_before": 0.0,
      "hit_after": 0.0,
      "delta": 0.0
    },
    "[0.030, 0.050)": {
      "n": 371,
      "hit_before": 0.0,
      "hit_after": 0.0,
      "delta": 0.0
    },
    "[0.050, 0.100)": {
      "n": 297,
      "hit_before": 0.0,
      "hit_after": 0.0,
      "delta": 0.0
    },
    "[0.100, inf)": {
      "n": 51,
      "hit_before": 0.0,
      "hit_after": 0.0,
      "delta": 0.0
    }
  }
}