{
  "raw_oracle": 0.7188,
  "post_corr_oracle": 0.7111,
  "per_regime": {
    "0": {
      "n": 661,
      "raw": 0.9122541603630863,
      "post_corr": 0.9001512859304085
    },
    "1": {
      "n": 629,
      "raw": 0.9491255961844197,
      "post_corr": 0.9411764705882353
    },
    "2": {
      "n": 663,
      "raw": 0.8974358974358975,
      "post_corr": 0.8838612368024132
    },
    "3": {
      "n": 458,
      "raw": 0.9126637554585153,
      "post_corr": 0.9039301310043668
    },
    "4": {
      "n": 615,
      "raw": 0.6682926829268293,
      "post_corr": 0.6731707317073171
    },
    "5": {
      "n": 274,
      "raw": 0.781021897810219,
      "post_corr": 0.7737226277372263
    },
    "6": {
      "n": 544,
      "raw": 0.8492647058823529,
      "post_corr": 0.8327205882352942
    },
    "7": {
      "n": 701,
      "raw": 0.8202567760342369,
      "post_corr": 0.8145506419400856
    },
    "8": {
      "n": 592,
      "raw": 0.8209459459459459,
      "post_corr": 0.8006756756756757
    },
    "9": {
      "n": 562,
      "raw": 0.7758007117437722,
      "post_corr": 0.7544483985765125
    },
    "10": {
      "n": 546,
      "raw": 0.5256410256410257,
      "post_corr": 0.5256410256410257
    },
    "11": {
      "n": 355,
      "raw": 0.5746478873239437,
      "post_corr": 0.5661971830985916
    },
    "12": {
      "n": 549,
      "raw": 0.6612021857923497,
      "post_corr": 0.6429872495446266
    },
    "13": {
      "n": 916,
      "raw": 0.6146288209606987,
      "post_corr": 0.6222707423580786
    },
    "14": {
      "n": 476,
      "raw": 0.6029411764705882,
      "post_corr": 0.5819327731092437
    },
    "15": {
      "n": 749,
      "raw": 0.5527369826435247,
      "post_corr": 0.5460614152202937
    },
    "16": {
      "n": 354,
      "raw": 0.3333333333333333,
      "post_corr": 0.3446327683615819
    },
    "17": {
      "n": 356,
      "raw": 0.4353932584269663,
      "post_corr": 0.4410112359550562
    }
  },
  "per_family": {
    "base": {
      "n_cands": 1,
      "raw": 0.5787,
      "post_corr": 0.637
    },
    "acc": {
      "n_cands": 4,
      "raw": 0.6165,
      "post_corr": 0.6528
    },
    "frenet": {
      "n_cands": 1,
      "raw": 0.6296,
      "post_corr": 0.6506
    },
    "turn": {
      "n_cands": 13,
      "raw": 0.6825,
      "post_corr": 0.6843
    },
    "jerk": {
      "n_cands": 2,
      "raw": 0.6374,
      "post_corr": 0.6654
    },
    "latency": {
      "n_cands": 6,
      "raw": 0.6612,
      "post_corr": 0.6857
    }
  },
  "corrector_oracle_gain": -0.00770000000000004,
  "corrector_hurts_oracle": true
}