{
  "hit": {
    "argmax": 0.6595,
    "soft": 0.6599
  },
  "per_regime_hit": {
    "0": {
      "n": 661,
      "argmax": 0.8880484114977307,
      "soft": 0.8880484114977307
    },
    "1": {
      "n": 629,
      "argmax": 0.9348171701112877,
      "soft": 0.9332273449920508
    },
    "2": {
      "n": 663,
      "argmax": 0.861236802413273,
      "soft": 0.861236802413273
    },
    "3": {
      "n": 458,
      "argmax": 0.8864628820960698,
      "soft": 0.888646288209607
    },
    "4": {
      "n": 615,
      "argmax": 0.6097560975609756,
      "soft": 0.616260162601626
    },
    "5": {
      "n": 274,
      "argmax": 0.7299270072992701,
      "soft": 0.7299270072992701
    },
    "6": {
      "n": 544,
      "argmax": 0.7922794117647058,
      "soft": 0.7959558823529411
    },
    "7": {
      "n": 701,
      "argmax": 0.7774607703281027,
      "soft": 0.7788873038516405
    },
    "8": {
      "n": 592,
      "argmax": 0.7432432432432432,
      "soft": 0.7415540540540541
    },
    "9": {
      "n": 562,
      "argmax": 0.7170818505338078,
      "soft": 0.7170818505338078
    },
    "10": {
      "n": 546,
      "argmax": 0.4157509157509158,
      "soft": 0.4230769230769231
    },
    "11": {
      "n": 355,
      "argmax": 0.4591549295774648,
      "soft": 0.4619718309859155
    },
    "12": {
      "n": 549,
      "argmax": 0.6083788706739527,
      "soft": 0.6138433515482696
    },
    "13": {
      "n": 916,
      "argmax": 0.5764192139737991,
      "soft": 0.5753275109170306
    },
    "14": {
      "n": 476,
      "argmax": 0.5273109243697479,
      "soft": 0.5189075630252101
    },
    "15": {
      "n": 749,
      "argmax": 0.4672897196261682,
      "soft": 0.465954606141522
    },
    "16": {
      "n": 354,
      "argmax": 0.24293785310734464,
      "soft": 0.2401129943502825
    },
    "17": {
      "n": 356,
      "argmax": 0.3089887640449438,
      "soft": 0.300561797752809
    }
  },
  "top_k": {
    "1": 0.1262,
    "3": 0.2183,
    "5": 0.2815
  },
  "margin_hist": {
    "p10": 0.0010696263052523136,
    "p25": 0.003156021237373352,
    "p50": 0.007984235882759094,
    "p75": 0.02006705105304718,
    "p90": 0.05590522661805153,
    "mean": 0.04390769824385643,
    "std": 0.24502527713775635
  },
  "family_selection_rate": {
    "base": 0.0268,
    "acc": 0.0671,
    "frenet": 0.0238,
    "turn": 0.5466,
    "jerk": 0.0252,
    "latency": 0.3105
  }
}