{
  "X1": {
    "hit_1cm": 0.6316,
    "hit_1p5cm": 0.8039,
    "max_class_ratio": 0.1328,
    "head_in_dim": 196,
    "head_skip_mode": "none"
  },
  "X2": {
    "cell": "X2",
    "head_skip_mode": "no_anchor_spec",
    "head_in_dim": 352,
    "hit_1cm": 0.6289,
    "hit_1p5cm": 0.802,
    "max_class_ratio": 0.1344,
    "elapsed_total_s": 586.216601296328,
    "fold_logs": [
      {
        "fold": 0,
        "elapsed_s": 118.28673532325774,
        "grad_norm_trajectory": [
          0.02393779158592224,
          0.036730557680130005,
          0.04951676353812218,
          0.07200679928064346,
          0.05097202584147453,
          0.04290226101875305,
          0.05927911400794983,
          0.09828812628984451,
          0.07792732864618301,
          0.1295335441827774,
          0.06731557846069336,
          0.06828462332487106,
          0.04579132795333862,
          0.023806065320968628,
          0.054562896490097046,
          0.05676364153623581,
          0.05010700225830078,
          0.050957001745700836,
          0.00907457061111927,
          0.0484946109354496,
          0.0434851236641407,
          0.056805018335580826,
          0.048512011766433716,
          0.05044693127274513,
          0.04518929123878479,
          0.04506676644086838,
          0.054281435906887054,
          0.04541514068841934,
          0.06513314694166183,
          0.05692985653877258,
          0.03528143838047981,
          0.030194418504834175,
          0.05382632091641426,
          0.04977006837725639,
          0.06495141983032227,
          0.0489220954477787,
          0.04095973074436188,
          0.04401326924562454,
          0.055269330739974976,
          0.029569409787654877,
          0.05052387714385986,
          0.049390245229005814,
          0.05473604053258896,
          0.03878742456436157,
          0.05424850434064865,
          0.03384193778038025,
          0.04834694415330887,
          0.028675111010670662,
          0.032712195068597794,
          0.037537187337875366
        ],
        "N_te": 2020
      },
      {
        "fold": 1,
        "elapsed_s": 119.0602129548788,
        "grad_norm_trajectory": [
          0.02354750968515873,
          0.055769193917512894,
          0.10395872592926025,
          0.12848728895187378,
          0.14862121641635895,
          0.061452291905879974,
          0.09094386547803879,
          0.15408365428447723,
          0.03639889508485794,
          0.08174106478691101,
          0.1186642125248909,
          0.07216130197048187,
          0.06156310439109802,
          0.05992066487669945,
          0.10057708621025085,
          0.0396670363843441,
          0.06820589303970337,
          0.0784209668636322,
          0.08879821002483368,
          0.0716724544763565,
          0.04927082732319832,
          0.0445842444896698,
          0.06625372171401978,
          0.05356151983141899,
          0.07002922892570496,
          0.050671495497226715,
          0.04800867661833763,
          0.05292793735861778,
          0.05206817388534546,
          0.04181438684463501,
          0.04026374593377113,
          0.03902561590075493,
          0.03451397642493248,
          0.042811933904886246,
          0.025101033970713615,
          0.047890178859233856,
          0.049561891704797745,
          0.04326605051755905,
          0.04415925219655037,
          0.049956370145082474,
          0.04049481451511383,
          0.048449743539094925,
          0.03588965907692909,
          0.028553374111652374,
          0.05709720775485039,
          0.048513203859329224,
          0.02802884764969349,
          0.04365218058228493,
          0.04555608332157135,
          0.03669184073805809
        ],
        "N_te": 2047
      },
      {
        "fold": 2,
        "elapsed_s": 117.75472943577915,
        "grad_norm_trajectory": [
          0.034075718373060226,
          0.04815184697508812,
          0.05097608268260956,
          0.058430977165699005,
          0.14816369116306305,
          0.05608358234167099,
          0.07655906677246094,
          0.08804334700107574,
          0.043294716626405716,
          0.047651540488004684,
          0.04106695204973221,
          0.09638433158397675,
          0.042487818747758865,
          0.08332066237926483,
          0.06770887970924377,
          0.033785268664360046,
          0.07711837440729141,
          0.04915715381503105,
          0.08242854475975037,
          0.06930045783519745,
          0.042354706674814224,
          0.04014917463064194,
          0.026635171845555305,
          0.03554559871554375,
          0.04503871500492096,
          0.037919286638498306,
          0.06410164386034012,
          0.047519128769636154,
          0.04434224218130112,
          0.03477724641561508,
          0.0247208159416914,
          0.02919168397784233,
          0.03476081043481827,
          0.03426315635442734,
          0.030331112444400787,
          0.03396350517868996,
          0.03163720294833183,
          0.04756719246506691,
          0.047489989548921585,
          0.027768032625317574,
          0.035983696579933167,
          0.03640991821885109,
          0.022280629724264145,
          0.026900392025709152,
          0.02941153571009636,
          0.03641872853040695,
          0.03838799521327019,
          0.03555409982800484,
          0.03222167491912842,
          0.03781944885849953
        ],
        "N_te": 1921
      },
      {
        "fold": 3,
        "elapsed_s": 112.29163154866546,
        "grad_norm_trajectory": [
          0.027829060330986977,
          0.017611166462302208,
          0.04516183212399483,
          0.11443943530321121,
          0.09817170351743698,
          0.09489437192678452,
          0.07794632762670517,
          0.13061170279979706,
          0.09688638150691986,
          0.09047108143568039,
          0.023194575682282448,
          0.09729888290166855,
          0.11979001015424728,
          0.07455079257488251,
          0.08263958245515823,
          0.061243776232004166,
          0.10105821490287781,
          0.05862446501851082,
          0.07098273187875748,
          0.04088061675429344,
          0.06229035556316376,
          0.03976907581090927,
          0.05876573175191879,
          0.04207823425531387,
          0.04637640714645386,
          0.049683015793561935,
          0.05244952067732811,
          0.049715518951416016,
          0.06626574695110321,
          0.05136348307132721,
          0.04991167038679123,
          0.0418231301009655,
          0.04116269573569298,
          0.0456632599234581,
          0.05330513045191765,
          0.03212805092334747,
          0.039839014410972595,
          0.034016355872154236,
          0.041550979018211365,
          0.051819853484630585,
          0.057875171303749084,
          0.0550980381667614,
          0.041331566870212555,
          0.04991362243890762,
          0.07453747093677521,
          0.04634077847003937,
          0.037826016545295715,
          0.04885449260473251,
          0.051468878984451294,
          0.0344083309173584
        ],
        "N_te": 2020
      },
      {
        "fold": 4,
        "elapsed_s": 117.74546337127686,