{
  "cell": "PB_paradigm",
  "hit_1cm": 0.6309,
  "hit_1p5cm": 0.8146,
  "max_class_ratio": 0.2196,
  "elapsed_total_s": 564.3505646176636,
  "N_total": 10000,
  "K": 27,
  "fold_logs": [
    {
      "fold": 0,
      "elapsed_s": 106.54132400266826,
      "grad_traj": [
        0.013941432349383831,
        0.11841713637113571,
        0.06352762877941132,
        0.16333407163619995,
        0.07601634413003922,
        0.10779562592506409,
        0.05233403295278549,
        0.14653268456459045,
        0.13196787238121033,
        0.1607758104801178,
        0.08006472885608673,
        0.08493928611278534,
        0.1371660679578781,
        0.10220935195684433,
        0.1522938758134842,
        0.13360489904880524,
        0.0930195227265358,
        0.21875856816768646,
        0.15090496838092804,
        0.0800890177488327,
        0.08901551365852356,
        0.0831366553902626,
        0.09573356807231903,
        0.06729200482368469,
        0.08405397087335587,
        0.02474195323884487,
        0.08691336214542389,
        0.044972602277994156,
        0.07910534739494324,
        0.1049318015575409,
        0.08039591461420059,
        0.10933787375688553,
        0.06987607479095459,
        0.09883250296115875,
        0.12350161373615265,
        0.06679515540599823,
        0.05854041501879692,
        0.1045900210738182,
        0.11343875527381897,
        0.14920534193515778,
        0.06696880608797073,
        0.10616759955883026,
        0.06858459115028381,
        0.06946663558483124,
        0.0925864577293396,
        0.07483270764350891,
        0.07074765861034393,
        0.1294337958097458,
        0.06037566810846329,
        0.08341746032238007
      ],
      "N_te": 2020
    },
    {
      "fold": 1,
      "elapsed_s": 116.75895958207548,
      "grad_traj": [
        0.014946759678423405,
        0.15973205864429474,
        0.18841134011745453,
        0.3083389103412628,
        0.07123906165361404,
        0.20899969339370728,
        0.13618068397045135,
        0.15260253846645355,
        0.14501988887786865,
        0.1423887014389038,
        0.16799168288707733,
        0.2883472442626953,
        0.2291915863752365,
        0.183012455701828,
        0.3043118417263031,
        0.09736251085996628,
        0.2286696881055832,
        0.12415531277656555,
        0.16887743771076202,
        0.20413117110729218,
        0.14736764132976532,
        0.04667889326810837,
        0.06874013692140579,
        0.0811733677983284,
        0.12828496098518372,
        0.06781483441591263,
        0.15468652546405792,
        0.05475892126560211,
        0.06361435353755951,
        0.16799965500831604,
        0.09658824652433395,
        0.04184257239103317,
        0.058912891894578934,
        0.11938633024692535,
        0.08909721672534943,
        0.08347281813621521,
        0.1528674066066742,
        0.12664061784744263,
        0.10342250764369965,
        0.10448697209358215,
        0.07672890275716782,
        0.12305445969104767,
        0.11923525482416153,
        0.09657008945941925,
        0.0855417251586914,
        0.11788206547498703,
        0.1264360249042511,
        0.08096647262573242,
        0.058328885585069656,
        0.114739790558815
      ],
      "N_te": 2047
    },
    {
      "fold": 2,
      "elapsed_s": 114.15575258713216,
      "grad_traj": [
        0.01749597117304802,
        0.2060135453939438,
        0.3700527846813202,
        0.1339239478111267,
        0.1995699554681778,
        0.20845332741737366,
        0.16143660247325897,
        0.2475205808877945,
        0.20478540658950806,
        0.1323169320821762,
        0.31561630964279175,
        0.2336336225271225,
        0.2219623476266861,
        0.12055197358131409,
        0.23940075933933258,
        0.13189134001731873,
        0.22946907579898834,
        0.21875502169132233,
        0.2026825249195099,
        0.17626182734966278,
        0.11491736024618149,
        0.06299873441457748,
        0.08647937327623367,
        0.05181786045432091,
        0.07301336526870728,
        0.1721940040588379,
        0.06631595641374588,
        0.09570296108722687,
        0.14217066764831543,
        0.20190030336380005,
        0.08902532607316971,
        0.10736527293920517,
        0.1708894968032837,
        0.07312522083520889,
        0.11179274320602417,
        0.09967190772294998,
        0.11348701268434525,
        0.08192816376686096,
        0.13636185228824615,
        0.10439328849315643,
        0.08932895213365555,
        0.17493750154972076,
        0.14487747848033905,
        0.06293124705553055,
        0.2936665415763855,
        0.07202939689159393,
        0.1470857709646225,
        0.07870566099882126,
        0.12137090414762497,
        0.06166797876358032
      ],
      "N_te": 1921
    },
    {
      "fold": 3,
      "elapsed_s": 115.60976243577898,
      "grad_traj": [
        0.017854982987046242,
        0.05236168950796127,
        0.0795304924249649,
        0.14899085462093353,
        0.13735008239746094,
        0.10955262184143066,
        0.30070167779922485,
        0.18604989349842072,
        0.1907372772693634,
        0.1099335178732872,
        0.17912760376930237,
        0.17647679150104523,
        0.1174713522195816,
        0.1833207607269287,
        0.21051982045173645,
        0.11821508407592773,
        0.1503162831068039,
        0.0986621156334877,
        0.11620069295167923,
        0.07012460380792618,
        0.19574525952339172,
        0.09822431951761246,
        0.09641362726688385,
        0.3162897527217865,
        0.05843346565961838,
        0.08652466535568237,
        0.11898443847894669,
        0.10403627902269363,
        0.07378777861595154,
        0.043641623109579086,
        0.08012465387582779,
        0.09032082557678223,
        0.04650275781750679,
        0.06081699579954147,
        0.06373848021030426,
        0.12716738879680634,
        0.11460378021001816,
        0.09397680312395096,
        0.08013612031936646,
        0.09363175183534622,
        0.14071184396743774,
        0.07399649918079376,
        0.07775187492370605,
        0.09025995433330536,
        0.08903075754642487,
        0.09546592831611633,
        0.13462835550308228,
        0.10336016863584518,
        0.06746987998485565,
        0.09341128170490265
      ],
      "N_te": 2020
    },
    {
      "fold": 4,
      "elapsed_s": 110.55629904475063,
      "grad_traj": [
        0.016356216743588448,
        0.24521636962890625,
        0.21754643321037292,
        0.3417506814002991,
        0.09296025335788727,
        0.54371577501297,
        0.13725407421588898,
        0.09502289444208145,
        0.0823124572634697,
        0.12897473573684692,
        0.37867698073387146,
        0.1686868965625763,
        0.11542952060699463,
        0.13932332396507263,
        0.10286965221166611,
        0.08178820461034775,
        0.11807376146316528,
        0.06263256072998047,
        0.17971472442150116,
        0.13110551238059998,
        0.1553659290075302,
        0.13504615426063538,
        0.06386029720306396,
        0.16059806942939758,
        0.12398095428943634,
        0.045893266797065735,
        0.07297243922948837,
        0.12078357487916946,
        0.18796788156032562,
        0.10860583186149597,
        0.07443294674158096,
        0.1087847426533699,
        0.06933128833770752,
        0.08886916935443878,
        0.08374940603971481,
        0.035768091678619385,
        0.1273820698261261,
        0.056278519332408905,
        0.1904069185256958,
        0.04759333282709122,
        0.08869324624538422,
        0.25528666377067566,
        0.07793141156435013,
        0.07003296166658401,
        0.05337845906615257,
        0.0492318794131279,
        0.042538005858659744,
        0.08171386271715164,
        0.05984076112508774,
        0.05222155526280403
      ],
      "N_te": 1992
    }
  ],