{
  "cell": "X1",
  "hit_1cm": 0.6316,
  "hit_1p5cm": 0.8039,
  "max_class_ratio": 0.1328,
  "top1_acc": 0.1266,
  "verdict_G3": "regression",
  "g2_x1": {
    "finite": true,
    "max_class_ratio_under_0_95": true,
    "grad_ep5_over_1e-4": true,
    "grad_final_over_0": true,
    "pass": true
  },
  "warns": {
    "mode_collapse": false,
    "mode_collapse_attention": false
  },
  "elapsed_total_s": 565.2566285422072,
  "N_total": 10000,
  "K": 14,
  "hparams": {
    "epochs": 50,
    "warmup_ep": 5,
    "lr": 0.0007,
    "wd": 0.0001,
    "batch": 64,
    "hidden": 196,
    "cand_in_dim": 165,
    "anchor_embed_dim": 8,
    "anchor_embed_init_scale": 0.1,
    "gru_dropout": 0.1,
    "grad_clip": 1.0,
    "tau_cls": 0.001,
    "regime_count": 18,
    "seed": 20260522
  },
  "fold_logs": [
    {
      "fold": 0,
      "elapsed_s": 113.11688575800508,
      "grad_norm_trajectory": [
        0.03315406292676926,
        0.0417199432849884,
        0.0561242513358593,
        0.029361765831708908,
        0.058421313762664795,
        0.10343526303768158,
        0.054961737245321274,
        0.09932367503643036,
        0.0628601536154747,
        0.10633762925863266,
        0.07214859127998352,
        0.07647226750850677,
        0.048095010221004486,
        0.044029004871845245,
        0.05240132287144661,
        0.0474155955016613,
        0.07301031053066254,
        0.049441635608673096,
        0.07216501235961914,
        0.07466480880975723,
        0.053289834409952164,
        0.04632244259119034,
        0.05413731560111046,
        0.06635415554046631,
        0.05184471607208252,
        0.05099838972091675,
        0.07681728154420853,
        0.058238282799720764,
        0.06375570595264435,
        0.07037410885095596,
        0.047891706228256226,
        0.030701622366905212,
        0.029502766206860542,
        0.05988810583949089,
        0.0668639987707138,
        0.05976024642586708,
        0.03743768855929375,
        0.053843848407268524,
        0.05813944712281227,
        0.03716704621911049,
        0.053988825529813766,
        0.043308425694704056,
        0.060195185244083405,
        0.0400228276848793,
        0.044575516134500504,
        0.03565936163067818,
        0.04869083687663078,
        0.046399593353271484,
        0.03507721796631813,
        0.045055124908685684
      ],
      "N_te": 2020
    },
    {
      "fold": 1,
      "elapsed_s": 112.89705960080028,
      "grad_norm_trajectory": [
        0.03153048828244209,
        0.05876423418521881,
        0.11881408095359802,
        0.08828820288181305,
        0.12226453423500061,
        0.09378350526094437,
        0.08729613572359085,
        0.1450926512479782,
        0.08123959600925446,
        0.08257894217967987,
        0.087020643055439,
        0.07230386137962341,
        0.06507020443677902,
        0.059712234884500504,
        0.09353481978178024,
        0.03708479553461075,
        0.06041843071579933,
        0.073197141289711,
        0.08572623133659363,
        0.07817181944847107,
        0.06149652600288391,
        0.043559730052948,
        0.0468774177134037,
        0.05427802354097366,
        0.07028986513614655,
        0.049161721020936966,
        0.05166294798254967,
        0.03488802909851074,
        0.032793015241622925,
        0.04125664383172989,
        0.04147554561495781,
        0.03200330212712288,
        0.03746171295642853,
        0.04239948093891144,
        0.028678739443421364,
        0.04076480492949486,
        0.047937650233507156,
        0.04186103865504265,
        0.04375274479389191,
        0.032509975135326385,
        0.04173921421170235,
        0.04441889747977257,
        0.03228690102696419,
        0.0377144031226635,
        0.04554713889956474,
        0.048314087092876434,
        0.03455013781785965,
        0.04706583917140961,
        0.04242527484893799,
        0.023950763046741486
      ],
      "N_te": 2047
    },
    {
      "fold": 2,
      "elapsed_s": 113.97938280459493,
      "grad_norm_trajectory": [
        0.04623021185398102,
        0.05026278644800186,
        0.045039981603622437,
        0.05292702466249466,
        0.13427060842514038,
        0.0854109451174736,
        0.04887941852211952,
        0.10181442648172379,
        0.04898298531770706,
        0.058730609714984894,
        0.05124467611312866,
        0.10699263215065002,
        0.03674546629190445,
        0.07618319988250732,
        0.055039964616298676,
        0.03603751212358475,
        0.0787748470902443,
        0.05311903730034828,
        0.06582625955343246,
        0.047768156975507736,
        0.03996888920664787,
        0.037112247198820114,
        0.046211905777454376,
        0.04177454859018326,
        0.034526526927948,
        0.04512299224734306,
        0.05971953645348549,
        0.04601433128118515,
        0.042272645980119705,
        0.043407853692770004,
        0.028342751786112785,
        0.0425318107008934,
        0.042567286640405655,
        0.039293598383665085,
        0.037732262164354324,
        0.03237846866250038,
        0.040570784360170364,
        0.044972144067287445,
        0.05669968202710152,
        0.01935720257461071,
        0.030037306249141693,
        0.03791035711765289,
        0.017447786405682564,
        0.04628301411867142,
        0.040003832429647446,
        0.022892126813530922,
        0.03617488220334053,
        0.0494476817548275,
        0.026812128722667694,
        0.03750711679458618
      ],
      "N_te": 1921
    },
    {
      "fold": 3,
      "elapsed_s": 117.00257877074182,
      "grad_norm_trajectory": [
        0.036023739725351334,
        0.01720978505909443,
        0.04526764899492264,
        0.12738874554634094,
        0.13104960322380066,
        0.07189088314771652,
        0.07511473447084427,
        0.1054781824350357,
        0.11020015925168991,
        0.08947958797216415,
        0.07983732223510742,
        0.10867854952812195,
        0.11519410461187363,
        0.06967873126268387,
        0.07277143001556396,
        0.06931842118501663,
        0.09646108001470566,
        0.0647074356675148,
        0.059418294578790665,
        0.04808937385678291,
        0.06041422113776207,
        0.04488791525363922,
        0.049383170902729034,
        0.051259174942970276,
        0.044205427169799805,
        0.06473848968744278,
        0.049816813319921494,
        0.0617341473698616,
        0.06144868955016136,
        0.04771685227751732,
        0.05101586505770683,
        0.04156981781125069,
        0.05118342489004135,
        0.05665648356080055,
        0.05523741617798805,
        0.03580262511968613,
        0.03995787724852562,
        0.04600122943520546,
        0.043853968381881714,
        0.049343518912792206,
        0.05557440221309662,
        0.052428845316171646,
        0.04490622133016586,
        0.0526280552148819,
        0.057308346033096313,
        0.05747342109680176,
        0.046416908502578735,
        0.06658747792243958,
        0.04334328696131706,
        0.055205073207616806
      ],
      "N_te": 2020
    },
    {
      "fold": 4,
      "elapsed_s": 107.17570754606277,