{
  "sub_exp": "P1.M5",
  "n_val": 2020,
  "fold": 0,
  "oof_soft_hit": 0.6193069306930693,
  "oof_raw_hit": 0.6400990099009901,
  "corrector_gain": -0.02079207920792081,
  "per_band_hit_after": {
    "[0,0.5cm)": {
      "n": 692,
      "hit_before": 1.0,
      "hit_after": 0.9985549132947977,
      "delta": -0.0014450867052022698
    },
    "[0.5,1cm)": {
      "n": 601,
      "hit_before": 1.0,
      "hit_after": 0.8302828618968386,
      "delta": -0.16971713810316136
    },
    "[1,1.5cm)": {
      "n": 349,
      "hit_before": 0.0,
      "hit_after": 0.17478510028653296,
      "delta": 0.17478510028653296
    },
    "[1.5,2cm)": {
      "n": 97,
      "hit_before": 0.0,
      "hit_after": 0.0,
      "delta": 0.0
    },
    "[2cm,inf)": {
      "n": 281,
      "hit_before": 0.0,
      "hit_after": 0.0,
      "delta": 0.0
    }
  },
  "elapsed_sec": 3.9223921298980713,
  "best_val_hit": 0.6193069219589233,
  "device": "cuda",
  "n_params": 40198
}