{
  "exp_id": "NODE001_notebook-repro",
  "oof_hit_1cm": 0.633,
  "oof_hit_1p5cm": 0.8032,
  "f0_hit_1cm": 0.632,
  "delta_vs_f0": 0.001,
  "perm_p": 0.7923,
  "band": "PASS",
  "fold_final_hits": [
    0.6306930780410767,
    0.6297020316123962,
    0.6413326859474182,
    0.6282178163528442,
    0.6355421543121338
  ],
  "n": 10000,
  "epochs": 15,
  "seed": 42,
  "mean_err": 0.012559466995298862
}