{
  "N": 10000,
  "hit_1cm": 0.6373,
  "hit_1.5cm": 0.8089,
  "delta_1cm": 0.005299999999999971,
  "delta_1.5cm": 0.005599999999999938,
  "f0_hit_1cm": 0.632,
  "f0_hit_1.5cm": 0.8033,
  "max_class_ratio": 0.10205969959497452,
  "q_true_max": 0.0974474772810936,
  "dist_match_KL": 0.0030478767585009336,
  "top1_acc": 0.1273,
  "soft_CE": 2.567573475922631,
  "oracle_1cm": 0.7928,
  "argmax_hit": 0.5978,
  "gap_ranking": 0.19499999999999995,
  "elapsed_sec": 169.6435742378235
}