{
  "N": 10000,
  "hit_1cm": 0.6375,
  "hit_1.5cm": 0.8093,
  "delta_1cm": 0.005499999999999949,
  "delta_1.5cm": 0.006000000000000005,
  "f0_hit_1cm": 0.632,
  "f0_hit_1.5cm": 0.8033,
  "max_class_ratio": 0.10973315685987473,
  "q_true_max": 0.0974474772810936,
  "dist_match_KL": 0.004061500076204538,
  "top1_acc": 0.1355,
  "soft_CE": 2.5616625912514657,
  "oracle_1cm": 0.7928,
  "argmax_hit": 0.6009,
  "gap_ranking": 0.19189999999999996,
  "elapsed_sec": 78.5113217830658
}