{
  "N": 10000,
  "hit_1cm": 0.637,
  "hit_1.5cm": 0.8092,
  "delta_1cm": 0.0050000000000000044,
  "delta_1.5cm": 0.005900000000000016,
  "f0_hit_1cm": 0.632,
  "f0_hit_1.5cm": 0.8033,
  "max_class_ratio": 0.104674331843853,
  "q_true_max": 0.0974474772810936,
  "dist_match_KL": 0.0031458912417292595,
  "top1_acc": 0.1227,
  "soft_CE": 2.56632068029546,
  "oracle_1cm": 0.7928,
  "argmax_hit": 0.5994,
  "gap_ranking": 0.1933999999999999,
  "elapsed_sec": 167.19191241264343
}