{
  "N": 10000,
  "hit_1cm": 0.6372,
  "hit_1.5cm": 0.8094,
  "delta_1cm": 0.005199999999999982,
  "delta_1.5cm": 0.006099999999999994,
  "f0_hit_1cm": 0.632,
  "f0_hit_1.5cm": 0.8033,
  "max_class_ratio": 0.10431233793497086,
  "q_true_max": 0.0974474772810936,
  "dist_match_KL": 0.0007827811641618609,
  "top1_acc": 0.1389,
  "soft_CE": 2.5580835215815867,
  "oracle_1cm": 0.7928,
  "argmax_hit": 0.6024,
  "gap_ranking": 0.1903999999999999,
  "elapsed_sec": 172.66768956184387
}