{
  "N": 10000,
  "hit_1cm": 0.6363,
  "hit_1.5cm": 0.8079,
  "delta_1cm": 0.0042999999999999705,
  "delta_1.5cm": 0.0045999999999999375,
  "f0_hit_1cm": 0.632,
  "f0_hit_1.5cm": 0.8033,
  "max_class_ratio": 0.1021311804652214,
  "q_true_max": 0.0974474772810936,
  "dist_match_KL": 0.003095494117587805,
  "top1_acc": 0.105,
  "soft_CE": 2.577193449226243,
  "oracle_1cm": 0.7928,
  "argmax_hit": 0.5695,
  "gap_ranking": 0.22329999999999994,
  "elapsed_sec": 51.767249584198
}