{
  "A6_bcc14": {
    "tau_0.001": {
      "K": 14,
      "tau_cls": 0.001,
      "hit_1cm": 0.6528,
      "hit_1.5cm": 0.8102,
      "delta_1cm": 0.02080000000000004,
      "delta_1.5cm": 0.006900000000000017,
      "max_class_ratio": 0.10462623089551926,
      "fold_var_1cm": 0.004402310210401352,
      "fold_var_1.5cm": 0.006880885699632662,
      "pass_both": true,
      "q_true_max": 0.0974474772810936,
      "dist_match_KL": 0.0021562746912528533,
      "top1_acc": 0.1707,
      "soft_CE": 2.534640838947435,
      "natural_max_idx": 1,
      "pred_max_idx": 1,
      "natural_max_is_center": false,
      "pred_max_is_center": false,
      "elapsed_sec": 236.30759739875793
    },
    "tau_0.003": {
      "K": 14,
      "tau_cls": 0.003,
      "hit_1cm": 0.6449,
      "hit_1.5cm": 0.8091,
      "delta_1cm": 0.012900000000000023,
      "delta_1.5cm": 0.005800000000000027,
      "max_class_ratio": 0.08537544310092926,
      "fold_var_1cm": 0.004302515189301125,
      "fold_var_1.5cm": 0.007926630746867837,
      "pass_both": true,
      "q_true_max": 0.08290644735097885,
      "dist_match_KL": 0.00014329062231232322,
      "top1_acc": 0.1642,
      "soft_CE": 2.605603806426267,
      "natural_max_idx": 1,
      "pred_max_idx": 1,
      "natural_max_is_center": false,
      "pred_max_is_center": false,
      "elapsed_sec": 229.57144141197205
    },
    "tau_0.005": {
      "K": 14,
      "tau_cls": 0.005,
      "hit_1cm": 0.6404,
      "hit_1.5cm": 0.8069,
      "delta_1cm": 0.008399999999999963,
      "delta_1.5cm": 0.0035999999999999366,
      "max_class_ratio": 0.07967377454042435,
      "fold_var_1cm": 0.004496067796705648,
      "fold_var_1.5cm": 0.008248783114075016,
      "pass_both": false,
      "q_true_max": 0.07869638502597809,
      "dist_match_KL": 2.6218673371897303e-05,
      "top1_acc": 0.16,
      "soft_CE": 2.6256243275293696,
      "natural_max_idx": 1,
      "pred_max_idx": 1,
      "natural_max_is_center": false,
      "pred_max_is_center": false,
      "elapsed_sec": 227.2697582244873
    }
  },
  "A8_bcc15": {
    "tau_0.001": {
      "K": 15,
      "tau_cls": 0.001,
      "hit_1cm": 0.6524,
      "hit_1.5cm": 0.8112,
      "delta_1cm": 0.020399999999999974,
      "delta_1.5cm": 0.007900000000000018,
      "max_class_ratio": 0.13464051485061646,
      "fold_var_1cm": 0.006206504481944031,
      "fold_var_1.5cm": 0.007722060745655093,
      "pass_both": true,
      "q_true_max": 0.11104549467563629,
      "dist_match_KL": 0.005128521374606284,
      "top1_acc": 0.2415,
      "soft_CE": 2.5293837216270987,
      "natural_max_idx": 0,
      "pred_max_idx": 0,
      "natural_max_is_center": true,
      "pred_max_is_center": true,
      "elapsed_sec": 260.2393946647644
    },
    "tau_0.003": {
      "K": 15,
      "tau_cls": 0.003,
      "hit_1cm": 0.6439,
      "hit_1.5cm": 0.8084,
      "delta_1cm": 0.011900000000000022,
      "delta_1.5cm": 0.005099999999999993,
      "max_class_ratio": 0.09537613391876221,
      "fold_var_1cm": 0.004065793581601036,
      "fold_var_1.5cm": 0.008442805417282161,
      "pass_both": true,
      "q_true_max": 0.08493630588054657,
      "dist_match_KL": 0.0008143824297537619,
      "top1_acc": 0.2348,
      "soft_CE": 2.669208476959777,
      "natural_max_idx": 0,
      "pred_max_idx": 0,
      "natural_max_is_center": true,
      "pred_max_is_center": true,
      "elapsed_sec": 253.2501392364502
    },
    "tau_0.005": {
      "K": 15,
      "tau_cls": 0.005,
      "hit_1cm": 0.6391,
      "hit_1.5cm": 0.8071,
      "delta_1cm": 0.007099999999999995,
      "delta_1.5cm": 0.0038000000000000256,
      "max_class_ratio": 0.08438298106193542,
      "fold_var_1cm": 0.0042709781851839514,
      "fold_var_1.5cm": 0.008464075717285217,
      "pass_both": false,
      "q_true_max": 0.08031433820724487,
      "dist_match_KL": 0.00013251151463677005,
      "top1_acc": 0.235,
      "soft_CE": 2.692834448145295,
      "natural_max_idx": 0,
      "pred_max_idx": 0,
      "natural_max_is_center": true,
      "pred_max_is_center": true,
      "elapsed_sec": 249.38956475257874
    }
  }
}