{
  "sub_exp": "P1.IB",
  "n_val": 2020,
  "fold": 0,
  "oof_soft_hit": 0.6435643564356436,
  "oof_raw_hit": 0.6400990099009901,
  "corrector_gain": 0.0034653465346534684,
  "per_band_hit_after": {
    "[0,0.5cm)": {
      "n": 692,
      "hit_before": 1.0,
      "hit_after": 1.0,
      "delta": 0.0
    },
    "[0.5,1cm)": {
      "n": 601,
      "hit_before": 1.0,
      "hit_after": 0.9584026622296173,
      "delta": -0.04159733777038266
    },
    "[1,1.5cm)": {
      "n": 349,
      "hit_before": 0.0,
      "hit_after": 0.09169054441260745,
      "delta": 0.09169054441260745
    },
    "[1.5,2cm)": {
      "n": 97,
      "hit_before": 0.0,
      "hit_after": 0.0,
      "delta": 0.0
    },
    "[2cm,inf)": {
      "n": 281,
      "hit_before": 0.0,
      "hit_after": 0.0,
      "delta": 0.0
    }
  },
  "elapsed_sec": 2.3112375736236572,
  "best_val_hit": 0.6435644030570984,
  "device": "cuda",
  "dim_encoder": 20
}