{
  "exp_id": "H031_phase1-baseline-plan004-inIC",
  "config": {
    "use_in_ic": true,
    "use_step4": "off",
    "use_25_cand": false,
    "epochs": 30,
    "patience": 5,
    "batch_size": 512,
    "lr": 0.0003,
    "seed": 42,
    "device": "cuda:0"
  },
  "folds_run": [
    0,
    1,
    2,
    3,
    4
  ],
  "fold_hits": {
    "0": 0.6544554455445545,
    "1": 0.6316560820713238,
    "2": 0.6392503904216554,
    "3": 0.6386138613861386,
    "4": 0.6265060240963856
  },
  "oof_hit_concat": 0.6381,
  "g1_pass": false,
  "g1_threshold": 0.65,
  "in_ic_drift_flags": {
    "0": false,
    "1": false,
    "2": false,
    "3": false,
    "4": false
  },
  "frozen_gru_drift_severe": false,
  "elapsed_sec": 6.0882790088653564,
  "smoke_fold": null
}