{
  "sub_exp": "P1.M6",
  "n_val": 2020,
  "fold": 0,
  "oof_soft_hit": 0.6346534653465347,
  "oof_raw_hit": 0.6400990099009901,
  "corrector_gain": -0.00544554455445545,
  "per_band_hit_after": {
    "[0,0.5cm)": {
      "n": 692,
      "hit_before": 1.0,
      "hit_after": 1.0,
      "delta": 0.0
    },
    "[0.5,1cm)": {
      "n": 601,
      "hit_before": 1.0,
      "hit_after": 0.9217970049916805,
      "delta": -0.07820299500831951
    },
    "[1,1.5cm)": {
      "n": 349,
      "hit_before": 0.0,
      "hit_after": 0.10315186246418338,
      "delta": 0.10315186246418338
    },
    "[1.5,2cm)": {
      "n": 97,
      "hit_before": 0.0,
      "hit_after": 0.0,
      "delta": 0.0
    },
    "[2cm,inf)": {
      "n": 281,
      "hit_before": 0.0,
      "hit_after": 0.0,
      "delta": 0.0
    }
  },
  "elapsed_sec": 0.8599474430084229,
  "best_val_hit": 0.6346535086631775,
  "device": "cuda",
  "n_params": 305731
}