{
  "exp_id": "M001_mode-distribution",
  "n_samples": 10000,
  "mode_counts": {
    "CV": 631,
    "CA": 8683,
    "CT": 686
  },
  "mode_fractions": {
    "CV": 0.0631,
    "CA": 0.8683,
    "CT": 0.0686
  },
  "verdict": "strong_collapse",
  "implications_for_imm": "IMM 무가치 — single KF (top mode) 충분.",
  "delta_bic_stats": {
    "p5": 1.2504541078849003,
    "p25": 6.786860431239532,
    "p50": 18.748747460926722,
    "p75": 44.37384730720483,
    "p95": 86.53759781506142,
    "mean": 29.12794893481183,
    "frac_gt_10": 0.6571,
    "frac_gt_2": 0.9209
  },
  "posterior_entropy_stats_nats": {
    "p5": 8.045007466443811e-18,
    "p25": 5.652956033135839e-09,
    "p50": 0.0009350674996390698,
    "p75": 0.14691981525916845,
    "p95": 0.6575541524757277,
    "mean": 0.1254879210264799
  },
  "rss_quantiles_per_mode": {
    "CV": {
      "p5": 4.8163336448182167e-05,
      "p25": 0.0002900125093272676,
      "p50": 0.000966766464786365,
      "p75": 0.0032133349725068246,
      "p95": 0.013851757160602694
    },
    "CA": {
      "p5": 9.782846705314557e-06,
      "p25": 5.8968355734267485e-05,
      "p50": 0.00018516481344009429,
      "p75": 0.0006097098051347303,
      "p95": 0.0035102832801199198
    },
    "CT": {
      "p5": 3.5527937605148354e-05,
      "p25": 0.00021146817716561963,
      "p50": 0.0006611026482487479,
      "p75": 0.002122265673840689,
      "p95": 0.012275806537399233
    }
  },
  "fallback_counts": {
    "stationary": 0,
    "degen_plane": 3,
    "non_monotone_angle": 0
  },
  "k_params": {
    "CV": 6,
    "CA": 9,
    "CT": 8
  },
  "n_residuals_per_sample": 33,
  "elapsed_seconds": 6.4637322425842285,
  "fit_elapsed_seconds": 5.759190797805786
}