id,x,y,z
TEST_00001,3.9891145,-1.0530485,0.04528964
TEST_00002,1.9311538,0.6161991,0.79753095
TEST_00003,0.80695206,-0.19064444,0.1471123
TEST_00004,3.5284686,-1.645635,-0.9427707
TEST_00005,2.3026147,0.015093375,-0.040781036
TEST_00006,4.997781,-0.7894549,0.49763095
TEST_00007,2.8993614,1.0021178,0.8350131
TEST_00008,1.4689201,-0.4328435,0.413498
TEST_00009,1.4513614,0.4844492,0.15131594
TEST_00010,2.2582576,-0.40956837,0.17070374
TEST_00011,2.3303254,-0.46270353,0.020729428
TEST_00012,4.021462,1.5019742,0.897179
TEST_00013,2.5505326,0.58178633,-0.3124794
TEST_00014,2.1575265,1.4915558,-0.21143775
TEST_00015,3.0019379,-0.68665,0.8678646
TEST_00016,3.2855546,0.50428236,-0.5361698
TEST_00017,4.005638,0.86255664,1.1588871
TEST_00018,3.0724804,0.2629146,-0.48645714
TEST_00019,1.4129518,0.08603361,0.2898747
TEST_00020,1.8786011,0.06485923,0.029789826
TEST_00021,3.5093305,-0.3698364,-0.14243093
TEST_00022,1.4018804,0.2966428,-0.27699536
TEST_00023,2.1418006,0.3994976,0.67933846
TEST_00024,3.761296,-0.5850001,0.8176828
TEST_00025,4.926978,1.6171508,1.2151031
TEST_00026,1.790102,-0.59564894,-0.50964344
TEST_00027,3.449791,0.18437701,-0.33188322
TEST_00028,3.426445,0.48363972,-0.06349065
TEST_00029,2.1765828,-1.1424412,1.3389374
TEST_00030,3.536902,-0.18912362,1.2245661
TEST_00031,1.3536857,-0.90666556,-0.10008892
TEST_00032,2.497539,-0.8099584,-0.020525724
TEST_00033,2.1631098,-0.5916382,0.47407392
TEST_00034,1.9920654,-0.15041423,0.3969869
TEST_00035,2.0440269,-0.13128358,-0.23289546
TEST_00036,3.5251896,-1.4051329,-0.54762703
TEST_00037,2.8372304,-1.5749947,0.18787983
TEST_00038,0.964599,0.3985229,-0.32393903
TEST_00039,5.1558394,0.7728251,-1.1266978
TEST_00040,2.3699508,0.31955057,-0.26166794
TEST_00041,3.2231424,-0.4128085,0.69333637
TEST_00042,3.3480043,-1.5051821,-0.5083367
TEST_00043,4.088798,1.675465,0.89978373
TEST_00044,2.4154754,-0.7556869,-0.22433217
TEST_00045,1.5664698,0.41244075,-0.122721806
TEST_00046,4.447001,-0.16499183,0.6006578
TEST_00047,1.4837312,-0.26215452,-0.23006111
TEST_00048,4.1500983,-0.9416704,0.49094418
TEST_00049,2.2218657,0.29605827,0.29493025
TEST_00050,1.0758828,0.5440883,-0.24206254
TEST_00051,3.222795,-0.35731465,-1.0497941
TEST_00052,4.389284,0.57378757,1.503348
TEST_00053,2.7878835,0.06411249,0.16218862
TEST_00054,2.5467448,0.21943215,0.997504
TEST_00055,1.5486764,0.08585921,0.36040193
TEST_00056,3.3773196,-0.7689132,-1.110989
TEST_00057,1.3435979,0.2180674,-0.17861061
TEST_00058,3.5348303,-0.61207294,-0.27060044
TEST_00059,3.1893299,-0.44997537,-0.13862672
TEST_00060,2.020092,-0.93490654,-0.6416225
TEST_00061,1.9276791,0.0143257165,0.34171635
TEST_00062,2.179797,0.044726975,0.78895295
TEST_00063,2.7110825,-0.012997608,-0.74212706
TEST_00064,1.8530242,-0.23921105,0.5415186
TEST_00065,2.8619058,-1.3789994,-0.7444222
TEST_00066,2.3022516,0.52484345,-0.3310111
TEST_00067,3.6512825,0.132041,0.18882033
TEST_00068,3.1240268,-0.21438932,0.033955626
TEST_00069,3.0602417,-0.41717452,-0.27331927
TEST_00070,1.3575702,0.52021277,0.5230308
TEST_00071,2.689303,-0.78865296,0.6599897
TEST_00072,2.2561305,1.0333797,0.77637976
TEST_00073,3.1230626,-1.1803575,0.91831213
TEST_00074,1.34578,0.53868496,0.22252674
TEST_00075,0.92758954,0.33230293,-0.26280347
TEST_00076,3.9668262,0.19489026,1.0441734
TEST_00077,3.3519244,-1.3264337,-1.087323
TEST_00078,1.2710563,-0.47177705,0.19233404
TEST_00079,4.7405896,-1.3910681,1.3100802
TEST_00080,1.4366264,0.48688635,0.41267747
TEST_00081,3.625409,-1.1678787,1.2459786
TEST_00082,2.215139,0.20749904,0.39947262
TEST_00083,2.9918973,0.6505333,0.5674713
TEST_00084,2.6019368,0.30265462,-0.18863969
TEST_00085,1.9791614,-0.4309364,0.027112067
TEST_00086,2.1107664,1.2891266,0.20444284
TEST_00087,3.9225447,-0.8785328,0.60929173
TEST_00088,5.23777,-2.1856465,1.3143789
TEST_00089,3.3175607,-0.0053980197,0.14821865
TEST_00090,3.023939,0.62205774,0.4728883
TEST_00091,1.2369257,-0.32088885,0.21042292
TEST_00092,2.0040915,-0.46628568,-0.52606934
TEST_00093,2.4459734,0.49624404,-0.36748976
TEST_00094,1.7725468,0.5807914,0.27206138
TEST_00095,3.8384542,-0.21608075,-0.866088
TEST_00096,2.0944452,0.8214867,-0.43076503
TEST_00097,2.8171809,-0.08864232,0.2396682
TEST_00098,4.807494,-1.0763052,-0.12106319
TEST_00099,3.662644,0.8204989,0.72807217
TEST_00100,1.0391779,0.2949715,0.36970183
TEST_00101,1.5983827,-0.3456839,-0.103632994
TEST_00102,1.8420053,0.4978401,0.41954556
TEST_00103,3.7225683,0.08178296,0.78972757
TEST_00104,2.0060928,0.07543392,-0.26607427
TEST_00105,1.2644361,0.5198901,0.39048183
TEST_00106,3.1642685,-0.08380613,-1.1025532
TEST_00107,4.17133,-0.38494155,1.0754339
TEST_00108,3.000181,-1.062275,-0.4943557
TEST_00109,1.0210553,-0.17119437,-0.12103777
TEST_00110,2.5443301,-1.653959,0.42675963
TEST_00111,2.9959524,-0.429488,-0.64383525
TEST_00112,3.5268312,0.48371163,-0.5824401
TEST_00113,3.058602,-0.15431635,0.4833535
TEST_00114,2.83589,-0.4427351,1.1883817
TEST_00115,1.2132541,-0.1811985,0.38756317
TEST_00116,3.692632,-0.8497149,-0.7137345
TEST_00117,3.1326292,0.45851776,0.7444178
TEST_00118,1.6768591,0.61403936,0.49585435
TEST_00119,4.85208,-0.0270193,-0.3595166
TEST_00120,2.7247114,-0.99912494,0.49910632
TEST_00121,4.852668,-1.0334609,1.3186857
TEST_00122,4.2683663,0.51343566,0.5598165
TEST_00123,1.7106113,0.92529476,-0.10408982
TEST_00124,1.7411691,0.19557892,-0.1892303
TEST_00125,2.1253273,-0.7793955,0.74013275
TEST_00126,1.5298654,-0.35309935,-0.3095681
TEST_00127,1.9073597,0.32857198,0.13564944
TEST_00128,3.3343625,1.9563853,0.523457
TEST_00129,3.547484,0.4493748,0.467864
TEST_00130,2.7130868,-0.11936904,-0.013078943
TEST_00131,1.587009,0.10993271,0.2964904
TEST_00132,4.5117598,0.5947157,0.6054944
TEST_00133,2.3363554,0.630438,0.49313053
TEST_00134,1.4214514,0.78881425,0.41072604
TEST_00135,2.0442076,0.92624456,0.34436527
TEST_00136,3.3617122,-0.12011716,-1.0055126
TEST_00137,1.8357643,0.850611,-0.7205323
TEST_00138,3.163646,0.55798906,-0.80982625
TEST_00139,1.7891134,-0.7764107,-0.5042165
TEST_00140,0.8922472,0.51305175,0.28556433
TEST_00141,1.9362587,-0.5708654,0.1331024
TEST_00142,1.1605839,-0.051185127,0.22683187
TEST_00143,4.2002892,0.1622706,0.95307827
TEST_00144,2.1363664,-0.19253537,-0.0802555
TEST_00145,5.1745887,0.010217932,-0.55011886
TEST_00146,3.0701737,-0.22025189,-1.2823129
TEST_00147,2.198731,-0.08635872,0.7339405
TEST_00148,2.7988281,1.0007951,-0.5799028
TEST_00149,3.3613925,1.1906052,0.54252
TEST_00150,4.7350636,1.0736892,0.8035332
TEST_00151,2.3022432,0.10621255,-0.14242984
TEST_00152,2.4560804,0.8140995,0.42079622
TEST_00153,3.7432458,-0.37629858,-0.5760601
TEST_00154,2.9446027,0.23011181,-0.20701173
TEST_00155,1.9809788,0.18068309,-0.58871245
TEST_00156,1.9519484,-0.47338676,0.3981004
TEST_00157,2.39181,-0.56122386,0.61592907
TEST_00158,2.6697009,-1.4300653,1.0762182
TEST_00159,3.8424766,-1.2370955,2.1106603
TEST_00160,1.5133152,-0.019972859,-0.07928567
TEST_00161,1.1291347,0.59875286,0.026852196
TEST_00162,1.3215642,0.93384796,-0.07951192
TEST_00163,3.7160912,0.1969581,0.054330073
TEST_00164,2.5094635,0.07788307,1.0382972
TEST_00165,1.9012284,0.4571186,0.5039184
TEST_00166,2.93805,-0.5658098,-0.17684239
TEST_00167,3.7803528,-0.0568078,0.26630324
TEST_00168,5.490772,0.30927536,0.099574454
TEST_00169,2.6298468,-0.46622658,-0.18127431
TEST_00170,0.90263164,0.39981085,0.27825308
TEST_00171,3.4572158,-0.14010839,-0.043887757
TEST_00172,4.9779377,0.78276736,-0.8764118
TEST_00173,1.2952601,0.17689991,-0.077621825
TEST_00174,3.1300638,1.9351559,-0.18220398
TEST_00175,3.3979182,0.57642883,0.5180325
TEST_00176,0.9813992,-0.60953164,-0.17535333
TEST_00177,1.5499268,0.7662008,-0.21463752
TEST_00178,5.2371645,0.5662449,-0.1309605
TEST_00179,3.8253636,1.4289433,0.12568833
TEST_00180,3.1381824,0.39113316,0.26754653
TEST_00181,2.8870692,0.16451308,0.021117326
TEST_00182,1.4796433,-0.42232075,-0.32300276
TEST_00183,2.0707068,-0.18543783,0.36611363
TEST_00184,3.087632,-0.095897086,-0.2559225
TEST_00185,3.0257618,0.8414444,-0.43866017
TEST_00186,2.4543147,-0.10563641,-0.38494414
TEST_00187,3.61291,-0.6543142,0.33850986
TEST_00188,2.5186489,-0.35375175,-0.0076251766
TEST_00189,1.4291999,0.7392531,0.3016363
TEST_00190,3.011196,-1.8796996,1.1516136
TEST_00191,2.7830725,0.42091545,0.35020334
TEST_00192,2.3567238,-0.6931054,1.1016908
TEST_00193,2.9052896,-1.116969,1.1006455
TEST_00194,1.375403,0.17037883,0.09398585
TEST_00195,2.2171772,0.6487566,0.5334675
TEST_00196,3.315277,-0.27733842,0.52810955
TEST_00197,1.9908365,-0.03367665,0.08759798
TEST_00198,3.7214236,-0.19767451,0.73587
TEST_00199,3.2941642,-0.5772153,-1.107372
TEST_00200,4.748452,0.2838252,-0.19586258
TEST_00201,1.8169278,1.0941664,-0.19647469
TEST_00202,1.7742792,0.4177483,-0.4795641
TEST_00203,3.1071153,-0.40743643,0.07176644
TEST_00204,3.214183,0.98035586,-0.009524533
TEST_00205,1.2874709,0.48434383,0.24177708
TEST_00206,4.15321,0.414204,0.5444499
TEST_00207,3.8160172,0.7546662,-0.15162712
TEST_00208,4.5838575,-0.34282604,0.8310564
TEST_00209,2.238086,0.6674442,0.170122
TEST_00210,2.4709563,-0.17107432,0.20859602
TEST_00211,4.0855165,0.26837933,0.17852807
TEST_00212,4.072526,1.0388563,0.039010655
TEST_00213,2.264654,0.69573283,-0.25990906
TEST_00214,3.0720744,0.07354195,0.4126829
TEST_00215,2.8169818,0.2908467,0.27772197
TEST_00216,2.7985878,-0.51973194,1.5596979
TEST_00217,1.5041356,0.17068933,0.72627074
TEST_00218,5.2907314,0.22305702,-1.2229806
TEST_00219,1.368718,-0.2922122,-0.2237508
TEST_00220,3.222703,-0.20832586,-0.7832899
TEST_00221,2.9893568,0.2671544,-0.10461698
TEST_00222,1.3855172,0.48566583,0.2837729
TEST_00223,3.7494786,-0.40702146,0.27023634
TEST_00224,1.3005103,0.5831534,0.090122975
TEST_00225,4.938029,-1.730226,-0.41542676
TEST_00226,3.01917,-0.26762873,-1.1102298
TEST_00227,4.5070596,0.038818557,0.6188709
TEST_00228,2.262601,-0.42254087,0.21353431
TEST_00229,3.9497917,1.7095566,-0.57118577
TEST_00230,2.3070428,0.19617881,0.5809062
TEST_00231,2.7284129,0.82152283,0.12709391
TEST_00232,3.4299088,1.7401023,0.06260095
TEST_00233,3.316887,1.0405545,-0.839675
TEST_00234,1.9643153,0.6744114,-0.05096248
TEST_00235,1.9940931,0.06219237,0.20173965
TEST_00236,3.4557393,-1.7288146,1.3432952
TEST_00237,2.1009634,0.9358519,0.19675814
TEST_00238,1.7475433,-0.24246754,-0.651433
TEST_00239,6.3230066,-0.5713766,-0.8348892
TEST_00240,2.5679164,1.6291617,0.5976941
TEST_00241,4.7112885,0.879219,1.3287315
TEST_00242,1.3118345,0.40616935,-0.3932052
TEST_00243,2.0259445,0.8334255,-0.8811843
TEST_00244,3.358236,0.20332812,0.060031805
TEST_00245,2.2544236,0.9652015,-0.27047884
TEST_00246,4.024197,-0.26925477,0.1614427
TEST_00247,4.484062,-1.0373459,0.3111118
TEST_00248,1.23062,0.57455254,-0.10487195
TEST_00249,3.7911024,0.26540092,-0.44531068
TEST_00250,2.051134,-0.007700341,-0.005890141
TEST_00251,3.669215,-0.06546995,-0.09367983
TEST_00252,3.0748372,0.22527774,-0.57826936
TEST_00253,2.7751474,-0.31024906,-0.22677483
TEST_00254,1.6018422,-0.6551824,-0.020954335
TEST_00255,1.8835183,0.020348089,0.02557362
TEST_00256,1.0770723,0.35806993,0.637769
TEST_00257,1.7923592,0.15467374,0.09057827
TEST_00258,2.5185544,0.7747921,0.45422497
TEST_00259,3.2540038,0.29901662,0.9949065
TEST_00260,2.4064267,0.87439275,0.20317452
TEST_00261,1.6552334,0.11784223,0.44935626
TEST_00262,1.053391,-0.021154527,0.2200494
TEST_00263,2.1291475,0.33692607,0.6624723
TEST_00264,3.4650419,-0.059496317,-0.40471378
TEST_00265,1.203271,0.48922107,0.5774428
TEST_00266,2.791919,0.4102925,-0.015380011
TEST_00267,1.2737247,0.54549414,-0.3067559
TEST_00268,3.2547882,0.30062932,-1.0242574
TEST_00269,2.7777557,-1.3015488,0.40674135
TEST_00270,2.789384,-0.4929299,-0.43839613
TEST_00271,3.0340784,0.9065539,0.28091475
TEST_00272,2.6871195,0.2707328,-0.30080548
TEST_00273,1.7913224,0.1265984,-0.35558856
TEST_00274,1.5696112,0.70250493,0.13178444
TEST_00275,2.1119196,-0.3037313,0.3500515
TEST_00276,3.9448202,-0.5084951,0.6776599
TEST_00277,3.3255022,-1.2359986,0.9429009
TEST_00278,3.9248393,-1.1215178,-0.59022176
TEST_00279,5.384651,-1.4725876,-0.9997912
TEST_00280,3.115806,1.5766209,-0.9155293
TEST_00281,2.0831554,1.5678442,-0.55989856
TEST_00282,1.4634784,-0.71914834,0.8925565
TEST_00283,1.3204569,0.5833188,0.47226614
TEST_00284,2.719346,0.009640973,0.26663053
TEST_00285,1.54776,0.33561102,-0.35097477
TEST_00286,2.0271945,0.24418077,0.25506192
TEST_00287,2.4156353,-1.0689464,-0.5121905
TEST_00288,5.4341702,2.3184507,0.6106612
TEST_00289,4.348749,0.3765669,0.8306961
TEST_00290,1.981242,-0.32561654,-0.0062041082
TEST_00291,0.8944819,0.2837459,-0.0752214
TEST_00292,4.117764,0.98683333,1.8960345
TEST_00293,1.6560072,0.21093597,0.25347996
TEST_00294,1.8251966,-1.1540444,0.23787278
TEST_00295,3.4562383,-0.13593873,0.528511
TEST_00296,3.0055146,-0.79462963,-0.57582676
TEST_00297,1.5957205,-0.7037011,-0.34037244
TEST_00298,3.5119407,0.94385743,-1.327761
TEST_00299,4.3639293,0.79534537,-0.58749664
TEST_00300,2.1118023,0.8735073,-0.57113755
TEST_00301,1.6569854,0.18417281,-0.27932268
TEST_00302,1.6606686,-0.080877624,0.28561336
TEST_00303,3.1917017,0.51434594,-0.034005478
TEST_00304,1.86762,-0.16194142,-0.45743692
TEST_00305,4.0124617,0.59935224,0.8235048
TEST_00306,1.0292267,-0.36543176,0.053824317
TEST_00307,4.157086,0.014579692,-0.8136133
TEST_00308,2.8653092,-0.5271742,0.07300837
TEST_00309,3.6952832,-0.81543034,0.6104622
TEST_00310,5.1268506,-1.3376925,1.5980064
TEST_00311,2.946826,-0.8493667,-0.07373019
TEST_00312,1.2105247,0.30318442,-0.1783483
TEST_00313,1.7521423,-0.061584044,0.34420383
TEST_00314,2.2362337,0.21089725,0.04101391
TEST_00315,1.6471325,-0.38807315,-0.44818953
TEST_00316,3.5783782,-0.32848454,1.2639678
TEST_00317,3.4121668,1.8582928,0.18406764
TEST_00318,1.4705642,0.25753245,-0.07515077
TEST_00319,5.3076544,-0.07047705,-0.38026378
TEST_00320,1.3019032,-0.19799109,-0.17135976
TEST_00321,5.3582234,0.5339069,0.6424414
TEST_00322,3.9575698,0.33171383,-0.47786134
TEST_00323,3.843133,0.91272163,0.8131817
TEST_00324,2.721032,-0.6438152,-0.26332104
TEST_00325,0.89641076,0.20493367,0.2525871
TEST_00326,4.7974486,0.43492585,-0.22153749
TEST_00327,2.0482686,0.17947014,0.1792058
TEST_00328,3.3710065,-0.24517122,-0.30311987
TEST_00329,2.917191,0.45432535,0.061923906
TEST_00330,1.5530123,0.6184559,0.030760057
TEST_00331,0.81390756,0.16875972,-0.055901375
TEST_00332,2.7953846,0.41323516,1.072969
TEST_00333,2.6762836,-0.7844893,-0.3612197
TEST_00334,1.3780712,0.9528128,-0.16870494
TEST_00335,3.7000682,0.122948386,-0.04786707
TEST_00336,2.9556534,-0.3416261,0.22347227
TEST_00337,1.8118061,0.2453405,0.18360958
TEST_00338,5.4751916,0.0063064294,-0.8509872
TEST_00339,3.6919281,0.09155838,-0.021929758
TEST_00340,2.3003905,0.9595997,0.52411616
TEST_00341,3.6013823,0.1386344,0.069968306
TEST_00342,1.8643777,-0.55581397,-0.775955
TEST_00343,1.5912471,-0.66384524,-0.31663322
TEST_00344,1.5327606,-0.14446203,-0.04449581
TEST_00345,1.6645752,-0.1063549,-0.15689355
TEST_00346,2.5751681,0.4362113,0.5548798
TEST_00347,3.8787668,0.34743968,-0.695347
TEST_00348,1.9752294,0.53792435,0.003418586
TEST_00349,2.0804381,-0.9857969,0.10292078
TEST_00350,3.3667448,-1.5545667,-0.31724474
TEST_00351,2.3474367,-0.7689591,-0.56502205
TEST_00352,3.3866432,-1.0981604,1.2115571
TEST_00353,3.532519,1.1990992,-0.59909725
TEST_00354,2.7463887,0.2843333,-0.059105966
TEST_00355,1.8965137,-0.06440495,0.08259723
TEST_00356,2.3084073,0.46729285,0.11903625
TEST_00357,2.858143,-0.7537517,0.19911583
TEST_00358,1.3808314,0.117071815,0.10122559
TEST_00359,2.904778,1.3882871,0.20919171
TEST_00360,3.1289673,1.9600121,1.3697445
TEST_00361,4.651673,0.24988157,0.44391784
TEST_00362,2.5613306,-0.5202709,0.17636734
TEST_00363,3.0022461,0.10496356,-1.2548099
TEST_00364,3.742894,-1.51178,0.10269032
TEST_00365,2.9196446,0.6746507,0.87424535
TEST_00366,5.172587,-0.43836954,-0.18773587
TEST_00367,1.8789753,-0.46518072,-0.46313983
TEST_00368,1.0574324,0.18689637,-0.32697365
TEST_00369,4.3122797,0.42743647,-0.49944893
TEST_00370,1.4437639,0.7712048,0.16766192
TEST_00371,1.8781254,0.37233883,0.22294752
TEST_00372,1.6384076,0.4726791,0.6504992
TEST_00373,2.9819725,0.37717834,0.20809463
TEST_00374,1.0846307,-0.3091277,-0.26141793
TEST_00375,3.4523969,0.9541295,-0.23146407
TEST_00376,1.1007766,-0.6989937,-0.12827486
TEST_00377,2.2324228,-0.16027743,0.4005638
TEST_00378,1.631843,-0.67026836,-0.09880522
TEST_00379,1.8021283,-0.91243285,-0.46858814
TEST_00380,2.7946365,-0.6586059,0.32915375
TEST_00381,3.4880798,0.018786645,0.3246836
TEST_00382,2.167466,0.32168326,0.47894695
TEST_00383,4.038187,-0.41933215,-0.40703693
TEST_00384,2.1611726,-0.4530247,-0.52580315
TEST_00385,3.5651376,-1.4724771,-0.09004016
TEST_00386,3.0197744,-0.037417546,-0.171919
TEST_00387,2.1872892,0.02869482,-0.038152825
TEST_00388,1.6666814,-0.1140544,0.19100378
TEST_00389,2.4157639,0.4643564,1.4452006
TEST_00390,4.4277945,0.28554824,-0.6512349
TEST_00391,1.6132388,-0.5430318,-0.057960425
TEST_00392,3.065135,1.5999805,1.5311418
TEST_00393,1.9286706,-0.18280941,0.5572825
TEST_00394,2.8783386,-0.598785,0.5706723
TEST_00395,1.0250901,0.112312965,-0.22418769
TEST_00396,3.8296115,0.76491636,0.32447588
TEST_00397,3.36137,0.82628596,-0.84023815
TEST_00398,1.1773359,-0.12193442,0.27921706
TEST_00399,5.7650037,1.036543,0.27522257
TEST_00400,3.9152477,-0.13807495,0.24111195
TEST_00401,1.839113,-1.181914,-0.18283857
TEST_00402,3.7177455,1.2798024,0.33405837
TEST_00403,3.0194256,-2.3575807,0.4045481
TEST_00404,3.1304555,-0.24689575,-0.4845936
TEST_00405,2.2174916,1.0812494,0.7223235
TEST_00406,2.9682288,-0.3661987,0.8339455
TEST_00407,1.3089794,0.8481025,-0.13722783
TEST_00408,4.530517,1.4833844,1.083899
TEST_00409,3.1920815,0.34415248,0.2538678
TEST_00410,1.6019377,0.45189768,0.39802235
TEST_00411,3.589772,0.24243541,-0.32878736
TEST_00412,2.0967393,-0.44676748,0.5534814
TEST_00413,2.3272507,-0.34915105,-0.090775594
TEST_00414,1.7258223,0.40731034,-0.12442757
TEST_00415,3.9626286,1.0078474,-0.5855301
TEST_00416,1.6184027,0.27365944,-0.20793362
TEST_00417,3.61256,-1.435698,1.2043839
TEST_00418,1.8502935,0.26226994,0.23748302
TEST_00419,4.001712,0.40559113,0.48174152
TEST_00420,1.3542224,0.12861566,0.05204875
TEST_00421,2.9391446,-0.44619092,-1.0078214
TEST_00422,1.6402518,-0.105775125,-0.66451013
TEST_00423,2.6135752,-0.72872066,-0.8536194
TEST_00424,1.1210446,-0.5277012,0.34176952
TEST_00425,2.5717585,0.81883544,0.2943894
TEST_00426,3.1037958,0.25343788,-0.7409546
TEST_00427,2.9560428,-0.28641436,-0.52863276
TEST_00428,1.7704868,0.008414621,0.21687555
TEST_00429,4.1519637,0.040452328,0.07731057
TEST_00430,1.1405256,0.23498866,-0.32206663
TEST_00431,2.1829593,0.4117679,-0.0566557
TEST_00432,2.7789671,0.4597064,0.5206822
TEST_00433,2.6144867,1.1248091,-0.06478456
TEST_00434,1.2375282,-0.36256585,0.04149665
TEST_00435,1.8707448,0.75285405,-0.34214815
TEST_00436,2.1702838,0.5155836,-0.021861294
TEST_00437,3.0678596,-1.0202472,0.43302596
TEST_00438,2.8008282,1.5546061,0.05313859
TEST_00439,2.4679747,1.4332962,1.5459176
TEST_00440,2.9571073,0.44485205,0.630674
TEST_00441,2.2673237,1.0753865,-0.90216726
TEST_00442,2.770951,0.38927412,-0.23856191
TEST_00443,3.5457532,1.0076333,0.07265777
TEST_00444,2.6655347,0.60593545,0.45457804
TEST_00445,2.4721048,0.44624424,0.62653446
TEST_00446,1.9146683,0.45023653,0.03193767
TEST_00447,2.5102859,-0.38442004,-0.60296315
TEST_00448,5.052238,-0.3635087,-0.55917853
TEST_00449,4.7882385,0.7589987,0.16843954
TEST_00450,3.2523015,0.43305594,1.0886511
TEST_00451,3.2908404,0.10802357,0.33917513
TEST_00452,4.267077,-0.3726479,-1.0927742
TEST_00453,2.8731282,0.059628226,-0.27233112
TEST_00454,2.7766633,-0.34935853,0.66141534
TEST_00455,3.2573507,0.25042728,-0.42336035
TEST_00456,1.9474633,0.42625925,0.73004645
TEST_00457,3.791189,1.1006107,-0.6962169
TEST_00458,4.397169,0.05912166,-0.2869602
TEST_00459,4.4802694,1.4963702,-0.99694836
TEST_00460,1.8798724,0.47073376,0.33734185
TEST_00461,3.5730143,0.41771454,1.228742
TEST_00462,2.337585,-0.07096685,0.8940032
TEST_00463,1.2657086,0.42371625,-0.19494171
TEST_00464,4.003141,0.61396486,-0.5289609
TEST_00465,2.853962,0.08939985,0.050784584
TEST_00466,1.3167274,-0.6565529,0.21351737
TEST_00467,4.175153,-0.12673013,0.5324613
TEST_00468,2.0787594,0.115479164,-0.025713237
TEST_00469,2.3495526,-0.32422227,-1.5527384
TEST_00470,2.6918597,-0.1544774,-0.41331062
TEST_00471,1.3220264,-0.58340245,0.13918044
TEST_00472,1.2895347,-0.7127602,0.54308355
TEST_00473,3.0442617,0.85645443,0.6881477
TEST_00474,2.8028436,0.3864246,-0.28575012
TEST_00475,1.5849942,0.021818232,0.7102549
TEST_00476,4.4507937,1.3595625,0.5758372
TEST_00477,1.7828186,0.30442783,0.217097
TEST_00478,1.3476002,0.6948381,0.5686281
TEST_00479,3.6200247,-0.29580942,1.6326145
TEST_00480,3.8292649,-0.55147874,0.05809667
TEST_00481,4.036591,0.007952247,1.0248519
TEST_00482,2.4626496,-0.32186964,0.2083935
TEST_00483,0.98000836,-0.4760521,-0.1579196
TEST_00484,2.1465,0.054560922,0.52289665
TEST_00485,1.6299778,0.5874898,0.046141267
TEST_00486,1.185157,-0.4214261,0.28324592
TEST_00487,1.0891464,-0.028323598,0.36557826
TEST_00488,2.3043828,1.1052629,-0.24495599
TEST_00489,3.2040288,0.2831031,-0.23090582
TEST_00490,2.0074892,0.854601,0.3776404
TEST_00491,3.5992396,0.18987378,1.1408068
TEST_00492,4.2008,0.88939005,1.5448222
TEST_00493,2.53598,-0.11935437,0.32139644
TEST_00494,1.9105184,1.0541275,0.0031861835
TEST_00495,1.7780774,-0.3659279,-0.059327345
TEST_00496,2.1765542,0.70899284,0.37699774
TEST_00497,1.9871446,-0.67936975,0.048082553
TEST_00498,5.3673167,-0.82453805,1.7836295
TEST_00499,4.1093774,0.30170467,0.2393019
TEST_00500,1.966481,0.67391974,0.4685873
TEST_00501,2.9586284,0.2328377,1.3222927
TEST_00502,1.8901795,0.43671077,0.15162627
TEST_00503,1.793958,0.3486228,0.058847945
TEST_00504,1.9872892,0.098286785,-0.48941642
TEST_00505,3.5422275,1.54712,-0.24763604
TEST_00506,1.8906068,0.31905472,0.47804764
TEST_00507,1.3892534,-0.004205625,-0.2483537
TEST_00508,2.2812335,-0.9670672,0.3820117
TEST_00509,1.3161507,-0.4327726,0.67112464
TEST_00510,2.0276744,-1.5554996,0.5995979
TEST_00511,2.6696208,-1.0177321,-0.44554254
TEST_00512,2.6243975,1.1521777,-0.53581166
TEST_00513,2.540467,0.6387809,-0.59942156
TEST_00514,1.9085897,0.49806756,-0.22623496
TEST_00515,1.3282211,0.31933716,-0.10553515
TEST_00516,4.026745,-0.37427044,1.025032
TEST_00517,1.6391126,-0.3835674,-0.17669016
TEST_00518,3.834512,0.49319923,-0.045224678
TEST_00519,3.5921907,-0.8185987,-0.96373963
TEST_00520,5.060269,-0.5782429,0.47861034
TEST_00521,2.1875541,-0.84613454,-0.0862361
TEST_00522,3.6262279,1.3108141,-0.0915174
TEST_00523,2.170256,-1.3565363,-0.2736552
TEST_00524,3.085986,0.29455388,-0.37511298
TEST_00525,1.5829402,0.7098389,-0.20678844
TEST_00526,2.8023057,-0.79645354,-0.75589585
TEST_00527,1.7791809,1.0437704,0.23257558
TEST_00528,5.8086615,-0.6370818,-0.63296497
TEST_00529,3.4808438,0.23998575,-0.12928218
TEST_00530,2.932821,-0.06453445,-0.80850613
TEST_00531,3.8686638,-0.2717644,-1.048199
TEST_00532,2.4886239,-0.9494666,0.25879925
TEST_00533,2.6772394,0.22731592,-0.23371948
TEST_00534,1.663798,0.97962457,0.75111556
TEST_00535,1.8879688,-0.67593086,-0.08072685
TEST_00536,3.019955,0.2609195,1.6443354
TEST_00537,4.0303855,-0.69155216,-0.6189816
TEST_00538,3.515045,-0.06544456,-0.57266647
TEST_00539,2.4140441,0.93507504,-0.32258308
TEST_00540,1.0807738,-0.045386307,-0.16723876
TEST_00541,3.82605,-0.40181634,0.3387828
TEST_00542,1.7719771,0.78165746,-0.107410304
TEST_00543,1.5220163,0.46981362,0.16457741
TEST_00544,3.7235692,-0.39505798,-0.5510971
TEST_00545,2.825542,0.08024127,1.5209563
TEST_00546,1.1836976,-0.32110208,-0.18708473
TEST_00547,3.118098,0.3694622,-0.47090712
TEST_00548,2.9270327,1.1844714,-0.39374337
TEST_00549,3.2660325,0.10012217,-1.0509747
TEST_00550,3.8793786,1.2181753,0.00070975506
TEST_00551,2.8212087,-0.30879417,-0.25578964
TEST_00552,2.2923563,-1.2510968,0.4498205
TEST_00553,3.2013998,-0.22533092,0.5682689
TEST_00554,1.7465032,0.17307642,0.11271301
TEST_00555,2.074106,-0.7859894,0.122581206
TEST_00556,3.0258284,-1.2309417,0.83093333
TEST_00557,2.5094619,-0.34384814,-0.13230984
TEST_00558,2.9578235,-0.40456066,-0.44636402
TEST_00559,3.8126054,-0.7282657,1.4339275
TEST_00560,3.4426877,-0.4341001,0.96875226
TEST_00561,5.017242,-1.9266027,1.2385857
TEST_00562,1.9299558,-1.5822054,0.9776289
TEST_00563,1.0755143,-0.926565,-0.11283078
TEST_00564,1.8335948,-0.1193265,0.22131711
TEST_00565,2.17251,0.23325935,0.6050451
TEST_00566,3.0974603,-0.4953751,0.4621475
TEST_00567,3.2720845,-0.591838,0.33641705
TEST_00568,3.3034346,0.87725073,-0.8298599
TEST_00569,3.5623908,-0.093416885,0.7593445
TEST_00570,2.215979,0.21315496,0.37496138
TEST_00571,3.0958676,-0.39488143,0.014210319
TEST_00572,1.5405853,0.16049825,-0.30050647
TEST_00573,0.9632654,-0.35846177,-0.10198999
TEST_00574,1.621821,0.29478386,0.58768857
TEST_00575,3.142704,0.15202165,0.153837
TEST_00576,2.0327334,0.74947965,0.63060296
TEST_00577,2.3601484,0.9929455,0.3368776
TEST_00578,3.8964345,0.23494579,0.6208343
TEST_00579,2.5880167,0.071696915,-0.15355605
TEST_00580,1.6689142,-0.5916651,0.63069546
TEST_00581,2.8496237,0.3978756,0.67723054
TEST_00582,1.3713145,-0.1252393,-0.3449852
TEST_00583,3.729796,0.05032401,-0.6793688
TEST_00584,4.075005,-0.30824298,0.08598621
TEST_00585,4.492304,-0.3947312,-0.47092316
TEST_00586,1.3488336,-0.14977328,-0.33696207
TEST_00587,2.015832,-0.05289415,-0.123842545
TEST_00588,2.6082962,-0.7833405,0.47135672
TEST_00589,1.0189052,-0.013169376,0.4529087
TEST_00590,4.0243683,-0.70842326,0.7090136
TEST_00591,3.043056,0.062404674,-0.053678714
TEST_00592,1.7938973,-0.6779057,-0.14059572
TEST_00593,3.337462,0.80484736,1.1893995
TEST_00594,2.3898325,0.43159288,0.44498628
TEST_00595,1.1291225,0.11792914,-0.17036703
TEST_00596,4.5602584,1.1384914,-0.7832813
TEST_00597,2.850707,-0.35474,0.5700398
TEST_00598,2.3080013,0.11341453,0.7326956
TEST_00599,4.4775715,-1.8844934,2.2313392
TEST_00600,2.9264424,1.1585659,1.0540279
TEST_00601,2.7655344,1.1138631,-0.47628567
TEST_00602,1.1625613,0.63181114,-0.106424026
TEST_00603,1.343089,0.3669731,0.015204183
TEST_00604,3.5175602,-0.014007405,0.1983973
TEST_00605,1.1352971,0.5529177,-0.019491987
TEST_00606,4.73145,0.7418359,0.987207
TEST_00607,1.6772591,1.1983011,0.53348786
TEST_00608,2.0031917,1.5518453,0.35151163
TEST_00609,2.5394373,0.079359226,-0.5828548
TEST_00610,2.0773704,0.5936249,-0.13111715
TEST_00611,3.7430632,0.026122767,0.8807402
TEST_00612,3.4948118,-0.98297346,0.029747508
TEST_00613,2.7161877,-0.04393904,-0.3850904
TEST_00614,1.5483845,-0.26306114,0.330571
TEST_00615,1.1945872,0.024452958,-0.14762783
TEST_00616,2.1124165,-0.4431121,-0.5817333
TEST_00617,2.9450026,-0.26789585,0.94630843
TEST_00618,2.3776345,0.78246266,0.6433793
TEST_00619,3.3140633,1.0619595,0.87467164
TEST_00620,2.2234893,0.030413117,0.48356146
TEST_00621,3.0341744,-0.4629383,0.43075272
TEST_00622,1.8786553,0.18398038,0.1840536
TEST_00623,3.9936182,0.5039971,-0.042718764
TEST_00624,3.1046221,-0.09865805,-0.2521408
TEST_00625,2.9648845,1.025675,-0.091954485
TEST_00626,3.195084,-0.5708004,-0.83809525
TEST_00627,2.7311358,-0.18767968,0.15589418
TEST_00628,2.1534266,0.04733985,-0.15821218
TEST_00629,3.9785583,-1.0608419,-0.24593288
TEST_00630,3.379172,-0.8685715,-0.7596996
TEST_00631,3.0531683,-0.73409194,-0.10013949
TEST_00632,2.9684005,0.6102965,0.56611305
TEST_00633,2.6997101,-0.8138441,0.7794093
TEST_00634,1.672079,-0.2509187,0.20892018
TEST_00635,2.6367872,0.9143946,0.8410236
TEST_00636,1.4062215,-0.4992529,-0.338138
TEST_00637,3.106029,0.16275999,1.0206617
TEST_00638,2.7536952,0.14485948,-0.06273916
TEST_00639,4.811463,0.7552461,-1.2046814
TEST_00640,4.616859,0.4630074,-1.0465363
TEST_00641,4.672368,-2.2070465,1.2077307
TEST_00642,1.6979877,1.0498091,0.8352188
TEST_00643,1.9290856,1.12664,0.2915827
TEST_00644,1.7047862,0.35508287,-0.2966036
TEST_00645,1.2948892,0.009132582,0.021432016
TEST_00646,2.4010987,-0.8852584,0.5492713
TEST_00647,2.398675,-0.7325773,0.47441253
TEST_00648,3.4051352,-0.29247135,0.3951783
TEST_00649,1.7412674,0.6862334,0.2932044
TEST_00650,2.2149477,-0.10992646,-0.15887822
TEST_00651,2.102747,0.6279738,0.23278819
TEST_00652,1.2962013,-0.84839916,0.08956548
TEST_00653,2.5129275,-0.57551205,0.19974127
TEST_00654,2.181137,-0.47602996,0.3225141
TEST_00655,2.7959685,-0.3213596,0.024817714
TEST_00656,1.4301244,0.7132894,0.2302546
TEST_00657,2.0306795,0.5474188,-0.54735655
TEST_00658,1.7672992,1.0380385,-0.55512404
TEST_00659,2.7296116,-1.6297352,0.3872666
TEST_00660,2.8968055,0.41510147,-0.026682653
TEST_00661,1.4150976,-0.6383423,-0.22147892
TEST_00662,1.3529618,0.046697453,0.08622774
TEST_00663,3.2109382,0.5554689,0.21864034
TEST_00664,3.4444823,-0.26100126,-0.21019737
TEST_00665,3.5627196,0.08717792,0.8011234
TEST_00666,2.833942,0.21301419,-0.12599017
TEST_00667,4.1751723,-0.5309881,0.44409385
TEST_00668,2.9022183,-0.885142,0.04752167
TEST_00669,2.642637,0.9474912,1.1906893
TEST_00670,3.0364914,-0.23620102,-0.5949689
TEST_00671,2.3998048,0.24516048,-0.013005054
TEST_00672,2.9090352,0.9971454,0.96270365
TEST_00673,2.8758779,-0.76855063,0.45593587
TEST_00674,2.090828,-0.4363856,0.59009755
TEST_00675,1.801868,-0.046050914,-0.50633943
TEST_00676,1.9735489,0.6874959,0.03593205
TEST_00677,3.2061229,2.1203835,0.5506738
TEST_00678,2.2211134,0.5493066,0.5916978
TEST_00679,5.8578935,0.67943937,-0.7220412
TEST_00680,3.025983,1.5972955,0.21741174
TEST_00681,3.237015,-1.3853307,1.0880058
TEST_00682,3.6607308,0.17546782,0.27663326
TEST_00683,2.5243714,0.26236573,0.91360813
TEST_00684,2.3403585,-0.1668187,0.63707644
TEST_00685,2.3517165,0.6717087,0.109626085
TEST_00686,1.5225548,-0.06383206,0.19223832
TEST_00687,5.022654,1.3367038,-0.922124
TEST_00688,4.07188,-2.0954452,1.4568971
TEST_00689,3.3397307,0.017214341,0.70955724
TEST_00690,2.7280543,0.42729372,-0.6724227
TEST_00691,2.2544792,-0.052806787,0.6969629
TEST_00692,1.9641426,-0.42993316,0.6085434
TEST_00693,2.3149483,0.5493786,0.10391203
TEST_00694,2.880393,1.6758463,0.7986831
TEST_00695,0.9460489,0.55611145,-0.033560812
TEST_00696,2.6860666,0.4308043,-0.5832014
TEST_00697,2.4656377,-0.37588647,0.39606228
TEST_00698,5.2954016,-1.6440793,-0.6348193
TEST_00699,1.2057111,-0.023731466,0.053876154
TEST_00700,1.0982234,0.059924614,0.37668175
TEST_00701,2.7228465,0.35557455,0.259323
TEST_00702,1.4314352,-0.5642211,-0.27154988
TEST_00703,2.2438865,0.15891269,-0.028840208
TEST_00704,2.2054808,-0.70641524,-0.38019276
TEST_00705,2.6143713,1.3444759,-0.31345585
TEST_00706,2.6979446,-0.23134898,-0.110407494
TEST_00707,4.4016786,-0.20574322,-0.3418723
TEST_00708,2.095981,0.14082727,-0.16071211
TEST_00709,4.1965,-1.7212946,1.5048089
TEST_00710,2.4956403,-1.7064084,0.76653343
TEST_00711,1.4862477,0.19806473,0.08693211
TEST_00712,2.6297705,0.1623416,0.93186015
TEST_00713,2.216017,0.81747895,-0.61954266
TEST_00714,2.9312508,-0.15762249,0.047880583
TEST_00715,1.0691978,0.07320772,-0.0724395
TEST_00716,2.204481,0.05779871,-0.6659456
TEST_00717,2.221837,0.2276024,0.28341863
TEST_00718,3.1279876,-0.6378121,0.9336294
TEST_00719,3.1516721,-1.2642906,-1.4974387
TEST_00720,2.9929743,2.3397882,0.45051834
TEST_00721,1.7844886,-0.71394765,-0.054456733
TEST_00722,4.111993,0.33089033,0.43649802
TEST_00723,2.212972,-0.31490043,0.7530296
TEST_00724,2.0596647,-0.29533568,-0.35823774
TEST_00725,0.8475708,-0.031870704,-0.18801539
TEST_00726,3.2433686,-1.0270575,-0.060969952
TEST_00727,3.4480455,-0.89524627,-0.60403407
TEST_00728,5.789515,-0.4812257,-0.4002817
TEST_00729,3.9432716,0.4607996,0.43784428
TEST_00730,2.87772,0.6283444,-0.0071196076
TEST_00731,2.2445025,0.510999,0.15105876
TEST_00732,1.4400285,0.10228936,0.028406171
TEST_00733,2.8333156,0.34814212,0.14094387
TEST_00734,1.4377015,-0.61913466,-0.110190324
TEST_00735,1.208919,-0.017609859,0.35941127
TEST_00736,2.226446,0.62714285,-0.3128381
TEST_00737,3.0438511,-1.406775,0.7048341
TEST_00738,4.875256,0.9012032,-1.2867554
TEST_00739,4.0705314,1.5098357,1.2743701
TEST_00740,2.6081204,-0.46985763,-0.07532127
TEST_00741,1.1911752,-0.4264899,0.41860452
TEST_00742,1.9413363,0.039319806,0.60223705
TEST_00743,3.6422906,-0.46237546,0.22911899
TEST_00744,2.2580514,-0.41584048,0.45778096
TEST_00745,2.5995038,0.37667656,1.0803298
TEST_00746,1.6418875,0.30455124,0.028449241
TEST_00747,3.600885,-0.57999516,-0.77067417
TEST_00748,1.7343429,0.024179732,0.10756607
TEST_00749,3.707724,-0.31483212,1.1903886
TEST_00750,1.3596394,0.72510153,-0.31072623
TEST_00751,2.8573024,-0.30219272,-0.30980572
TEST_00752,3.409178,0.29174104,0.65986043
TEST_00753,3.153197,-1.3769201,0.84517896
TEST_00754,2.815139,0.052141722,0.41636506
TEST_00755,1.8191556,0.09212674,-0.21008211
TEST_00756,4.064643,-0.7964087,0.32022482
TEST_00757,1.6628865,0.39036006,-0.08703859
TEST_00758,2.539155,1.0682055,-0.39684582
TEST_00759,4.9373302,1.2237213,0.10605202
TEST_00760,4.7488704,-0.08280325,-1.4655757
TEST_00761,1.007394,0.022405606,-0.05718908
TEST_00762,2.7012215,0.09359321,-0.07926541
TEST_00763,3.323252,0.8602526,0.31252888
TEST_00764,2.432412,0.25369796,-0.0285626
TEST_00765,1.5916559,0.42589086,-0.016112778
TEST_00766,2.1155083,-0.7661132,-0.35856634
TEST_00767,2.881902,0.84010917,0.9430659
TEST_00768,2.513194,0.2966092,-1.0989349
TEST_00769,2.1038609,0.855114,0.03633168
TEST_00770,3.382208,0.34691447,1.1003625
TEST_00771,1.6450181,-0.35821763,0.33242357
TEST_00772,1.3883921,-0.19257525,-0.155485
TEST_00773,1.9443916,-0.11561881,0.24114674
TEST_00774,2.1636357,1.2939186,-0.81078076
TEST_00775,4.125203,1.0666977,-1.1000717
TEST_00776,2.8725762,0.22344685,0.7722861
TEST_00777,3.191848,-0.8925903,0.18369381
TEST_00778,4.891214,0.42291048,-0.32071543
TEST_00779,4.7778916,-1.3892382,-1.404409
TEST_00780,1.9696044,0.6691794,0.47992566
TEST_00781,3.1913626,-0.09025432,-0.18274112
TEST_00782,1.9127756,-0.46423218,0.5020507
TEST_00783,3.920181,0.7901594,-0.005209921
TEST_00784,2.3218513,-0.18063685,0.4679454
TEST_00785,2.8099217,0.4448596,1.5262389
TEST_00786,2.7886815,-0.27577147,0.0932671
TEST_00787,2.494012,0.6630985,0.8988025
TEST_00788,2.2789862,-0.48868385,0.38606116
TEST_00789,2.7309794,-0.9560927,-1.2853125
TEST_00790,4.1083436,0.08471723,0.5861965
TEST_00791,2.3813756,-0.31313676,0.29220393
TEST_00792,2.2186415,0.9853206,-0.14606263
TEST_00793,2.9550917,0.5566738,-0.047655247
TEST_00794,2.4882178,-0.5867165,0.41212088
TEST_00795,1.7875642,0.34490538,0.42450544
TEST_00796,4.6003594,-0.50070804,0.13290404
TEST_00797,2.8550138,-1.5010035,0.99599624
TEST_00798,3.3374906,1.437909,1.0081319
TEST_00799,3.65688,-0.6421162,-1.2772892
TEST_00800,3.5011709,1.5866508,0.29192486
TEST_00801,3.6344333,1.397646,-0.2438108
TEST_00802,4.49643,-1.4321424,-0.118683085
TEST_00803,3.2286751,-0.10691711,0.065439664
TEST_00804,2.0893395,-0.52941734,-0.7617127
TEST_00805,2.0827138,1.071081,-0.6334791
TEST_00806,4.22209,-0.19733359,0.3366188
TEST_00807,1.1355473,0.41043642,0.16474149
TEST_00808,5.606718,0.37242684,0.14792484
TEST_00809,2.4184737,0.70107573,-0.064177305
TEST_00810,1.5458369,0.25711855,-0.22582552
TEST_00811,0.78790826,0.4153832,-0.033474587
TEST_00812,2.4837682,0.57164496,-0.31346065
TEST_00813,2.381296,-0.112260915,0.03906058
TEST_00814,3.7078583,1.6835133,-0.8091605
TEST_00815,2.3654616,0.8874779,-0.21096952
TEST_00816,2.5912268,-1.1386863,-0.20542176
TEST_00817,3.7322686,-1.9384468,1.7383273
TEST_00818,5.444616,0.47034138,-1.1673952
TEST_00819,1.6664373,0.49760598,0.30960235
TEST_00820,1.465701,0.29715925,-0.022155682
TEST_00821,2.658211,-0.39989513,0.6481266
TEST_00822,2.0855317,0.6717237,0.15906802
TEST_00823,2.4021401,-0.5695439,-0.4562821
TEST_00824,1.6755137,-0.3327052,-0.2568602
TEST_00825,1.4088973,0.49653295,-0.6851836
TEST_00826,1.6078871,0.45514044,-0.31168404
TEST_00827,1.1156211,0.40690076,0.06075655
TEST_00828,2.3924832,0.92878073,-0.64868903
TEST_00829,1.2744584,-0.08624707,-0.29606003
TEST_00830,4.7470565,-1.3103813,1.8370316
TEST_00831,2.2014618,-0.4153321,0.16445701
TEST_00832,1.4440703,0.6205349,0.2869442
TEST_00833,3.2077894,-0.9534519,1.4997537
TEST_00834,2.0577204,0.1558127,0.23325649
TEST_00835,1.9090024,0.68004376,0.106299795
TEST_00836,1.4136035,-0.9186596,0.0030301358
TEST_00837,1.3686358,-0.17701747,0.005317987
TEST_00838,2.4127727,-0.34427005,-0.15288137
TEST_00839,5.7890725,0.44760838,-0.07298689
TEST_00840,1.5016537,-0.08278552,-0.24623033
TEST_00841,3.9920027,1.4929215,1.4669387
TEST_00842,3.0627165,0.57216364,1.5539701
TEST_00843,2.4372942,0.6707221,0.056938823
TEST_00844,3.4941185,0.31471965,0.7113717
TEST_00845,2.5098276,0.13317725,-0.05239717
TEST_00846,4.593882,-0.40830645,0.7709535
TEST_00847,3.6570048,0.35217348,0.13479438
TEST_00848,3.8738167,1.0647571,0.0036436084
TEST_00849,3.57819,-0.07719845,-0.053844687
TEST_00850,3.1040566,-0.31923625,-0.31239042
TEST_00851,4.2622476,0.1411898,-0.13813382
TEST_00852,3.222575,-0.7015469,0.48516762
TEST_00853,1.654472,-0.69472224,-0.1537585
TEST_00854,3.1162899,1.3390802,-1.0874958
TEST_00855,1.0753278,0.08891318,-0.27274743
TEST_00856,3.2694306,-0.22824572,1.5047003
TEST_00857,3.738867,-1.9498627,0.33339077
TEST_00858,4.2744417,-0.16627994,-0.565973
TEST_00859,1.2962526,0.28367263,-0.3954967
TEST_00860,2.1549845,0.30202493,-0.13574655
TEST_00861,3.352228,0.03254546,0.23735718
TEST_00862,1.5942923,0.2987559,-0.2072538
TEST_00863,3.4538667,-0.0155391535,1.03434
TEST_00864,4.060597,0.13133563,0.8409482
TEST_00865,4.9059505,0.34527442,0.13194418
TEST_00866,1.38414,0.4451704,-0.044255294
TEST_00867,1.8377291,0.49321046,0.18587229
TEST_00868,2.4247668,-0.76522595,0.23140176
TEST_00869,4.376711,-0.5505795,-0.10778306
TEST_00870,0.98049486,0.42130765,0.0050418237
TEST_00871,1.4860138,-0.37861285,-0.08429351
TEST_00872,3.3618295,0.9850595,0.1344474
TEST_00873,3.54044,0.26214978,0.5681954
TEST_00874,1.6557614,0.14744757,-0.045752693
TEST_00875,1.0662795,0.30722088,0.0944634
TEST_00876,3.4571161,-0.29551664,0.3569893
TEST_00877,2.6164005,0.8250304,0.19137955
TEST_00878,2.2798781,0.7120162,-0.29119053
TEST_00879,3.61046,-1.0345986,1.9671994
TEST_00880,4.2272243,-1.5195149,0.31748325
TEST_00881,4.6439295,1.3735498,0.8982271
TEST_00882,2.0383973,-1.0433706,1.2685856
TEST_00883,4.152608,0.126795,-1.121941
TEST_00884,1.8809111,-0.20476781,0.20616283
TEST_00885,2.6956837,0.33749014,0.60093594
TEST_00886,2.076541,-0.3336167,0.26164916
TEST_00887,3.8669882,-0.08008674,0.1410141
TEST_00888,4.2936544,-2.2049499,0.9337693
TEST_00889,3.520795,0.05614085,0.07714703
TEST_00890,1.5858924,0.30408913,0.1692351
TEST_00891,4.0788417,0.30706546,-1.1419599
TEST_00892,4.443492,-1.1027815,0.7312987
TEST_00893,1.2829055,-0.03005209,-0.032552615
TEST_00894,1.6789166,0.6372622,0.74914324
TEST_00895,2.8557978,0.32545617,0.31123874
TEST_00896,2.384845,-0.1790544,0.52594286
TEST_00897,3.6791253,-1.0752411,1.6980891
TEST_00898,1.95157,-0.48441032,0.55115896
TEST_00899,3.2212934,-0.94646114,-0.33817974
TEST_00900,3.0948694,0.48303536,0.91736376
TEST_00901,3.2436345,0.43005604,-1.1320965
TEST_00902,2.5036175,-0.21397471,0.16467163
TEST_00903,2.7674816,-0.34358662,-0.41148376
TEST_00904,3.828592,-0.018867664,0.81819844
TEST_00905,4.1057863,-0.35943556,0.7432003
TEST_00906,1.9768214,-0.058922376,-0.06733095
TEST_00907,4.1343102,0.40736672,-0.48446953
TEST_00908,3.0971568,-0.81658626,-0.57590604
TEST_00909,4.214648,0.020027481,0.4406608
TEST_00910,1.9978883,-0.8866643,0.5528769
TEST_00911,1.8013072,0.046399187,0.26274535
TEST_00912,3.1893668,-0.6988993,0.586243
TEST_00913,3.2808695,0.91019857,0.4950987
TEST_00914,2.4054549,-0.2896829,0.24787118
TEST_00915,1.5957874,-0.83033115,-0.3069906
TEST_00916,4.3583775,-0.025751917,0.15425876
TEST_00917,3.055015,-2.2752538,-0.8480192
TEST_00918,1.6006203,-0.4659501,-0.5028974
TEST_00919,1.1711415,0.09589018,-0.13193879
TEST_00920,2.8139253,-1.6676632,-0.70428693
TEST_00921,2.0192888,1.235845,-0.31689277
TEST_00922,4.2920127,-0.7804612,0.4996554
TEST_00923,2.3495014,0.53630054,0.6321392
TEST_00924,3.2994792,1.0828857,-0.050112557
TEST_00925,0.88030607,-0.12681188,-0.31707683
TEST_00926,4.592129,-0.82416886,-0.59989196
TEST_00927,5.0598927,-0.46874848,1.1969794
TEST_00928,4.426499,1.4929796,-0.10477125
TEST_00929,2.1113572,0.27790397,0.2569257
TEST_00930,2.7251039,-0.043741737,-0.63447934
TEST_00931,3.1538708,-0.4248594,-1.2130768
TEST_00932,3.4187791,-0.9746887,0.4395739
TEST_00933,1.2316555,-0.36430004,0.04047742
TEST_00934,2.4827433,-0.64583266,-0.42228314
TEST_00935,1.262464,0.48998752,0.23400389
TEST_00936,1.7949706,-1.1041293,-0.60691863
TEST_00937,2.108277,0.79622674,0.38661557
TEST_00938,2.439404,-0.70162463,-0.7824276
TEST_00939,2.3845012,0.60672796,-0.093331665
TEST_00940,2.9181259,-0.27065915,-0.14037833
TEST_00941,3.617118,-0.4434728,-0.69263476
TEST_00942,1.7956269,-0.4140267,0.05993128
TEST_00943,3.9888024,0.472318,0.9466415
TEST_00944,3.7006881,-0.2947823,-0.5825396
TEST_00945,2.192147,1.7456658,1.0741657
TEST_00946,2.048505,0.08072457,-0.18057431
TEST_00947,2.2892444,-0.14930728,0.08340024
TEST_00948,2.0284936,0.4303852,-0.19866647
TEST_00949,1.2335035,0.18531264,0.555373
TEST_00950,2.3015716,-0.14544135,0.26823094
TEST_00951,1.7845486,0.8091304,0.3161469
TEST_00952,2.1278083,0.1825597,-0.47325054
TEST_00953,3.113119,-1.5693889,0.84910166
TEST_00954,2.7940521,0.06108012,-0.6380352
TEST_00955,2.0869899,-0.054451868,-0.48301125
TEST_00956,1.4012043,0.04680462,-0.5763826
TEST_00957,2.063087,0.20207086,0.015681477
TEST_00958,3.2907424,-1.6194841,-0.4578114
TEST_00959,5.4962525,1.7165864,0.29550302
TEST_00960,3.9413807,-0.3406019,0.26361758
TEST_00961,4.132194,1.0373534,0.765685
TEST_00962,3.372073,0.60742193,-0.54526234
TEST_00963,3.3235726,1.6857076,0.08789494
TEST_00964,2.5924928,-0.13206628,-0.59166056
TEST_00965,2.3278282,-0.5936009,0.6086395
TEST_00966,4.846269,1.0722712,0.49100167
TEST_00967,4.7947645,-1.2684861,0.5857897
TEST_00968,1.6994995,0.1760501,-0.025939163
TEST_00969,2.0337667,-0.13381474,0.030906618
TEST_00970,2.2711616,0.2570199,-0.11470017
TEST_00971,3.2917788,0.09966039,-0.35199314
TEST_00972,2.9530044,-0.079951994,-0.3642058
TEST_00973,1.0326533,-0.025624333,0.07062873
TEST_00974,2.8693678,1.3190123,-0.44014207
TEST_00975,2.3012774,-0.7529752,-0.09447081
TEST_00976,1.8508542,1.0229427,1.1072716
TEST_00977,3.3493438,0.15934189,-0.3002908
TEST_00978,2.0149608,-1.6118668,0.35710585
TEST_00979,4.4672723,-0.66823465,-1.2964317
TEST_00980,1.1736377,-0.34527102,-0.096244216
TEST_00981,2.9602072,-0.09659543,0.07199275
TEST_00982,1.6765754,0.41360873,0.026432076
TEST_00983,1.2815193,0.30492416,-0.1300486
TEST_00984,1.8131784,-0.10582349,-0.17560905
TEST_00985,1.5064774,0.52983636,0.64386
TEST_00986,3.2151504,-0.109097995,-1.3697603
TEST_00987,2.949356,-0.29324028,0.086521484
TEST_00988,2.598969,-0.03991408,-0.0757381
TEST_00989,1.8729593,-0.115070455,0.7766052
TEST_00990,2.479242,1.6049329,0.6097693
TEST_00991,1.7183557,-0.87696,0.09182214
TEST_00992,1.5842938,0.91737175,0.45680898
TEST_00993,3.9996307,0.13845536,1.0716386
TEST_00994,1.3534807,0.14362049,-0.09826288
TEST_00995,0.75775933,0.026139637,-0.012794386
TEST_00996,2.7889102,-1.6114328,-0.26551998
TEST_00997,2.2556622,-0.19312531,0.17362542
TEST_00998,1.4203856,0.5833131,0.07524673
TEST_00999,1.3713621,-0.6247547,-0.6936029
TEST_01000,2.7684743,0.87595856,-0.83238524
TEST_01001,3.357001,-0.9540769,1.0735065
TEST_01002,3.5560963,0.9444863,-0.42586365
TEST_01003,3.6706634,-0.95776016,-0.5080698
TEST_01004,2.1986413,0.83776104,-0.090357445
TEST_01005,1.3183731,0.7166318,-0.08100345
TEST_01006,3.7803159,0.79704726,1.2538598
TEST_01007,3.2867079,-1.4128633,-0.63852525
TEST_01008,4.98157,-0.1318026,1.4669908
TEST_01009,2.4420183,0.16878729,0.18680158
TEST_01010,2.2657852,-0.10291857,-0.39442873
TEST_01011,2.5054715,-0.016337732,0.09821556
TEST_01012,4.835234,0.5852884,0.38907167
TEST_01013,2.6567206,0.16302776,0.39714783
TEST_01014,2.5459669,1.291012,0.9988819
TEST_01015,3.0985866,-0.26671234,-0.14583878
TEST_01016,1.9264425,-0.8335507,1.0680481
TEST_01017,3.3014345,-1.0901669,-0.7864024
TEST_01018,3.0573807,1.4167465,-1.1931378
TEST_01019,3.8327441,0.6996896,-0.1940295
TEST_01020,1.557082,0.27802077,0.64079297
TEST_01021,1.688334,0.4414021,0.4473708
TEST_01022,1.7884835,0.08228429,0.09824132
TEST_01023,3.713365,-1.0442259,0.5867454
TEST_01024,2.6178823,0.37462643,-0.23224877
TEST_01025,2.4806225,-0.45839584,-0.53989005
TEST_01026,1.5229566,0.3872821,0.33528835
TEST_01027,2.9491613,-0.040698748,-0.4749986
TEST_01028,2.5865095,-0.5011478,0.33495048
TEST_01029,1.0629222,-0.4918162,-0.60878384
TEST_01030,1.1506963,-0.21435036,0.1470012
TEST_01031,1.8719058,-0.23098564,0.1885884
TEST_01032,1.6450447,0.5270551,0.66230637
TEST_01033,2.2497504,0.2782139,0.59237134
TEST_01034,2.8285878,-0.025386011,-0.5892569
TEST_01035,1.3565875,0.35841072,0.62780744
TEST_01036,0.97740865,-0.3027576,-0.41881287
TEST_01037,3.2517946,-1.94598,0.9403153
TEST_01038,2.4527128,0.78985626,-0.73016584
TEST_01039,5.328487,-1.6037328,1.858248
TEST_01040,3.5680354,0.031785045,0.22682545
TEST_01041,3.4606855,0.20419359,-0.31021374
TEST_01042,1.5180784,-0.32534945,-0.14849752
TEST_01043,3.8424177,-1.9477957,0.95852375
TEST_01044,2.4446082,-0.86381537,0.19160566
TEST_01045,1.3801428,-0.04867351,0.067750104
TEST_01046,2.044954,0.19380149,0.2160264
TEST_01047,1.5945926,0.7348881,0.6023554
TEST_01048,3.4069314,-2.2797809,-0.3706721
TEST_01049,3.7225533,0.20708568,0.38806298
TEST_01050,1.3872465,0.028868916,0.3728085
TEST_01051,1.4283642,-0.15679789,-0.036920972
TEST_01052,1.4312532,-0.04880045,0.14163846
TEST_01053,2.2653735,-0.7304041,0.51680124
TEST_01054,3.675751,-1.0788411,-0.29781386
TEST_01055,1.9130257,-0.15911822,0.36592382
TEST_01056,2.1760962,-0.012955523,0.9635286
TEST_01057,3.453368,-0.81951624,1.1682462
TEST_01058,4.689598,-0.97890013,-0.40720072
TEST_01059,4.0717444,-0.5605549,-1.0752423
TEST_01060,1.7420139,0.5256092,-0.17124751
TEST_01061,3.0320919,-0.33348793,0.7416171
TEST_01062,1.9495423,0.7184083,0.17858274
TEST_01063,3.3193018,-0.47431687,-0.42598495
TEST_01064,2.2378912,-0.3195985,0.93852305
TEST_01065,3.5233672,1.1083305,1.6691177
TEST_01066,2.5628443,0.14018552,-0.004501515
TEST_01067,4.6310554,-0.1544025,0.36559916
TEST_01068,3.1402783,1.2232287,-1.0645522
TEST_01069,3.4846356,0.85088104,0.45902804
TEST_01070,4.5582294,-0.5517081,1.0408956
TEST_01071,1.3713228,0.22241256,-0.15071252
TEST_01072,1.5161039,-0.05309013,0.7120295
TEST_01073,3.1656852,0.5602024,0.47002593
TEST_01074,2.7987807,0.03907923,0.1780146
TEST_01075,1.5642788,-0.7825443,0.5681759
TEST_01076,2.9532554,0.5009702,1.1099973
TEST_01077,3.4984748,1.4878525,-0.50951785
TEST_01078,2.4191163,-1.0227574,-0.39087343
TEST_01079,5.366582,-0.8314987,0.7493552
TEST_01080,3.6039,1.5607009,0.29030627
TEST_01081,2.274802,0.8047226,0.57782704
TEST_01082,1.5669885,0.4669548,0.03500886
TEST_01083,2.1274734,-2.0094373,-0.54981357
TEST_01084,2.2457585,0.6225513,-0.21060829
TEST_01085,2.2403169,-0.17415196,-0.041475106
TEST_01086,2.225873,0.8745897,-0.31185845
TEST_01087,4.8453503,-0.1684001,-0.42334208
TEST_01088,4.9838686,-2.0568252,0.15664922
TEST_01089,3.5068176,-0.118606485,0.10081743
TEST_01090,2.7164955,0.26740474,0.11377444
TEST_01091,4.1451225,0.294687,0.30244228
TEST_01092,5.043868,-0.9671808,1.2174761
TEST_01093,2.1232505,0.49514237,-0.18589593
TEST_01094,2.0470626,1.2618575,0.8425426
TEST_01095,3.3841033,0.92427534,-0.6160948
TEST_01096,2.001617,0.49381673,-0.23478095
TEST_01097,3.9001112,1.5679228,0.88363135
TEST_01098,1.7964004,-1.1537591,-0.76384336
TEST_01099,1.2499621,-0.5695026,-0.2755771
TEST_01100,2.5298266,0.4732717,-0.75925565
TEST_01101,1.0553935,0.2689173,-0.40397838
TEST_01102,1.4722067,0.20010857,0.25123963
TEST_01103,3.396855,0.019435326,0.5631504
TEST_01104,1.2621875,-0.48936957,-0.19434911
TEST_01105,1.7283725,-0.7609396,0.042370893
TEST_01106,3.5072901,0.14823037,-0.39956465
TEST_01107,1.6693668,-0.19197887,0.5116698
TEST_01108,2.681029,-0.045719612,-0.108584754
TEST_01109,3.4487033,-1.4070601,-1.0481353
TEST_01110,1.0737098,-0.306657,0.009244454
TEST_01111,3.1607003,0.10886151,-0.3116873
TEST_01112,1.5332028,0.14652628,-0.056007076
TEST_01113,3.5924,-0.779873,-0.16687803
TEST_01114,3.1260953,-0.10271254,0.75925034
TEST_01115,2.11468,-0.22454746,-0.5475197
TEST_01116,1.820513,-1.0532546,-0.36342573
TEST_01117,2.3827443,-1.2293874,-0.3180479
TEST_01118,3.7499702,-1.5354346,-1.1202327
TEST_01119,1.877372,0.08839969,-0.3667483
TEST_01120,4.657724,-1.1190114,0.24663553
TEST_01121,3.0819182,1.5070782,0.8186667
TEST_01122,2.1072495,-1.031548,-0.1921538
TEST_01123,2.8212702,-0.78906435,-0.46986455
TEST_01124,1.1131415,-0.17276236,0.39774096
TEST_01125,1.4969312,0.5772719,0.055550393
TEST_01126,4.3793707,0.35258576,1.080702
TEST_01127,2.966973,0.04279737,0.87806404
TEST_01128,3.779862,0.60045207,0.96657604
TEST_01129,3.1949365,0.002537922,0.6457346
TEST_01130,2.5991719,0.018812876,-0.5310294
TEST_01131,2.2706099,-0.18449585,-0.042724673
TEST_01132,3.2179549,-0.28497967,0.65863127
TEST_01133,1.4009298,0.26163226,0.09557381
TEST_01134,3.0585704,0.5508419,-0.9405559
TEST_01135,1.8612483,0.754117,0.34478438
TEST_01136,2.761283,-0.021258166,-0.46268386
TEST_01137,0.79750323,0.05623086,0.2572796
TEST_01138,3.286403,1.4801012,0.8796665
TEST_01139,2.2255335,-1.2678984,-0.33677876
TEST_01140,2.5245302,-1.0008395,-0.9295479
TEST_01141,2.8022985,0.036868766,-1.0989028
TEST_01142,1.786865,-0.5097383,0.06328596
TEST_01143,2.1023774,-0.4454056,-0.21362622
TEST_01144,3.162203,0.15482782,0.095904924
TEST_01145,1.0947938,-0.12707461,-0.080304295
TEST_01146,2.915582,0.5938667,-0.014619914
TEST_01147,4.383109,-0.114625715,-1.0514572
TEST_01148,2.0977178,0.18854189,-0.07667804
TEST_01149,3.3100893,0.40235314,-0.5957296
TEST_01150,0.90230876,-0.452271,0.026789226
TEST_01151,2.8934503,-0.41653118,-0.3842195
TEST_01152,1.4734625,0.029827256,0.54937786
TEST_01153,3.7034342,-1.7542409,-0.59441304
TEST_01154,1.5302155,0.10798729,-0.12870361
TEST_01155,2.2269545,0.07771517,0.7203257
TEST_01156,4.7767897,0.14693673,0.3883846
TEST_01157,1.9831303,-0.30107477,0.28878784
TEST_01158,3.5137627,0.7798695,-0.3103164
TEST_01159,4.700964,-0.5597017,1.8461124
TEST_01160,4.4032717,1.8545119,0.056994755
TEST_01161,2.0169184,1.3608388,-0.30734724
TEST_01162,2.3001513,-1.2683308,0.48003802
TEST_01163,3.4995005,0.9050334,-0.81245214
TEST_01164,2.0605383,-0.094349705,0.47960442
TEST_01165,1.4727838,0.019464536,-0.33521315
TEST_01166,2.784046,0.4211205,-0.08754187
TEST_01167,2.4201014,-0.22233345,0.99041665
TEST_01168,1.0940163,0.63002616,0.02583371
TEST_01169,3.5329778,-0.10361186,0.08375241
TEST_01170,1.9368402,0.31837884,-0.5741448
TEST_01171,1.8950149,-0.0380863,0.22299632
TEST_01172,4.853227,-0.28728178,0.93435204
TEST_01173,2.8255725,0.46728176,0.52150786
TEST_01174,3.436901,0.34713724,1.0804627
TEST_01175,1.9278992,-0.22002651,0.23921725
TEST_01176,1.6716304,0.6497124,0.82087713
TEST_01177,3.3985143,0.48884395,-0.5015768
TEST_01178,5.1773944,0.26187557,0.44184616
TEST_01179,3.413975,0.3877278,-0.8350938
TEST_01180,1.3162582,0.36936367,0.05838925
TEST_01181,1.6345971,-0.13939962,0.5690867
TEST_01182,1.5636877,0.7052341,0.48766133
TEST_01183,1.9937844,0.06390797,-0.19100499
TEST_01184,2.5691345,-0.19374768,-0.7910433
TEST_01185,3.0908456,-0.5759658,1.1755656
TEST_01186,2.7145019,-0.2909411,-0.07094664
TEST_01187,4.062619,0.6032643,-0.9985975
TEST_01188,2.2765663,-0.06691723,-0.2078481
TEST_01189,2.4646347,1.3803582,-1.0166359
TEST_01190,1.671023,0.8265663,0.57073396
TEST_01191,1.4022056,0.5134619,0.19952482
TEST_01192,2.6255548,-1.798443,-0.8806239
TEST_01193,3.616551,0.9096104,0.64380974
TEST_01194,2.3966506,0.61124253,0.40020266
TEST_01195,2.1791444,-0.4192654,0.18058701
TEST_01196,3.1866527,-1.5896759,0.70455045
TEST_01197,2.9368215,-1.7847073,0.3385188
TEST_01198,3.1561837,1.3161494,0.58101535
TEST_01199,5.4100895,-1.5004649,2.0024812
TEST_01200,1.83464,0.86138916,0.09405343
TEST_01201,2.6215587,-0.14234427,-0.4676834
TEST_01202,1.8581145,-1.0404527,0.8708622
TEST_01203,1.420059,0.27905872,0.4053706
TEST_01204,3.344128,-0.656237,0.06817838
TEST_01205,2.4175467,0.05100773,0.13067937
TEST_01206,4.1435103,-0.16041881,-0.019119006
TEST_01207,4.694792,-0.44075444,-0.5924549
TEST_01208,3.1197314,-1.1024423,-1.1080626
TEST_01209,3.5656168,-0.089373976,-0.79322827
TEST_01210,2.1863472,0.33738557,0.09783296
TEST_01211,4.3250074,0.53645355,0.46845657
TEST_01212,2.689499,-0.70282286,1.1227052
TEST_01213,1.6515456,0.41336104,0.31471902
TEST_01214,3.1885772,0.6607969,1.587788
TEST_01215,2.7040827,-0.59733754,-0.119848795
TEST_01216,2.3561013,0.4467151,-0.07326445
TEST_01217,1.9329158,-0.122217394,0.55239373
TEST_01218,1.2348149,0.6216013,0.091903575
TEST_01219,3.7471924,0.41413024,0.2616391
TEST_01220,2.7082064,0.75872684,-0.019372893
TEST_01221,3.6282637,-0.51452434,-0.23886319
TEST_01222,2.180228,0.28815702,-0.7992388
TEST_01223,2.5835936,-0.7558868,0.21789628
TEST_01224,4.1915216,0.11621283,1.0786661
TEST_01225,1.9349964,-0.876872,0.5970184
TEST_01226,2.2398384,0.01520209,-0.007551648
TEST_01227,1.3256528,-0.18984032,-0.39654735
TEST_01228,2.291524,0.2130226,-0.04562746
TEST_01229,3.6782005,-0.6703435,0.62616503
TEST_01230,1.1101589,-0.6499275,0.16629764
TEST_01231,3.0081563,0.3926784,0.07017217
TEST_01232,2.0779085,0.29749882,-0.12717694
TEST_01233,2.6517906,0.19226375,0.3007734
TEST_01234,2.2413182,-0.037382428,0.37233946
TEST_01235,1.298458,-0.4319129,-0.060018085
TEST_01236,3.4746468,-0.14686044,-0.26232117
TEST_01237,3.0798836,-0.82676876,0.1683696
TEST_01238,2.3268502,0.58082783,0.05389385
TEST_01239,4.9019494,-1.5195194,0.924164
TEST_01240,3.014482,-2.1514955,-1.0722787
TEST_01241,4.1282897,-0.68785447,1.0513227
TEST_01242,2.9026387,-0.055009816,-0.63030446
TEST_01243,3.0723495,0.7972068,-0.4689188
TEST_01244,3.8026536,-0.8672039,1.3580993
TEST_01245,2.443886,-0.85552883,0.40065715
TEST_01246,2.642138,0.102978334,-0.16211087
TEST_01247,2.960962,-0.33616304,1.0235149
TEST_01248,3.191783,0.6011801,0.9575864
TEST_01249,2.7631392,0.53772,0.4242568
TEST_01250,2.1677203,0.3542558,0.46023247
TEST_01251,3.0489419,0.25295183,0.09721692
TEST_01252,3.602193,0.3904555,-0.8772219
TEST_01253,2.3075461,0.22099656,-0.39268982
TEST_01254,2.520038,-0.50050443,0.29415336
TEST_01255,1.8840567,1.2122607,0.1738163
TEST_01256,3.252965,-0.3630948,0.77460164
TEST_01257,3.3859644,-1.8970773,1.581729
TEST_01258,1.896522,1.4337,-0.025709856
TEST_01259,3.1627114,1.4491078,-0.36071727
TEST_01260,1.2424508,-0.014319878,-0.49481133
TEST_01261,1.9469371,-0.444882,-0.29075414
TEST_01262,2.0081694,-0.4936892,0.5151804
TEST_01263,4.1303244,-0.6811439,1.2930331
TEST_01264,3.7520568,-0.17690659,-0.07948554
TEST_01265,1.1894969,0.44609416,0.3122495
TEST_01266,3.0116816,0.096307755,-0.16009106
TEST_01267,3.4771752,-0.36890012,-0.22755362
TEST_01268,2.4760847,-0.0957841,0.22110678
TEST_01269,4.385734,1.7790737,0.8148072
TEST_01270,4.1497445,-0.6101984,1.0692694
TEST_01271,2.8412545,0.49471644,0.07445428
TEST_01272,2.0290196,-0.85508555,0.8298712
TEST_01273,2.027171,-0.14554222,0.24178717
TEST_01274,2.6987524,0.18058875,0.0830282
TEST_01275,1.237588,-0.31908405,-0.1173761
TEST_01276,3.8667896,0.09611248,0.066932
TEST_01277,1.4855667,0.014846662,-0.16082397
TEST_01278,3.1639526,-1.2133504,-0.98818165
TEST_01279,4.8887844,0.0741823,0.2979642
TEST_01280,3.5411785,-0.68661153,-0.5135222
TEST_01281,4.2532616,0.57506454,0.06748806
TEST_01282,3.6750002,-1.4211731,0.29959777
TEST_01283,2.7457516,-1.6015143,-1.1176716
TEST_01284,1.6857275,0.25347626,-0.23396471
TEST_01285,1.5236588,-0.034353573,0.5651274
TEST_01286,2.0910425,0.18995604,0.26411825
TEST_01287,1.9634566,0.7787638,-0.020605516
TEST_01288,5.213814,-2.1133294,0.8511093
TEST_01289,3.6717637,-0.05464756,0.35086867
TEST_01290,1.6731877,0.64065135,-0.22656693
TEST_01291,1.7883297,0.08889281,0.115485705
TEST_01292,4.3766804,1.2793492,1.4117354
TEST_01293,3.0346196,0.2746046,0.20772155
TEST_01294,1.687962,-0.522119,-0.65445924
TEST_01295,3.7776387,1.162344,0.38373107
TEST_01296,1.2421488,-0.26048556,0.081725694
TEST_01297,3.3042626,1.3357807,1.3912141
TEST_01298,1.9051934,0.09244716,-0.46031913
TEST_01299,3.0781977,-0.1925791,-0.27568644
TEST_01300,2.6425736,-0.4214895,-0.2752131
TEST_01301,2.3904843,-0.16446675,-0.2364796
TEST_01302,1.5034447,-0.44445056,0.24469812
TEST_01303,2.9762192,0.07144534,0.07711855
TEST_01304,1.8430641,-0.04519417,-0.4920904
TEST_01305,5.489379,0.8665087,1.1437632
TEST_01306,2.9335055,0.51686865,-0.398225
TEST_01307,2.0369813,-0.6523161,0.2531628
TEST_01308,2.2091107,0.34747055,0.48435563
TEST_01309,2.8477762,-1.4079359,0.6137587
TEST_01310,4.143747,0.34385446,0.5976271
TEST_01311,2.6460185,1.002658,-0.15998897
TEST_01312,1.5089285,-0.31330648,0.04082781
TEST_01313,3.238776,-1.4748107,-0.3709409
TEST_01314,2.156373,-0.68877256,0.11456016
TEST_01315,0.85778594,-0.06474442,-0.18254782
TEST_01316,1.8660679,-0.51367813,-0.06848455
TEST_01317,3.5091414,-2.2153776,1.1373316
TEST_01318,3.0438063,-0.60438037,0.45835906
TEST_01319,5.4915586,-0.2527112,0.3431893
TEST_01320,1.4328572,0.60522014,-0.44256705
TEST_01321,4.852475,0.561342,0.13088724
TEST_01322,4.7211437,-1.525216,-0.80519587
TEST_01323,4.2134686,-1.6644368,-0.17476822
TEST_01324,1.0144776,-0.1526237,-0.20876192
TEST_01325,1.9851139,0.29488006,0.3510219
TEST_01326,4.1715097,-0.8028058,-0.03248104
TEST_01327,1.9480274,0.9500743,0.44686547
TEST_01328,5.388248,-1.3493366,1.5142474
TEST_01329,3.394541,0.292149,0.21598305
TEST_01330,2.8158176,0.6293887,-0.73180956
TEST_01331,3.1039948,0.10575549,-0.07754333
TEST_01332,3.0968578,-0.0894052,-0.14448567
TEST_01333,2.4646106,0.0965852,-0.14563458
TEST_01334,3.1848617,0.23751163,0.20708242
TEST_01335,3.7657247,-0.25996038,-0.104700804
TEST_01336,1.6481841,0.37124893,0.34970102
TEST_01337,3.0797806,2.0050302,1.924259
TEST_01338,1.2834251,0.75510544,-0.19042052
TEST_01339,1.3034631,-0.19228888,-0.028354669
TEST_01340,1.9244641,-0.24833144,-0.34092337
TEST_01341,3.4431522,-0.27945808,1.1279134
TEST_01342,1.6954916,-0.9842779,0.28949222
TEST_01343,3.4431064,0.23112525,0.83622587
TEST_01344,3.8603487,-0.70564383,0.9955429
TEST_01345,1.3846624,-0.48159945,0.022660805
TEST_01346,2.2761378,-0.5931559,0.22413683
TEST_01347,2.2617438,-0.6738713,0.46432582
TEST_01348,2.7027154,-0.008638258,-0.17249823
TEST_01349,1.8950928,0.43134156,-0.3807442
TEST_01350,3.3379915,-1.2001026,0.9853257
TEST_01351,2.2840955,1.0468374,0.15470861
TEST_01352,3.308117,-0.042999987,1.6765417
TEST_01353,1.6421529,0.0530714,-0.0049781026
TEST_01354,1.8608327,0.6291621,0.30218267
TEST_01355,2.2746587,0.14209864,-0.058590256
TEST_01356,3.4746327,1.7608483,-0.31287563
TEST_01357,3.2014122,0.07293853,0.8224882
TEST_01358,3.6839254,0.08034078,0.77825767
TEST_01359,5.569834,1.6525673,0.22692433
TEST_01360,4.429742,0.9770477,0.9101251
TEST_01361,2.7015665,1.5378393,-0.1644536
TEST_01362,2.4257557,0.43452737,0.6783642
TEST_01363,3.087205,-2.082657,-1.1498535
TEST_01364,3.6964808,0.6837985,1.081865
TEST_01365,1.4976622,0.4797248,-0.0721325
TEST_01366,2.412348,-0.41583776,0.39361322
TEST_01367,2.510157,-0.19366315,-0.22019659
TEST_01368,2.8140137,-1.0068252,1.2069219
TEST_01369,2.200277,0.31996867,0.26163158
TEST_01370,1.5779027,0.77339655,-3.890878e-05
TEST_01371,2.1723475,0.04066066,-0.4482308
TEST_01372,3.8697026,0.58049107,-1.0007118
TEST_01373,2.3854449,-0.62560475,-0.09290187
TEST_01374,1.2635211,-0.28576896,0.28121287
TEST_01375,3.1593058,-0.5075679,-0.012565298
TEST_01376,2.6717784,0.4068653,1.0144401
TEST_01377,1.5588806,0.6866179,0.02780813
TEST_01378,2.6667392,0.6905015,-0.72178906
TEST_01379,4.370255,1.1627127,-1.3194438
TEST_01380,2.2096949,-0.69095707,-0.27157298
TEST_01381,2.711212,-0.54242194,-0.32466045
TEST_01382,1.5587666,0.18897653,0.085264824
TEST_01383,2.345803,0.5841207,-0.009943503
TEST_01384,2.4609609,-0.06901664,0.058385525
TEST_01385,2.5644267,0.2824558,0.40898383
TEST_01386,2.468444,-0.20590962,0.35555416
TEST_01387,3.5471222,-0.1009796,0.048152547
TEST_01388,2.355189,0.16355205,0.28261372
TEST_01389,3.87982,0.30314454,-0.3119437
TEST_01390,0.98816055,-0.12611988,0.0738485
TEST_01391,1.243195,-0.060183946,-0.053527057
TEST_01392,2.6655476,0.61646837,-0.4894401
TEST_01393,2.1955442,-0.17294173,0.5386404
TEST_01394,2.7821124,0.00013401656,0.072089285
TEST_01395,2.0284946,-0.43939003,-0.13619258
TEST_01396,2.6222615,1.1663107,-0.6460054
TEST_01397,2.1970322,0.5870814,0.653539
TEST_01398,1.7070012,-0.27753106,-0.04862558
TEST_01399,5.8669715,1.4072149,-0.42173153
TEST_01400,4.682406,2.2251966,-0.4948009
TEST_01401,4.362328,1.4949795,0.7300187
TEST_01402,2.4946,-1.2740718,1.1281967
TEST_01403,1.8146613,-1.7074064,-0.6036803
TEST_01404,1.7791966,0.9383684,0.2895075
TEST_01405,2.8588173,0.43417436,-0.31400824
TEST_01406,3.8037305,-0.32020673,-0.22014028
TEST_01407,1.3844273,-0.88130915,-0.078501955
TEST_01408,4.3706584,-0.7111986,0.91221386
TEST_01409,2.455864,-0.34606907,-0.4621994
TEST_01410,2.1290808,0.28302953,0.21937369
TEST_01411,0.8150417,0.33439538,-0.047411703
TEST_01412,2.5740519,-0.37513763,-0.19124974
TEST_01413,1.1924367,-0.113307804,0.31807768
TEST_01414,1.683101,-0.32446194,0.022337439
TEST_01415,4.033579,0.8388082,-0.8298117
TEST_01416,3.2189357,1.0664963,-0.5869033
TEST_01417,2.8566465,1.2256558,0.3463263
TEST_01418,5.2844315,-0.7015078,0.5945197
TEST_01419,1.850165,0.6217956,-0.2074397
TEST_01420,2.4650228,0.9071886,-0.7986619
TEST_01421,2.5462875,-0.3494081,0.21496603
TEST_01422,2.0895803,-0.07576828,-0.21404937
TEST_01423,2.8958945,-0.47014982,0.12124378
TEST_01424,2.6505265,0.13722225,-0.044969745
TEST_01425,2.2138956,0.6586882,-0.56642336
TEST_01426,1.0775684,0.2052416,0.26536712
TEST_01427,3.9071412,0.76939374,0.9102993
TEST_01428,2.1525533,-0.119055,-0.15209034
TEST_01429,3.6516294,1.0356053,0.4308452
TEST_01430,3.0056586,-0.586282,0.7474869
TEST_01431,1.5252744,-0.9321984,-0.35571626
TEST_01432,2.841779,1.3475944,0.3733607
TEST_01433,1.9412265,-0.3702898,-0.22509705
TEST_01434,1.8085879,0.007463184,-0.11059352
TEST_01435,2.0505958,-0.7192597,-0.69105893
TEST_01436,1.784458,-0.049883272,-0.14058766
TEST_01437,1.6618246,-0.5391411,0.14419
TEST_01438,3.4248636,1.6697985,-0.56265455
TEST_01439,5.6330595,1.0252897,0.37199327
TEST_01440,4.4005046,-0.77621007,-0.8075946
TEST_01441,3.1012375,2.1437392,-0.18806033
TEST_01442,1.6466016,-1.5984536,-0.6784917
TEST_01443,3.4247062,0.4212063,0.5514568
TEST_01444,1.8215744,0.3285284,0.5187651
TEST_01445,1.0320379,-0.13561314,0.1925826
TEST_01446,1.707656,0.144013,0.05393635
TEST_01447,5.1163316,-1.0235683,1.2863412
TEST_01448,4.059359,1.1378142,1.2076931
TEST_01449,3.8515244,-0.28849265,0.862281
TEST_01450,1.959417,0.6565872,-0.1191164
TEST_01451,2.4871647,-0.31951854,0.37630746
TEST_01452,3.8550591,0.58165914,1.645059
TEST_01453,1.0961548,0.12482382,0.123529024
TEST_01454,1.7085255,0.98847467,-0.59914654
TEST_01455,0.8833549,0.37919047,0.12760247
TEST_01456,2.0623555,0.5037466,0.043028697
TEST_01457,3.7728355,-1.7817261,-0.43683368
TEST_01458,2.5820453,0.9427651,-0.77202517
TEST_01459,3.4611206,0.275118,0.24949197
TEST_01460,1.7595991,-0.13371198,-0.312692
TEST_01461,3.2322416,-0.022089092,0.5903441
TEST_01462,1.9461387,-0.457094,0.21179838
TEST_01463,1.9729726,0.56056654,-0.67753565
TEST_01464,1.6809865,-0.6073225,0.111919165
TEST_01465,3.606591,-0.23968299,0.55915284
TEST_01466,3.1935897,-0.047391113,0.2102117
TEST_01467,4.02775,0.78933114,-0.81949985
TEST_01468,2.5383034,-0.4607201,0.102071434
TEST_01469,3.2671778,-1.2302054,-0.3992317
TEST_01470,3.6633527,-1.3742942,-0.31052125
TEST_01471,2.025936,0.06016643,-0.044443574
TEST_01472,3.7191408,0.73804,1.2257818
TEST_01473,3.6173644,-1.0644059,-0.14039668
TEST_01474,1.8378056,0.12960027,0.46209863
TEST_01475,1.7632192,0.43151793,-0.11889038
TEST_01476,2.2319639,0.25742075,-0.5515464
TEST_01477,2.4236825,-0.03785684,-0.34968022
TEST_01478,1.2926884,-0.38284457,0.52092814
TEST_01479,5.61518,0.7708771,0.7673857
TEST_01480,3.4059865,-0.5978407,-0.59512895
TEST_01481,2.713081,-1.9606327,-0.45348173
TEST_01482,1.3125383,-0.80518425,-0.67512643
TEST_01483,2.6723275,-2.1055577,-0.044176772
TEST_01484,1.8670243,0.3532293,0.41410783
TEST_01485,2.083925,1.0055387,-0.47251987
TEST_01486,2.4916945,-0.4306831,-0.39773417
TEST_01487,3.9102201,0.70598024,-0.4538684
TEST_01488,2.9282308,1.5599611,1.1117469
TEST_01489,3.3643296,0.14935963,-0.40025464
TEST_01490,2.8902829,0.07477137,-0.1252661
TEST_01491,2.7236836,-0.050289765,-0.90480304
TEST_01492,2.562934,-1.5673817,-1.1400051
TEST_01493,2.271876,0.29902104,-0.2535135
TEST_01494,2.845176,-0.031573188,0.6215961
TEST_01495,3.3609073,0.18524371,-0.26791447
TEST_01496,2.5917664,0.5806562,1.288124
TEST_01497,2.1742098,1.0661155,-0.2421746
TEST_01498,3.3503728,-0.7777636,1.3788359
TEST_01499,3.6978843,-1.0923808,0.19318226
TEST_01500,2.1909301,0.58195055,0.20582153
TEST_01501,2.0485969,-0.18693523,-0.6447861
TEST_01502,1.75705,-0.91639584,0.65448403
TEST_01503,4.329289,0.71786493,0.25905475
TEST_01504,3.4714131,0.12580495,0.44354284
TEST_01505,3.4274695,-1.1417375,1.7564261
TEST_01506,1.5069616,0.109354645,-0.07610611
TEST_01507,2.7350924,-0.2994684,0.28644696
TEST_01508,3.0004423,-0.5452534,-0.20344864
TEST_01509,2.2599747,-0.021065062,-0.43688947
TEST_01510,3.3949761,-1.3033425,0.80416673
TEST_01511,1.9198918,-0.38932413,0.09307238
TEST_01512,1.2648654,0.47903335,0.19445086
TEST_01513,2.9841957,-0.5707973,0.59012973
TEST_01514,1.4882102,-0.14125198,0.26615235
TEST_01515,1.0145218,-0.48499963,0.2569842
TEST_01516,2.3373704,-0.08111812,0.7461529
TEST_01517,3.0541027,0.13191774,-0.82731026
TEST_01518,2.385237,-1.0401832,-0.8228493
TEST_01519,4.9114575,1.0804169,2.324991
TEST_01520,4.09895,-0.33156812,0.35423392
TEST_01521,1.1627326,0.4639236,0.3525325
TEST_01522,4.248021,0.19036235,0.057981975
TEST_01523,1.533199,0.5784083,-0.4552974
TEST_01524,3.3000453,0.033906452,1.1306763
TEST_01525,1.8492503,0.3190776,-0.21720785
TEST_01526,4.7867436,0.81763846,0.8411131
TEST_01527,2.3426201,0.32531875,0.52658254
TEST_01528,1.3762591,-0.16426654,-0.1680225
TEST_01529,1.7695326,-0.01351283,0.062674806
TEST_01530,2.2435994,0.10679758,0.5435928
TEST_01531,2.3628495,0.0025683714,-0.3611782
TEST_01532,4.8815517,1.0210768,1.8324223
TEST_01533,2.2396653,0.0113092465,-0.21272816
TEST_01534,3.1403825,0.575151,0.67529494
TEST_01535,3.060996,0.47500432,0.71685374
TEST_01536,2.6331477,-0.9592855,1.3311201
TEST_01537,1.7136124,0.6311086,0.7585951
TEST_01538,3.8973536,-0.6558157,1.5523905
TEST_01539,2.8577611,-0.48078024,-0.07851652
TEST_01540,2.179203,0.7668089,-0.44370908
TEST_01541,1.325049,-0.61209667,0.05782978
TEST_01542,1.2954445,0.20701642,0.21325436
TEST_01543,1.2914655,0.03806409,-0.31974402
TEST_01544,4.15026,-0.089962445,-0.4352267
TEST_01545,2.8681026,0.25680473,-0.7284138
TEST_01546,2.8876405,0.22135873,0.12237879
TEST_01547,1.6635299,0.1434458,0.095471814
TEST_01548,2.8825426,1.2966301,-0.8881741
TEST_01549,3.9931438,-0.6126648,0.81006885
TEST_01550,1.6294254,1.0919646,0.0071516032
TEST_01551,1.8109237,-0.52523345,0.084115915
TEST_01552,2.4664586,-1.1130223,0.46896192
TEST_01553,2.6739736,0.6649083,-0.27468222
TEST_01554,2.1821985,-0.34852323,-0.35202426
TEST_01555,1.6688302,-0.221622,0.12223048
TEST_01556,3.7498863,0.03811755,0.6668746
TEST_01557,3.6505332,1.2010052,1.0567307
TEST_01558,3.5201612,1.1126298,0.6234278
TEST_01559,5.1408877,1.4639516,-0.84573245
TEST_01560,4.4926357,0.30643395,1.1566525
TEST_01561,4.089605,-0.86744183,1.2021422
TEST_01562,1.7404594,1.2418164,-0.7984571
TEST_01563,3.8909545,1.4984169,1.2923589
TEST_01564,3.251718,0.14467001,-0.31921223
TEST_01565,1.9997146,-0.52316403,0.46541938
TEST_01566,2.5754206,-0.5023825,0.1426396
TEST_01567,3.2314708,0.57446486,0.32983127
TEST_01568,3.2416492,-1.8628386,-0.2627848
TEST_01569,3.448995,-0.17511302,-0.35350022
TEST_01570,2.6461601,0.22094528,-0.49134836
TEST_01571,3.9180658,0.31365213,-0.4112441
TEST_01572,3.8542845,-1.4558626,-0.82381064
TEST_01573,2.6292038,0.15391411,0.07821675
TEST_01574,2.0484805,1.151776,0.022835992
TEST_01575,2.07067,-0.5629331,0.58003354
TEST_01576,1.3209722,0.44318765,0.73575824
TEST_01577,2.733996,0.7717555,0.715133
TEST_01578,4.567787,0.23331143,0.34037957
TEST_01579,1.6175114,-0.57961154,0.35478994
TEST_01580,1.6911101,0.51233715,0.6229141
TEST_01581,1.9557897,0.13198017,-0.9172642
TEST_01582,1.5336179,-0.53873044,-0.25852698
TEST_01583,4.3169374,-0.7866882,0.9198367
TEST_01584,2.4561906,-0.13188882,-0.035619184
TEST_01585,0.9289064,-0.5363398,0.31285807
TEST_01586,2.8117378,0.31420788,-0.50095826
TEST_01587,2.7354186,0.62042826,-0.48174945
TEST_01588,2.6446586,0.53454405,-0.06491113
TEST_01589,4.5666676,1.2123996,0.93368936
TEST_01590,1.3675469,0.9521822,0.03331175
TEST_01591,2.4208462,-0.41448906,0.16993855
TEST_01592,1.3669903,0.13548371,0.2710735
TEST_01593,2.7212555,0.7697086,-0.7652907
TEST_01594,1.5835255,-0.1707738,-0.061104767
TEST_01595,1.0669125,-0.33083296,0.12802048
TEST_01596,3.2920313,-0.26601616,0.8894693
TEST_01597,0.96214527,-0.1643328,-0.07755963
TEST_01598,2.5648308,1.1902835,1.0459279
TEST_01599,5.278661,-0.54392797,0.2697616
TEST_01600,4.6349034,2.0368154,1.1766343
TEST_01601,4.3291235,0.13188979,-0.7625096
TEST_01602,3.4430604,-1.2345331,0.21893924
TEST_01603,4.0207753,-1.481218,-0.61081624
TEST_01604,2.518756,0.6863264,-0.073423155
TEST_01605,1.9200244,-0.2640619,-0.070572406
TEST_01606,4.0583453,-0.27956474,0.15992966
TEST_01607,4.5054803,-1.183212,-0.3305519
TEST_01608,3.56207,-0.9396843,1.2845384
TEST_01609,2.9639487,0.46804112,-0.12039019
TEST_01610,1.9773253,-0.4578025,0.3869763
TEST_01611,3.5492747,-0.26261127,-0.034296308
TEST_01612,2.9994473,0.9546853,0.18895595
TEST_01613,1.8066067,0.051011544,0.1696647
TEST_01614,1.6929427,-0.8593026,0.8581226
TEST_01615,2.5770967,-0.22873433,-0.60516125
TEST_01616,2.7847905,-1.2716922,-0.3173081
TEST_01617,1.9619199,-0.7146265,-0.20925039
TEST_01618,1.3054701,0.06551292,0.40031788
TEST_01619,2.0103762,0.4412654,0.25372103
TEST_01620,2.3150141,-0.8852014,0.11838798
TEST_01621,3.2834055,0.11959223,0.124387845
TEST_01622,1.8933011,-0.41094363,0.29960448
TEST_01623,2.4620261,-0.6688245,-0.5702745
TEST_01624,4.1453996,0.23013149,-0.81861186
TEST_01625,4.6126328,-1.6957284,1.034423
TEST_01626,1.8028948,0.103170134,0.44027567
TEST_01627,3.5624688,-0.24145244,-0.2729063
TEST_01628,2.8684928,-1.1536758,-0.32879332
TEST_01629,3.6231813,-0.27058607,0.8582401
TEST_01630,1.2082138,0.4861944,0.32804048
TEST_01631,3.1337707,-0.78630775,-0.5587303
TEST_01632,3.4950836,1.4515727,-1.0374725
TEST_01633,3.4398375,0.8659411,0.768203
TEST_01634,3.7093177,-0.4490163,-0.6498029
TEST_01635,1.5512097,-0.2744147,-0.18209635
TEST_01636,2.555626,-1.4948586,1.0640486
TEST_01637,3.0117714,-0.2946915,-0.10488581
TEST_01638,2.8468547,0.5063725,0.16673024
TEST_01639,4.110866,0.9983504,1.8104031
TEST_01640,3.6010082,1.1042309,-0.6467609
TEST_01641,3.420672,-0.07415652,1.1056371
TEST_01642,2.9187968,1.5965878,-0.6403887
TEST_01643,2.8775973,-1.1769441,0.3364982
TEST_01644,1.8127537,-0.2000188,-0.19094023
TEST_01645,2.1259847,0.5644753,-0.14711419
TEST_01646,4.7058134,-0.15412225,1.2313397
TEST_01647,4.9413376,-0.90067154,0.26789525
TEST_01648,5.1333423,1.2422122,-0.33561257
TEST_01649,2.7796872,-0.20712808,-0.27770165
TEST_01650,1.741663,0.14804778,-0.112974964
TEST_01651,1.7669718,0.0014072757,0.20539984
TEST_01652,3.562852,1.3836207,-0.32320914
TEST_01653,1.515251,-0.23231228,0.3455569
TEST_01654,3.2515433,0.73140466,-0.6218437
TEST_01655,1.3008202,-0.8343657,-0.21296205
TEST_01656,2.6641731,-1.2733896,1.0617712
TEST_01657,3.885676,0.5293359,0.58278495
TEST_01658,1.4868158,-0.3342048,0.20819695
TEST_01659,3.7506661,-1.4793072,-0.61905843
TEST_01660,2.1149454,0.88531095,0.77669305
TEST_01661,2.1316807,0.25480038,-0.4955693
TEST_01662,1.5612658,0.17093708,0.18561509
TEST_01663,1.6671472,0.66009015,-0.56940436
TEST_01664,2.871305,-0.48013622,0.28131786
TEST_01665,4.595618,1.3291718,-0.932512
TEST_01666,1.7997779,0.14825982,-0.48131582
TEST_01667,1.1804144,-0.2531934,-0.27601644
TEST_01668,2.6661022,-0.4566267,0.6586936
TEST_01669,4.6355724,-1.2136828,1.2805458
TEST_01670,2.5285022,0.33886102,0.68662655
TEST_01671,1.1409851,-0.26493958,0.05116901
TEST_01672,1.7429088,-0.5915056,0.46704853
TEST_01673,2.6053689,-0.70079803,0.5957268
TEST_01674,3.167492,-0.5333621,0.08357619
TEST_01675,1.9109324,0.5466028,-0.26244107
TEST_01676,3.7486966,-1.9504294,1.0243583
TEST_01677,2.625378,-0.6603485,0.4183189
TEST_01678,1.788211,-0.046029028,-0.4494573
TEST_01679,5.4146285,-1.9417102,1.3330672
TEST_01680,3.2884078,1.433993,-0.31405666
TEST_01681,4.149815,-0.023758745,-0.66620153
TEST_01682,2.2917626,-0.26081312,0.82799685
TEST_01683,3.3388696,0.47929335,0.4668887
TEST_01684,2.0250275,-0.33037722,0.22545442
TEST_01685,1.6408018,-0.82674706,0.5814955
TEST_01686,4.387437,0.7761187,-0.08707478
TEST_01687,2.0850775,-1.0666484,-0.22633593
TEST_01688,0.9640608,-0.785181,0.30539018
TEST_01689,2.9705229,0.25123233,0.3333792
TEST_01690,1.9127866,-0.090841874,-0.037350193
TEST_01691,3.4126017,0.021498132,0.1303537
TEST_01692,4.676373,-0.11869653,1.4337276
TEST_01693,2.9543834,0.23871787,0.5858887
TEST_01694,3.8209283,-0.1596522,-0.2289715
TEST_01695,2.5633402,-0.34233862,0.03087982
TEST_01696,2.7064946,0.1127975,-0.42345306
TEST_01697,2.7290664,-1.4564612,0.51662356
TEST_01698,1.2254624,1.029241,0.45070365
TEST_01699,4.647585,-1.1105288,-0.6227656
TEST_01700,1.0525686,-0.37249464,-0.11987984
TEST_01701,1.4771886,-0.2711279,-0.48034498
TEST_01702,1.8810318,0.8307731,-0.47686517
TEST_01703,1.3741412,0.6794645,0.34624928
TEST_01704,1.8030478,-0.05004429,0.084511176
TEST_01705,5.006541,1.3935047,1.1734165
TEST_01706,1.090651,0.44509444,0.58394104
TEST_01707,1.3342093,-0.032485407,-0.23313504
TEST_01708,2.7240174,-0.06482741,0.03840111
TEST_01709,3.3823698,0.162961,-0.13014401
TEST_01710,4.520723,1.0324855,1.5337769
TEST_01711,2.0821846,0.26476505,0.13429192
TEST_01712,2.0124695,-0.80956435,-0.22253145
TEST_01713,2.277945,-1.1346416,0.31631166
TEST_01714,1.5866519,0.13644224,-0.020536456
TEST_01715,1.8838391,-1.1866988,-0.62435853
TEST_01716,3.2742229,1.4204102,0.91424733
TEST_01717,3.7422884,0.5981577,0.68354386
TEST_01718,1.4675621,-0.2468653,0.35776863
TEST_01719,2.3149323,-1.1667212,-0.13499473
TEST_01720,3.2765937,2.339524,0.9822094
TEST_01721,3.7177036,-2.390692,-0.7545567
TEST_01722,4.2237825,0.1479498,1.5244899
TEST_01723,1.1605251,0.6079353,-0.3369645
TEST_01724,2.2755466,0.979013,-0.20836118
TEST_01725,2.4693413,-0.02504171,-0.074892774
TEST_01726,4.647378,1.2302158,0.08111194
TEST_01727,3.0244734,1.0319943,-0.17411615
TEST_01728,4.6835265,0.15704687,-0.37122357
TEST_01729,3.0525346,-0.00030354317,0.38111535
TEST_01730,1.4657477,0.58772284,0.05252534
TEST_01731,1.0119028,0.28991124,-0.30838147
TEST_01732,3.5625074,-1.036363,0.17252463
TEST_01733,1.1542431,-0.44796526,0.17295998
TEST_01734,1.8081204,-1.0478803,1.1860306
TEST_01735,1.4111524,-0.5241491,0.5214989
TEST_01736,2.6386313,-0.21608075,-0.53503937
TEST_01737,3.7212303,2.1729767,2.0296247
TEST_01738,5.425827,-1.1133564,1.6755382
TEST_01739,1.3081706,0.27774546,0.054545276
TEST_01740,2.1518261,-0.6992217,-0.13803205
TEST_01741,1.1756227,-0.44252208,-0.21159567
TEST_01742,1.9851688,0.901657,0.61840415
TEST_01743,3.2761414,0.60550535,1.1410294
TEST_01744,2.8535082,-0.34904242,0.2096426
TEST_01745,1.4854052,-0.4952071,-0.17567609
TEST_01746,1.2949257,-0.81205845,-0.550497
TEST_01747,4.118327,0.34130257,-0.82995594
TEST_01748,1.7561471,-0.2385533,0.104615726
TEST_01749,4.454844,-0.7726538,0.73915297
TEST_01750,2.3962848,1.4431493,0.013593746
TEST_01751,1.5634831,0.10985239,0.12114035
TEST_01752,2.767873,1.6014373,0.38676542
TEST_01753,3.0686853,-0.686583,0.61668795
TEST_01754,1.60187,-0.1574222,0.19684178
TEST_01755,1.785659,0.18578066,-0.5222598
TEST_01756,3.3744812,1.3843329,0.5537562
TEST_01757,2.7015572,-0.030302387,0.586496
TEST_01758,1.6534523,-0.49074963,0.035098035
TEST_01759,5.8983984,0.26408947,0.3854203
TEST_01760,4.744199,-1.1184027,-1.5003045
TEST_01761,4.3499207,-1.8471408,1.1436465
TEST_01762,1.8783609,1.6582686,-0.556587
TEST_01763,1.2788416,-0.17755789,-0.49737436
TEST_01764,3.1963792,1.180482,-0.03469057
TEST_01765,1.1000036,0.24564587,-0.11023888
TEST_01766,3.3326929,0.14090517,-0.7436391
TEST_01767,3.5250916,0.028206952,-0.60738313
TEST_01768,0.8447479,-0.14654996,0.27509105
TEST_01769,3.5025759,-0.06416384,-0.32163334
TEST_01770,3.607419,0.36134663,0.25915727
TEST_01771,2.627855,-0.22882026,-0.07465204
TEST_01772,1.9919158,-0.09666681,0.43634793
TEST_01773,2.773146,-0.32491454,0.23151606
TEST_01774,2.763056,0.23604846,-0.45047647
TEST_01775,1.0682465,0.41793075,-0.31027597
TEST_01776,2.9466667,0.26936823,1.3145972
TEST_01777,2.2167974,0.1136784,-0.5797366
TEST_01778,1.6210831,0.03515803,0.17834298
TEST_01779,3.6488812,1.2051197,-0.44040337
TEST_01780,1.887376,-0.4818395,-0.6130319
TEST_01781,3.3010316,-0.16842182,0.56193066
TEST_01782,1.9114609,-0.3891848,0.41882837
TEST_01783,2.3869753,-0.3152217,0.53782636
TEST_01784,3.13658,-0.5344394,0.7937962
TEST_01785,1.9261525,0.078091145,-1.0072678
TEST_01786,2.8557897,-0.021189488,-0.021527756
TEST_01787,2.3232923,-0.1923849,-0.40027493
TEST_01788,1.9306564,-0.3450999,0.24118295
TEST_01789,4.9731207,0.86648726,0.11238162
TEST_01790,5.3486114,-1.1821777,1.2896817
TEST_01791,1.9485308,-0.2799475,0.086434595
TEST_01792,1.5165565,0.27310163,0.37061352
TEST_01793,3.274326,1.2337059,1.657983
TEST_01794,1.8927962,0.5342071,-0.01292692
TEST_01795,1.6531932,0.30160967,0.35264045
TEST_01796,1.2530528,0.35696557,0.48986092
TEST_01797,2.997083,-0.52927834,0.044622514
TEST_01798,2.5229442,0.2568938,0.37931615
TEST_01799,1.7898122,-0.8847004,0.4466378
TEST_01800,1.4219728,1.0000062,0.29409796
TEST_01801,3.1142182,-0.20625791,0.62015253
TEST_01802,1.4892247,0.59005004,0.7406944
TEST_01803,1.1776454,-0.56211305,-0.0044048578
TEST_01804,1.943124,0.7571219,-0.11931484
TEST_01805,1.6731791,0.35884687,-0.35208175
TEST_01806,4.205717,0.33472186,0.71435416
TEST_01807,3.4230323,-1.3114514,0.6085952
TEST_01808,3.8296132,1.4814333,-0.35653955
TEST_01809,2.037564,-0.11299265,-0.17005011
TEST_01810,1.6856098,0.24340974,0.4363063
TEST_01811,2.212994,0.070186615,-0.16571154
TEST_01812,1.6067642,-1.175838,0.09242334
TEST_01813,2.6325562,-0.38353452,-0.6140334
TEST_01814,1.5099322,0.44991973,0.124880865
TEST_01815,1.0309879,0.020589286,-0.18633527
TEST_01816,2.0445817,0.84128004,-0.89603907
TEST_01817,3.7561533,-0.18072017,0.54965514
TEST_01818,1.0439494,-0.11144318,0.01241095
TEST_01819,1.8000882,-0.9713417,-0.035548743
TEST_01820,2.1328242,0.06796646,0.5650254
TEST_01821,3.2213433,0.21591727,-0.2118146
TEST_01822,1.9439539,0.74316734,0.38606066
TEST_01823,4.085239,0.28614572,0.68046254
TEST_01824,3.7355769,-0.686305,-0.2280293
TEST_01825,3.226982,1.477131,0.54056096
TEST_01826,2.4939377,-0.115424834,-0.16960913
TEST_01827,4.2539077,0.1614707,0.8625992
TEST_01828,3.1234016,1.052616,-0.64262265
TEST_01829,2.705556,1.7883221,-0.46783307
TEST_01830,3.6341622,1.6959289,0.48118016
TEST_01831,1.9502321,-0.041892,-0.16968232
TEST_01832,3.4202874,-0.9666208,1.0007027
TEST_01833,3.0323834,0.76239926,-0.09530606
TEST_01834,2.0209231,-0.2932914,-0.06427097
TEST_01835,2.0950987,-0.38866895,-0.5564615
TEST_01836,1.7235881,0.56473666,-0.513917
TEST_01837,1.9728198,-0.29583463,0.2744088
TEST_01838,2.9583125,-1.6064698,-0.28150806
TEST_01839,3.2782135,-0.46008214,1.1282977
TEST_01840,4.845988,-0.13258828,-0.8378233
TEST_01841,4.527747,-0.2216837,-0.5433291
TEST_01842,2.0919235,-1.2146367,-0.7186829
TEST_01843,2.3891983,-1.1884559,-0.047287542
TEST_01844,2.1127906,0.29315883,-0.55868655
TEST_01845,2.1692877,-0.15519078,-0.45122734
TEST_01846,2.271469,0.3365181,-0.5552839
TEST_01847,4.8419023,-1.2798455,0.6393745
TEST_01848,5.6880956,-0.99563503,0.38477594
TEST_01849,4.399254,0.563213,0.016975721
TEST_01850,2.4373093,-0.1342318,0.6507703
TEST_01851,2.7626297,0.035650488,-0.47646856
TEST_01852,1.7567297,-0.30409813,-0.6133815
TEST_01853,2.0495043,-0.20759685,-0.0038805595
TEST_01854,2.952069,0.011462501,0.5404398
TEST_01855,3.061565,0.75832385,0.22426961
TEST_01856,1.2499483,0.50302637,0.31740358
TEST_01857,2.4954398,-0.78959024,1.1542066
TEST_01858,2.910039,0.81695276,0.35313606
TEST_01859,1.9338833,-0.9127168,0.20222665
TEST_01860,2.3848364,-0.46789858,-0.8553995
TEST_01861,1.6800616,0.5322547,0.48847267
TEST_01862,1.8958577,0.680761,-0.157088
TEST_01863,2.4308252,-0.082862586,0.323197
TEST_01864,2.4242532,0.00865792,0.11668269
TEST_01865,3.8083496,0.083457805,0.8529486
TEST_01866,3.0925004,0.6615254,0.3374416
TEST_01867,2.449473,-0.5600177,0.24796289
TEST_01868,3.10121,-0.39120218,-0.05135102
TEST_01869,4.3491282,-0.76547116,0.2721952
TEST_01870,3.7485597,0.72017735,0.657796
TEST_01871,1.330338,0.27639264,0.12777951
TEST_01872,2.4351947,0.6386703,0.72897696
TEST_01873,1.8184243,0.27186367,-0.28049907
TEST_01874,2.1526453,0.60242283,0.30767596
TEST_01875,1.87284,0.058558185,0.5258421
TEST_01876,4.091977,-1.3894228,0.38206488
TEST_01877,3.1056662,1.2391537,-0.5589739
TEST_01878,2.8107502,-1.2350976,0.2956971
TEST_01879,5.145461,-0.39057449,0.95341885
TEST_01880,4.7049413,-0.20384341,-0.51589686
TEST_01881,5.2910075,-0.9897906,1.2629955
TEST_01882,3.9152906,0.57790637,0.84048855
TEST_01883,2.3208356,-1.5289178,0.28465044
TEST_01884,2.1041768,0.77938336,0.25018522
TEST_01885,1.1199468,-0.14495215,-0.26199624
TEST_01886,1.5436538,0.9803987,-0.45310128
TEST_01887,3.8003247,-1.3329298,-0.87305105
TEST_01888,4.4347687,1.9252137,0.17664887
TEST_01889,1.2794611,-0.3875534,-0.16241924
TEST_01890,1.4021312,0.09268449,-0.13226482
TEST_01891,2.101051,-0.077817895,-0.8170076
TEST_01892,5.1319456,-1.1940585,-0.8495072
TEST_01893,1.4474195,-0.26682493,0.20114224
TEST_01894,3.0924153,0.2498846,-1.2059513
TEST_01895,2.504037,0.63196445,0.09990928
TEST_01896,2.7019224,-0.2321883,0.76817304
TEST_01897,1.6478432,0.50330204,-0.3877977
TEST_01898,5.146539,-0.98070157,0.004961998
TEST_01899,1.9993829,1.3103703,0.32614663
TEST_01900,2.7646883,-0.23929976,0.35346952
TEST_01901,1.8477165,0.08639826,0.08707276
TEST_01902,2.2622895,0.27115443,-0.8485292
TEST_01903,1.3298081,0.36431837,0.36667877
TEST_01904,3.5283773,-0.3260177,-0.07824528
TEST_01905,1.2974731,-0.28442255,-0.37320024
TEST_01906,2.4909468,0.3866922,0.44669798
TEST_01907,3.6205635,-0.4715939,-0.10993333
TEST_01908,2.8608286,-0.07639052,0.07111364
TEST_01909,3.7208676,-0.10832258,1.0685017
TEST_01910,2.309244,-0.6668022,0.3151208
TEST_01911,3.0203233,-0.71329,-0.003567241
TEST_01912,1.1814048,0.03558981,-0.20026484
TEST_01913,1.8431646,0.70901614,-0.7400658
TEST_01914,3.3773477,0.539168,0.86347926
TEST_01915,1.73208,-0.83172446,0.4438527
TEST_01916,2.3794763,0.22190899,-0.08041417
TEST_01917,3.0457792,-0.57132214,0.32863334
TEST_01918,2.6098192,0.38159457,0.029157765
TEST_01919,4.8984404,1.0435618,-1.0665375
TEST_01920,4.354681,-0.8826761,0.5062999
TEST_01921,2.800843,0.24528036,0.6367996
TEST_01922,3.4374993,0.6440468,0.8805415
TEST_01923,2.482122,-0.9719284,-0.9823494
TEST_01924,2.9060028,-0.4999049,0.14741293
TEST_01925,2.3377407,0.35365507,0.17403474
TEST_01926,4.2801375,-0.13720146,0.16369648
TEST_01927,3.1076279,-1.3677531,0.0719936
TEST_01928,1.3445842,0.47296253,0.58805996
TEST_01929,3.6682627,-0.007475346,0.37454435
TEST_01930,1.1806992,-0.16652378,-0.14321996
TEST_01931,4.316469,0.477823,-0.21010903
TEST_01932,3.6409667,-0.29002932,-0.2481746
TEST_01933,1.6601651,-0.2667519,-0.27364522
TEST_01934,1.7400411,0.12762615,-0.5240894
TEST_01935,2.913033,0.59487784,-0.81182826
TEST_01936,1.1389478,0.19219714,-0.060138963
TEST_01937,2.688796,0.34246224,0.2895947
TEST_01938,5.3131433,0.5394605,0.3757537
TEST_01939,3.38551,-1.0148693,0.25822404
TEST_01940,2.733647,0.7918335,-0.08674229
TEST_01941,2.127583,0.44644144,-0.6981715
TEST_01942,1.6956893,0.30233493,0.28600118
TEST_01943,1.4227654,0.23240647,-0.1919493
TEST_01944,1.312666,0.24345782,0.2679814
TEST_01945,2.0443094,0.1601453,1.1030782
TEST_01946,1.9175009,-0.009269669,0.43476325
TEST_01947,3.9449668,0.13301736,0.0049465178
TEST_01948,1.9605446,-0.57729715,0.3225343
TEST_01949,3.234659,-0.838674,0.25595543
TEST_01950,4.005897,-0.21459778,-0.7635406
TEST_01951,2.8127174,0.54903466,-0.5708568
TEST_01952,2.6862206,1.425181,-0.47438866
TEST_01953,1.6941125,-0.2756766,0.18690772
TEST_01954,2.6680486,-0.1954375,0.1074842
TEST_01955,1.9470454,-0.21196076,0.21973413
TEST_01956,1.6338457,0.64876467,0.43176076
TEST_01957,2.086225,-0.040510453,0.42894894
TEST_01958,2.6585479,-0.55503076,-0.401009
TEST_01959,3.9567459,-1.3563054,2.3962696
TEST_01960,4.5770016,0.4655379,0.96018034
TEST_01961,3.6359935,1.9857458,-0.61742336
TEST_01962,2.2612333,0.33913565,1.0347983
TEST_01963,1.7751026,0.3918902,-0.53949505
TEST_01964,3.3150747,0.6477965,-0.845729
TEST_01965,2.0209312,1.1114662,-0.6748845
TEST_01966,1.3067262,0.7723233,-0.1746737
TEST_01967,4.093492,-0.30643705,0.15886976
TEST_01968,3.9421241,-0.39438468,0.7215974
TEST_01969,4.3680673,-0.07827596,-0.9784433
TEST_01970,2.382727,0.44480637,0.6285686
TEST_01971,3.2012324,-0.048050366,0.62523055
TEST_01972,4.8804417,-0.0071041347,-0.9910418
TEST_01973,1.0366534,0.16786999,0.21279016
TEST_01974,3.2890358,-0.61924565,1.0477629
TEST_01975,1.1980274,-0.1835449,0.41282627
TEST_01976,2.6727011,-0.8067313,-0.6513498
TEST_01977,3.6844609,2.2410102,-0.14131497
TEST_01978,5.654623,0.5230269,0.7214724
TEST_01979,4.6461277,1.3814931,0.0331236
TEST_01980,2.085488,-0.8108638,-0.2641465
TEST_01981,3.1106997,-0.20647581,0.07638601
TEST_01982,1.9789296,-0.7625246,0.6940941
TEST_01983,2.6009126,0.4063096,0.50675267
TEST_01984,1.5755467,-0.40899926,-0.3251312
TEST_01985,4.872389,-0.16190478,-0.047047306
TEST_01986,2.717666,-0.33696827,0.45574123
TEST_01987,4.67192,0.39499715,0.33280355
TEST_01988,2.3895564,0.5326393,-0.32956558
TEST_01989,3.0953288,1.3895664,-0.7653935
TEST_01990,4.910622,0.7613524,1.5819564
TEST_01991,3.1840062,0.4795572,0.46214458
TEST_01992,2.016381,0.6428161,0.472527
TEST_01993,2.7864587,0.104843065,0.19151391
TEST_01994,2.3386254,0.43635076,0.11517661
TEST_01995,1.730805,-0.603653,-0.098393865
TEST_01996,1.8838898,0.19766659,0.46085274
TEST_01997,2.0801668,0.23139416,-0.17973296
TEST_01998,2.7142901,1.5270934,1.0193144
TEST_01999,3.1628294,1.8942196,-0.8142489
TEST_02000,3.9337373,-0.10936107,-0.6056384
TEST_02001,3.4871516,0.28800842,0.00064543635
TEST_02002,1.7882968,-1.4480376,0.49139822
TEST_02003,3.4550824,-0.71496373,0.0010646337
TEST_02004,4.0258994,-0.6678751,-0.19241811
TEST_02005,2.2310905,-0.08204313,-0.39659113
TEST_02006,4.306085,1.120667,0.60193926
TEST_02007,3.0429006,-0.9623638,-0.023283452
TEST_02008,5.0749497,1.6749904,0.007439451
TEST_02009,2.79197,0.36946133,0.4727077
TEST_02010,2.013524,0.06264957,0.089129955
TEST_02011,2.452758,-0.34711102,-0.18729956
TEST_02012,3.0359068,-0.81459737,0.1102256
TEST_02013,2.8071392,0.2101133,-0.0066146106
TEST_02014,3.3390434,0.06387014,1.2657001
TEST_02015,2.722039,0.47969684,-0.19925544
TEST_02016,3.0218184,0.38340005,-0.515446
TEST_02017,3.6402955,-1.7695625,-0.44361833
TEST_02018,3.4155152,-0.18799359,-1.0435201
TEST_02019,3.6196806,0.92166996,0.9889571
TEST_02020,2.691854,0.93743587,0.8794588
TEST_02021,1.5016943,-0.22656271,-0.15100479
TEST_02022,1.1493448,-0.26816693,0.4486639
TEST_02023,3.5526388,-0.20954551,0.17180373
TEST_02024,2.46146,-0.22685449,-0.34269226
TEST_02025,1.3058997,0.3572183,-0.097398505
TEST_02026,1.655778,-0.48154995,-0.371208
TEST_02027,2.9468353,-0.24088925,0.9239071
TEST_02028,1.977163,-0.13950613,0.2146367
TEST_02029,4.6780744,1.0968366,0.49383113
TEST_02030,1.9650105,-0.7864078,0.7501937
TEST_02031,2.3523915,-0.14010629,-0.42959577
TEST_02032,3.8019865,-0.33675173,1.9648955
TEST_02033,3.3334951,0.18968134,0.3145313
TEST_02034,2.1482923,-0.05842902,-0.10476529
TEST_02035,2.3546648,0.64921445,0.5497797
TEST_02036,4.159079,1.7735802,0.32155588
TEST_02037,1.5914304,0.34463796,0.22945645
TEST_02038,2.3506277,0.97854716,0.96261126
TEST_02039,2.6586452,0.6047869,1.401152
TEST_02040,4.2466273,1.0131155,1.5779866
TEST_02041,3.2216082,-2.6196966,-0.0086758165
TEST_02042,4.7347193,0.4287995,-0.58903146
TEST_02043,3.753028,0.38021412,0.11970321
TEST_02044,3.3977792,-1.6821022,1.3649611
TEST_02045,1.44613,-0.47540766,-0.014901827
TEST_02046,4.5014086,-0.78914195,1.175657
TEST_02047,4.9872165,-1.1528454,-0.08554085
TEST_02048,2.8414242,-0.8971727,-0.92281973
TEST_02049,2.8425343,0.2915849,0.46817207
TEST_02050,2.9720032,0.39707366,0.14910176
TEST_02051,3.376983,-0.06628826,0.09416413
TEST_02052,2.1288335,1.0954173,-0.727823
TEST_02053,3.1255865,0.31530276,0.2251356
TEST_02054,2.8646758,-0.17988662,0.7939572
TEST_02055,1.8785939,-0.61168116,0.30448955
TEST_02056,3.5736744,0.6318629,-0.43338442
TEST_02057,3.6966755,0.49517125,1.158416
TEST_02058,2.941596,1.5303546,1.110203
TEST_02059,2.732283,-1.5515565,-0.8288569
TEST_02060,1.1087108,-0.30129787,0.113622054
TEST_02061,3.0679176,0.46134138,0.8904881
TEST_02062,1.6219859,0.133143,-0.09264103
TEST_02063,2.8322835,-0.6611517,0.45876452
TEST_02064,1.5187746,-0.04995731,0.23686084
TEST_02065,2.6227624,-0.16942869,0.26706013
TEST_02066,2.4044564,0.3832435,0.21495782
TEST_02067,3.950405,0.45534223,0.50804585
TEST_02068,2.7947762,0.13469839,0.14555407
TEST_02069,3.2153049,1.2044015,0.5149927
TEST_02070,1.8241544,-0.6835092,-0.35817125
TEST_02071,2.536043,0.99208504,-0.668473
TEST_02072,2.8027017,1.5658853,0.11897953
TEST_02073,2.9433677,-1.2725524,0.75359416
TEST_02074,2.7863836,0.06512791,0.14383867
TEST_02075,1.820244,0.36042225,0.32121867
TEST_02076,2.2169573,0.9038857,-0.472056
TEST_02077,3.0984983,-1.1797863,0.020461816
TEST_02078,3.445961,1.7324072,0.84908134
TEST_02079,5.1443095,1.4030061,1.870419
TEST_02080,2.7255974,1.4251008,0.59871334
TEST_02081,2.065211,0.35277572,-0.6142408
TEST_02082,4.468824,0.37767154,-0.534185
TEST_02083,2.2279642,-0.23439826,0.62504697
TEST_02084,1.448398,-0.07683878,0.19193682
TEST_02085,2.743114,0.42773446,-0.12584582
TEST_02086,3.3592286,-0.0025388382,0.9631498
TEST_02087,4.4467063,-0.5867984,-0.1617884
TEST_02088,1.2718326,-0.04963039,-0.2887227
TEST_02089,2.4440389,-0.064430274,0.08067972
TEST_02090,2.632789,0.5538351,0.086510815
TEST_02091,3.1974292,-0.14652391,0.55733085
TEST_02092,2.1679685,-0.981629,-0.24085703
TEST_02093,2.4254231,-0.16807033,-0.06995401
TEST_02094,2.7167642,1.0510937,-1.0226612
TEST_02095,2.8312037,0.013381076,0.03809792
TEST_02096,1.6374798,0.67754,0.8796095
TEST_02097,4.280495,1.0710833,2.22138
TEST_02098,4.860931,-0.5673723,-0.17939636
TEST_02099,3.8769732,-0.5658474,-0.43556526
TEST_02100,2.7279532,0.0047806683,-0.7699227
TEST_02101,3.439315,0.00694601,-0.6297683
TEST_02102,1.8533436,0.32960638,-0.3476094
TEST_02103,4.3480673,0.17624941,0.6240026
TEST_02104,2.6316836,-0.17604464,0.37935302
TEST_02105,3.729989,-0.9468638,1.3175689
TEST_02106,1.7406985,-0.65876263,-0.48579922
TEST_02107,2.3306432,-0.35298833,-0.42335674
TEST_02108,2.7753398,1.2825357,0.86930794
TEST_02109,1.7469089,-0.70383507,-0.31581205
TEST_02110,4.914477,-1.1049203,0.983678
TEST_02111,3.458221,-0.5736901,-0.2783662
TEST_02112,3.3746066,0.591948,0.45141548
TEST_02113,2.791825,-1.0196328,0.66280067
TEST_02114,1.9587642,-0.39261678,-0.029092673
TEST_02115,1.802421,0.25643355,-0.20344162
TEST_02116,1.4978124,-0.30685988,-0.12800407
TEST_02117,1.9011542,0.056587767,-0.17731991
TEST_02118,2.9534066,-0.76563126,0.78001875
TEST_02119,4.0649962,1.1131378,0.6386481
TEST_02120,3.1812742,1.652198,1.0378513
TEST_02121,1.3334161,0.88566315,0.07707359
TEST_02122,2.938929,-0.7604676,1.3765942
TEST_02123,1.7534806,0.47685945,-0.2820449
TEST_02124,2.6838324,0.121966094,0.21397509
TEST_02125,2.2091234,-0.5349238,0.74922353
TEST_02126,1.7529142,0.90711665,0.26051927
TEST_02127,3.4586308,-0.12862551,1.2666385
TEST_02128,5.6562095,-1.519525,-0.6891393
TEST_02129,2.782866,0.69110644,-0.16553861
TEST_02130,1.9273208,0.38919982,-0.33266386
TEST_02131,2.6202042,-0.3269256,0.28536758
TEST_02132,3.6195903,1.3912665,1.182351
TEST_02133,3.1466277,0.27714851,-0.11132993
TEST_02134,3.073098,-1.210541,0.055875663
TEST_02135,2.059523,-0.09903835,0.061639097
TEST_02136,2.2553685,-0.16494067,-0.30348855
TEST_02137,3.493112,0.12084586,1.953946
TEST_02138,4.0977826,0.981559,-0.7748391
TEST_02139,1.1800537,-0.661089,-0.16673991
TEST_02140,2.4484308,0.011944613,-0.013747301
TEST_02141,1.9505235,-0.17577782,-0.6143514
TEST_02142,1.7487878,0.011353159,0.46678382
TEST_02143,2.6541188,0.2813754,-0.021432541
TEST_02144,2.6909034,-0.28884193,0.8414647
TEST_02145,1.6430403,0.09172212,0.0129718175
TEST_02146,1.1453608,0.11008072,0.3338839
TEST_02147,2.5538983,-0.64478135,0.96233964
TEST_02148,2.4931526,-0.03831915,-0.08835359
TEST_02149,1.7793838,-0.2150907,-0.74607724
TEST_02150,1.1857619,-0.1771832,0.24598719
TEST_02151,1.8525527,0.24655274,0.4070197
TEST_02152,3.3782544,1.5428978,0.54777825
TEST_02153,2.9921331,1.3766358,-0.4672288
TEST_02154,2.7515984,0.16912514,-0.25872448
TEST_02155,1.8317109,-0.03519982,-0.53677267
TEST_02156,4.2026434,0.5415601,-0.24656841
TEST_02157,2.5715482,0.5623403,-0.46101233
TEST_02158,3.6672804,-1.3385122,0.36908838
TEST_02159,4.121747,1.6872711,-1.3392674
TEST_02160,3.1132321,1.3337498,-0.5255629
TEST_02161,4.928159,2.3255298,0.0025133647
TEST_02162,2.8150492,1.4837991,0.007630685
TEST_02163,3.4916854,-1.349587,-0.0046877917
TEST_02164,3.059209,1.3283559,-0.11193909
TEST_02165,2.6613133,0.81652164,0.43296406
TEST_02166,4.585279,-0.56379706,1.0621258
TEST_02167,1.7208232,0.010447792,-0.4801234
TEST_02168,5.264705,0.7631376,1.3283571
TEST_02169,4.0615244,0.006046407,-0.21159384
TEST_02170,3.1362495,-0.014311981,0.64602226
TEST_02171,2.0981462,-0.37660903,-0.43863553
TEST_02172,3.5026248,1.2057185,-1.0828127
TEST_02173,1.6725608,-0.51641715,0.08831991
TEST_02174,3.5262375,1.2828499,1.3054657
TEST_02175,2.4148586,0.09967272,0.4395231
TEST_02176,0.91874146,-0.2598638,0.1792318
TEST_02177,2.4513178,-0.82296103,1.434653
TEST_02178,4.5414977,1.5500656,1.1171901
TEST_02179,3.9140048,0.84394,0.9508249
TEST_02180,1.6199805,-0.31059977,0.743795
TEST_02181,2.630105,-0.1732348,-0.8196994
TEST_02182,1.8701164,0.34405863,0.07139451
TEST_02183,4.3415995,-0.36226276,-0.624789
TEST_02184,1.9551965,-0.17714387,0.47730735
TEST_02185,1.183352,-0.6313238,0.2437116
TEST_02186,1.170933,-0.0669636,0.39166594
TEST_02187,3.5976803,-0.42912382,-0.034359735
TEST_02188,3.1585243,-0.59870327,0.853286
TEST_02189,3.780557,-1.5045922,0.25160387
TEST_02190,2.7934113,-0.14454535,0.25485703
TEST_02191,2.0613296,-0.7686317,-0.22604008
TEST_02192,1.3500508,-0.20231655,0.27576786
TEST_02193,2.1849577,-0.60914135,-0.16950347
TEST_02194,2.0444374,-0.14049554,-0.011549015
TEST_02195,1.1100193,0.24567781,-0.15666904
TEST_02196,1.3742049,-0.39870054,0.22030325
TEST_02197,2.0601606,-0.81865084,-0.058396593
TEST_02198,3.5665903,0.5533797,1.277232
TEST_02199,5.8476715,-1.227569,0.5181728
TEST_02200,4.1059875,-0.10419575,0.12993303
TEST_02201,3.449664,-0.56872326,0.5451654
TEST_02202,1.3127167,0.8295441,0.094251744
TEST_02203,3.5359075,0.94920975,-1.1508563
TEST_02204,1.3799394,-0.5148649,0.13348307
TEST_02205,2.7729423,-0.9721554,-0.86229527
TEST_02206,3.512057,0.24979122,0.12153408
TEST_02207,1.961776,-0.28637847,0.13482666
TEST_02208,5.302786,0.93962586,0.07944586
TEST_02209,2.694058,0.30232343,0.12499361
TEST_02210,2.6545055,0.3362766,-0.7642563
TEST_02211,4.3778467,0.28097644,0.09091953
TEST_02212,1.3420247,0.0030922925,0.38836843
TEST_02213,2.5348954,-0.20157565,0.19817008
TEST_02214,2.8012314,0.012330747,0.9666246
TEST_02215,2.0027695,0.107145034,0.55801547
TEST_02216,2.5980728,0.14435549,0.84157544
TEST_02217,2.2083552,-0.038482122,0.85581434
TEST_02218,3.0145845,1.07278,1.5604377
TEST_02219,3.992366,1.0406471,-0.65580726
TEST_02220,2.483374,-0.8866388,-0.6117891
TEST_02221,1.2274517,0.3781025,0.51035553
TEST_02222,1.952696,-0.38725185,0.36090377
TEST_02223,3.7957182,0.58080935,0.92571104
TEST_02224,3.0746663,-0.034469273,-0.12435186
TEST_02225,1.6832852,0.98949707,0.2445374
TEST_02226,1.3933618,0.39722207,0.24797589
TEST_02227,3.3338442,0.47486797,0.3819251
TEST_02228,2.9377034,0.79918617,-0.39153677
TEST_02229,1.52027,-0.5895148,0.985053
TEST_02230,4.0235157,-1.4705223,0.22582105
TEST_02231,2.093963,-0.35382518,0.122276925
TEST_02232,3.1112316,0.56759775,-0.09291069
TEST_02233,3.782103,1.352985,1.0245111
TEST_02234,3.5095544,0.317668,1.336302
TEST_02235,2.2363124,-0.38502008,-0.04317967
TEST_02236,1.5166485,0.09557961,0.20555493
TEST_02237,3.413487,-0.61822605,-1.1058049
TEST_02238,1.0905292,0.17656444,-0.21456124
TEST_02239,3.2799742,1.4886626,-0.7418387
TEST_02240,4.2712607,-1.873914,0.86960924
TEST_02241,5.1386313,-1.0070914,0.6871595
TEST_02242,1.139438,-0.46003637,-0.55012536
TEST_02243,2.5750961,0.6306811,-0.043326166
TEST_02244,2.1506546,0.7945431,-0.0243558
TEST_02245,1.4802966,-0.20768775,-0.54759955
TEST_02246,2.3951013,-0.19946001,-0.13481022
TEST_02247,4.668718,0.3343632,-0.1849532
TEST_02248,1.8537937,1.1844717,-0.68437827
TEST_02249,2.0171607,0.12495802,-0.36270273
TEST_02250,2.899705,0.3039525,-0.72575086
TEST_02251,2.3842926,-0.2880718,0.299614
TEST_02252,4.1489553,-1.4440883,1.2301553
TEST_02253,1.5225326,0.031275917,0.14084463
TEST_02254,2.7752798,0.78343374,0.37859106
TEST_02255,3.4288168,0.34364435,0.27022186
TEST_02256,3.4250286,0.36709106,1.000302
TEST_02257,3.1540406,0.85541046,-0.22753116
TEST_02258,2.3433483,0.29537728,0.010021154
TEST_02259,4.117733,1.0236856,0.15977116
TEST_02260,2.8667705,-0.024656465,0.07614218
TEST_02261,3.1183617,-0.14761786,0.103546284
TEST_02262,2.327713,0.07382036,-0.31194207
TEST_02263,3.9804752,0.40685272,-0.06290625
TEST_02264,3.939749,0.029801292,0.1526608
TEST_02265,3.653458,0.41127998,1.6769317
TEST_02266,1.30914,0.08788572,0.31366193
TEST_02267,3.2476106,-0.14027725,-0.37649935
TEST_02268,2.0480754,0.40148023,0.30628526
TEST_02269,4.8381968,-1.41213,0.81006896
TEST_02270,3.2083828,-1.4061549,0.46729216
TEST_02271,2.9981616,0.9480237,-0.64448726
TEST_02272,2.7081273,0.4784542,0.57652897
TEST_02273,1.6299884,-0.8169672,0.19116464
TEST_02274,3.4886615,0.019376935,-0.6725101
TEST_02275,0.9801215,-0.31361046,0.27332702
TEST_02276,3.7314217,-1.1041194,1.0077585
TEST_02277,3.8115072,1.0391829,-0.1946218
TEST_02278,1.3178108,-0.19537467,0.51475877
TEST_02279,4.493331,1.1412108,-1.1843117
TEST_02280,3.9685485,0.76464903,-0.45413378
TEST_02281,3.2062776,-0.26779297,0.8833403
TEST_02282,4.2201233,-0.49709067,-0.5350205
TEST_02283,2.2428064,0.40984765,0.08980585
TEST_02284,1.7357637,-0.41491508,0.29692918
TEST_02285,2.6572466,-1.0281017,0.2889309
TEST_02286,4.611851,0.19052973,0.28213674
TEST_02287,3.84559,0.8775737,-0.4152055
TEST_02288,1.1680902,-0.34265837,-0.1039409
TEST_02289,3.5770657,-0.12907681,-0.34633273
TEST_02290,2.1989496,-0.1381888,-0.24676043
TEST_02291,2.1993582,0.41528884,0.72574437
TEST_02292,1.3363507,-0.5581023,-0.15695058
TEST_02293,2.676599,0.49469298,-0.2920016
TEST_02294,1.3271197,-0.79744476,-0.52770585
TEST_02295,2.684919,0.5228751,-0.0293323
TEST_02296,2.4876854,-1.7986726,-0.18172169
TEST_02297,1.7936369,0.4201691,0.62058717
TEST_02298,2.2374687,-0.96275747,0.41945398
TEST_02299,2.815113,1.1843829,0.16194414
TEST_02300,2.3025863,-0.6957289,0.2409387
TEST_02301,2.1414993,-0.17856479,-0.30310187
TEST_02302,2.0447035,-0.34149697,-0.04500177
TEST_02303,1.5851923,0.083608285,0.10481263
TEST_02304,1.9973179,0.27128476,0.10228669
TEST_02305,2.5774276,-0.72292715,0.5766971
TEST_02306,2.7704997,0.4523168,0.1300705
TEST_02307,2.6068926,-0.5596345,0.47186497
TEST_02308,2.1257737,-0.55685586,0.45567188
TEST_02309,2.8334203,-0.14724442,-0.3696076
TEST_02310,3.279271,0.6503939,-0.36578205
TEST_02311,1.7614087,-0.99264187,-0.2013422
TEST_02312,2.254274,-0.19644876,-0.11776401
TEST_02313,3.078546,0.65314734,0.018491874
TEST_02314,2.7291124,-0.009780585,0.1320699
TEST_02315,2.371247,-0.77869666,-0.9444226
TEST_02316,4.0788474,0.6540913,0.38447198
TEST_02317,2.3557754,1.1840098,0.57637143
TEST_02318,3.0984464,-1.4710945,0.15234767
TEST_02319,5.746623,-1.0342808,0.36657518
TEST_02320,4.7085013,-0.48949683,1.1362312
TEST_02321,2.7517881,0.5559831,-0.118392475
TEST_02322,4.595442,-0.1474876,-0.63556606
TEST_02323,2.4746253,-0.4099809,0.30965474
TEST_02324,2.5269694,-0.99985754,-0.8457125
TEST_02325,2.5328276,-0.16179714,0.34373853
TEST_02326,4.7863564,-0.38592494,-0.14410703
TEST_02327,3.9939425,0.98868495,-0.5215424
TEST_02328,5.233487,-0.39948532,0.35204256
TEST_02329,4.232982,-0.59319174,-0.22558801
TEST_02330,1.171879,-0.15805434,0.0954477
TEST_02331,1.5108793,-0.19258729,-0.2086862
TEST_02332,4.2902493,-1.478475,1.9530741
TEST_02333,0.70918864,0.24316297,-0.19457743
TEST_02334,2.8648744,-0.80582935,0.69860816
TEST_02335,3.128103,-0.7721823,-0.4592876
TEST_02336,2.665019,-1.4260876,-1.0180918
TEST_02337,3.0430067,0.2420433,0.73678875
TEST_02338,3.3932543,-1.1283147,-0.72791547
TEST_02339,2.9868784,0.75749433,0.57582104
TEST_02340,1.3530494,0.23677465,0.41745102
TEST_02341,1.667913,-0.3617027,0.68014807
TEST_02342,1.8324165,0.12402019,-0.1535359
TEST_02343,4.2980814,-0.49890718,0.26273137
TEST_02344,3.4491668,0.2652425,0.21762253
TEST_02345,4.942337,1.5664304,1.8243767
TEST_02346,1.5454941,0.7350748,-0.1298942
TEST_02347,2.8558776,0.42040536,0.25505894
TEST_02348,2.8770075,-1.118751,-1.0021365
TEST_02349,2.6399581,1.8303834,1.4056965
TEST_02350,2.605636,-0.6320666,0.739803
TEST_02351,2.1699622,-0.78007776,-0.22903329
TEST_02352,2.424232,-1.5641882,0.383747
TEST_02353,2.1319768,-0.65306914,-0.26852733
TEST_02354,2.2554708,-0.40449506,0.42152348
TEST_02355,1.1383961,-0.031865373,0.22956064
TEST_02356,3.8014193,1.7946998,1.4728404
TEST_02357,2.1370504,-0.41486555,0.55221134
TEST_02358,3.4223688,-1.0230051,-0.768916
TEST_02359,5.020055,-0.94176066,-0.17751394
TEST_02360,2.125383,0.6658908,-0.21176793
TEST_02361,1.9268898,1.3237065,-0.014696202
TEST_02362,3.945645,0.7211037,0.029238481
TEST_02363,2.163968,-0.082994804,-0.68653035
TEST_02364,1.5666105,-0.10417901,0.20683895
TEST_02365,1.9228195,0.19683914,-0.074798055
TEST_02366,4.0771875,0.1139307,-0.39685744
TEST_02367,3.228203,0.6874445,-0.21845414
TEST_02368,3.4646177,0.38603505,-0.8932549
TEST_02369,3.3829813,-0.20672336,-0.30200285
TEST_02370,1.8611208,-0.22575541,0.39341268
TEST_02371,2.6027215,0.0105065275,-0.3132585
TEST_02372,2.417309,-0.39710534,-0.11656367
TEST_02373,2.8683627,-0.3059338,-0.52321845
TEST_02374,2.5437305,-0.93677133,1.1210961
TEST_02375,3.6050704,0.2732587,-0.07598793
TEST_02376,2.628882,0.09220621,0.8504684
TEST_02377,2.8989005,-0.2486843,1.1505966
TEST_02378,2.0908346,0.33485243,-0.36972708
TEST_02379,1.7185166,-0.9997727,0.5864147
TEST_02380,1.9250363,0.65690434,0.10712113
TEST_02381,1.6054221,-0.4206368,-0.41145405
TEST_02382,1.613684,0.3576936,0.30822915
TEST_02383,1.4582082,-0.19686,0.31679037
TEST_02384,3.6898432,-0.29401854,0.814135
TEST_02385,2.3485098,-1.8988016,-0.1771316
TEST_02386,1.7606379,0.040985662,0.16726327
TEST_02387,2.6143026,0.27615795,0.30440536
TEST_02388,2.8721728,0.679838,-0.7218177
TEST_02389,4.612623,0.019833509,0.97705925
TEST_02390,5.25968,-0.16513199,1.0775342
TEST_02391,2.7173164,0.3327149,0.6150552
TEST_02392,2.1005003,0.62118703,0.2687451
TEST_02393,2.7231479,1.4823993,0.80154014
TEST_02394,3.078949,-0.07019851,0.45082968
TEST_02395,1.4637907,0.63544947,0.35128322
TEST_02396,2.2349699,0.7221708,0.0059097586
TEST_02397,3.9931564,-1.0061717,0.43296865
TEST_02398,1.8300735,-0.34314778,-0.53754205
TEST_02399,3.359645,1.0908624,1.4795884
TEST_02400,3.1266885,1.1890789,0.305766
TEST_02401,3.5195465,-0.26717773,-0.8219358
TEST_02402,3.986094,-0.84624535,-0.7661821
TEST_02403,1.9117472,0.5450137,0.48521468
TEST_02404,3.0961642,0.9114209,-0.75772005
TEST_02405,1.6286618,0.06704859,-0.011311305
TEST_02406,2.707692,0.6346599,0.14481649
TEST_02407,2.011846,-0.8660792,0.07132042
TEST_02408,2.169401,1.6470667,-0.51747835
TEST_02409,2.8544738,0.38581383,-0.5185299
TEST_02410,2.4153879,-0.09694402,0.013270189
TEST_02411,1.6549062,0.31244737,-0.42880487
TEST_02412,1.5695455,-0.52882916,-0.38891134
TEST_02413,1.7880193,-0.4239013,0.28551197
TEST_02414,3.4955647,0.52966183,1.8664633
TEST_02415,2.0492213,-0.08240742,0.19057342
TEST_02416,1.5141667,-1.2566108,-0.22196802
TEST_02417,2.5466375,-1.2956579,0.22450599
TEST_02418,5.124245,0.3728315,1.3993542
TEST_02419,3.032008,1.585874,-0.09142955
TEST_02420,2.7169397,0.29222324,0.34797934
TEST_02421,3.4587705,-0.11348034,0.35901615
TEST_02422,1.7572604,0.18585727,0.22930631
TEST_02423,2.1942487,0.85240585,-0.3169001
TEST_02424,3.2419155,-0.08612318,0.12606034
TEST_02425,2.197601,0.029965417,1.1391797
TEST_02426,3.368241,-0.7524498,-0.41927686
TEST_02427,1.936335,0.013640961,0.6473445
TEST_02428,2.1388164,0.46405426,0.17669542
TEST_02429,3.5108025,0.53689736,0.092219636
TEST_02430,2.0518568,0.3629352,0.10986332
TEST_02431,2.534719,0.57242334,0.028926548
TEST_02432,2.272925,0.13951668,-0.42095363
TEST_02433,3.6819336,-0.11956875,0.5643681
TEST_02434,1.5553136,-0.046192493,0.037233036
TEST_02435,1.2490147,0.43859494,0.20102082
TEST_02436,2.0071626,-0.23850209,0.6039562
TEST_02437,2.1341414,-1.1956172,0.08242435
TEST_02438,2.7794864,0.9988965,-0.21885495
TEST_02439,2.0549464,1.4694546,-0.6338443
TEST_02440,2.8597794,1.8108135,-0.6618319
TEST_02441,2.370982,1.834873,-0.8586472
TEST_02442,1.2183928,-0.5832289,0.39987412
TEST_02443,2.0187478,1.9866352,0.8603918
TEST_02444,3.1700063,0.013771495,0.21210288
TEST_02445,1.925972,0.41564807,-0.1746688
TEST_02446,1.1716901,-0.29102638,-0.16416153
TEST_02447,1.743991,0.1209272,-0.38672557
TEST_02448,3.517053,-1.1829715,0.056544386
TEST_02449,2.154909,0.47705507,0.13130458
TEST_02450,2.1477842,0.35432425,-0.059694078
TEST_02451,3.2736318,-0.06450696,-0.070173524
TEST_02452,4.684752,1.4328603,0.6582583
TEST_02453,3.103686,-0.21024314,0.35789058
TEST_02454,3.5695794,1.2565876,-1.1824194
TEST_02455,3.5374427,-1.1684781,1.1080092
TEST_02456,2.957023,1.1538789,0.28572837
TEST_02457,2.230192,0.07962036,0.06347073
TEST_02458,4.4843364,-1.3938142,-0.5205802
TEST_02459,3.024426,0.32449502,-0.6650984
TEST_02460,2.2579138,-0.057733856,0.64388674
TEST_02461,3.4448195,-0.26520702,1.0436465
TEST_02462,2.3959494,-0.3286998,0.35353374
TEST_02463,2.8786092,0.14401004,0.56277126
TEST_02464,3.732982,-0.07940272,0.29536566
TEST_02465,3.6602309,-0.39612707,0.47693866
TEST_02466,1.8859804,-0.5434031,0.6502477
TEST_02467,2.913327,0.2071104,-0.628329
TEST_02468,2.4830751,-0.9052561,-0.55421615
TEST_02469,2.8161952,0.7475,-1.1198108
TEST_02470,2.4678895,-0.30031043,0.5770596
TEST_02471,3.1132414,-1.1821901,0.56750375
TEST_02472,2.0837986,-0.83204705,0.020590795
TEST_02473,3.39101,-0.2733869,0.2757261
TEST_02474,2.048816,-0.1006119,-0.0063660904
TEST_02475,2.4164267,0.6181097,-0.37532005
TEST_02476,4.647519,-1.546762,-0.76416296
TEST_02477,3.1606183,-1.1816323,0.06110227
TEST_02478,3.656005,-0.099996775,0.93131155
TEST_02479,4.7992163,0.39492062,-0.16344403
TEST_02480,4.0276,-0.7115452,-1.1408933
TEST_02481,4.6407948,0.045985498,-0.52526724
TEST_02482,2.3159342,0.47150153,-0.34990126
TEST_02483,2.0455112,1.0671706,0.3286611
TEST_02484,3.4321327,-0.05031612,-0.5067443
TEST_02485,1.868927,0.7677597,-0.47641617
TEST_02486,2.7103057,-0.46826833,-0.8992268
TEST_02487,2.7505572,-0.84215266,-0.26898077
TEST_02488,5.4299607,-0.30117053,1.2074066
TEST_02489,2.0891416,-0.10276423,-0.060216844
TEST_02490,1.1022019,-0.16733511,0.09432754
TEST_02491,3.4970486,0.38757423,-0.64283836
TEST_02492,3.050836,1.0751797,0.26496956
TEST_02493,2.5306056,0.34032682,0.24575897
TEST_02494,1.676162,1.0341159,0.47102192
TEST_02495,3.4399612,-1.2721964,1.177904
TEST_02496,2.7778986,-0.84383464,1.3409998
TEST_02497,3.2282426,1.5368673,-0.47840393
TEST_02498,1.4172527,0.5059413,-0.45020777
TEST_02499,2.5305302,-1.1739755,-0.18205164
TEST_02500,2.5213702,-0.6298903,0.08561079
TEST_02501,3.1045835,0.3479868,-0.46171045
TEST_02502,1.4680988,0.4330658,0.23774736
TEST_02503,2.1124892,0.29639328,-0.5898475
TEST_02504,2.1062248,-0.60781634,1.0219108
TEST_02505,1.9869252,0.8983725,0.3358597
TEST_02506,2.4816182,-0.3498203,0.45385793
TEST_02507,1.175803,0.45968005,-0.15955736
TEST_02508,2.1844182,-0.50495964,0.09886653
TEST_02509,4.3015895,0.84095067,-0.39725664
TEST_02510,5.2039485,-1.6333901,1.8176119
TEST_02511,1.3797771,-0.32064146,-0.035565443
TEST_02512,3.0343091,0.1705811,0.14212567
TEST_02513,3.754827,-1.6369569,-0.5067507
TEST_02514,2.056727,0.44704422,0.010887042
TEST_02515,1.67396,-0.0947139,-0.25687873
TEST_02516,3.110278,-1.0459677,1.1348977
TEST_02517,3.2940667,0.2262531,0.39508307
TEST_02518,0.9967644,0.31744477,0.3337956
TEST_02519,3.3146994,-0.35550472,0.91846853
TEST_02520,1.6733638,0.9038483,0.20598769
TEST_02521,1.2542716,-0.40433446,-0.27976915
TEST_02522,3.0511854,-1.2002064,1.1316689
TEST_02523,4.1524897,0.37150893,-1.0711306
TEST_02524,2.3526962,-0.94210166,-0.5313867
TEST_02525,2.6123605,-0.041945588,-0.6347287
TEST_02526,3.9269278,-0.8958632,-0.9028114
TEST_02527,1.3334022,0.627992,-0.15719794
TEST_02528,2.0233011,0.9831759,0.41280589
TEST_02529,2.1272275,0.05957731,0.32562897
TEST_02530,3.1633124,-0.51348,-0.642952
TEST_02531,3.1670864,-0.057141867,0.01827165
TEST_02532,1.7602645,0.36536035,0.10492587
TEST_02533,2.1056912,0.222728,0.3751805
TEST_02534,1.9122108,1.3505578,-0.16472396
TEST_02535,2.317398,-1.0780138,0.27748072
TEST_02536,2.3911345,0.7387044,0.6208789
TEST_02537,3.3314831,1.6865692,1.40192
TEST_02538,4.3211656,0.4384223,1.3904831
TEST_02539,0.9125264,0.3468769,-0.091499664
TEST_02540,3.4063814,0.032120805,0.92069024
TEST_02541,2.8315785,0.20675679,0.26723173
TEST_02542,1.42701,0.07942076,0.11926353
TEST_02543,3.714839,0.24622099,-0.26598817
TEST_02544,2.7366107,-0.28655222,1.1353244
TEST_02545,4.5472383,0.9529922,1.0331998
TEST_02546,1.6666604,-0.20483348,0.36794555
TEST_02547,2.932515,-0.033121098,0.6200167
TEST_02548,3.0979948,-0.06672093,0.5934729
TEST_02549,4.4513836,-0.001153438,-0.8229894
TEST_02550,1.7145976,-0.9444568,-0.69453365
TEST_02551,2.946019,0.028053889,-0.116123326
TEST_02552,2.3888063,-0.80726355,0.38032547
TEST_02553,3.0421128,-0.08507633,0.40268552
TEST_02554,2.1885443,0.13049689,0.27613127
TEST_02555,2.3757675,0.39479896,-0.058174897
TEST_02556,1.8331937,0.77886575,-0.29753467
TEST_02557,1.8707496,0.099373974,0.49681118
TEST_02558,2.2536452,-0.516825,-0.84558135
TEST_02559,4.965134,-0.39093572,0.77120584
TEST_02560,4.103433,1.0760721,0.15555838
TEST_02561,4.3679323,0.86284614,-0.7277099
TEST_02562,3.4060872,0.32769138,0.12444284
TEST_02563,3.760436,-0.35341838,0.62862116
TEST_02564,2.7985086,0.5720137,0.15443182
TEST_02565,2.3421092,0.23166367,-0.9467627
TEST_02566,1.0917397,-0.68769187,-0.38617134
TEST_02567,4.782477,0.11690287,0.5741269
TEST_02568,4.3955774,1.0373026,-0.71168244
TEST_02569,3.451484,-0.41298687,-0.59629333
TEST_02570,2.4427612,-0.035568334,0.12861654
TEST_02571,1.3811487,-0.15687491,0.055110574
TEST_02572,2.667625,0.74690115,-0.9291107
TEST_02573,3.0012743,-0.37845594,0.55054015
TEST_02574,2.5763986,-0.71417105,1.0872016
TEST_02575,0.9945171,0.160016,-0.07105779
TEST_02576,2.4412832,-0.3367317,0.61423266
TEST_02577,3.6041772,2.116082,0.0655267
TEST_02578,5.62087,0.11684498,1.158814
TEST_02579,2.7393925,0.73247755,-0.22656481
TEST_02580,2.616817,-0.5767253,-0.23449263
TEST_02581,1.0489103,-0.34589738,-0.27992246
TEST_02582,1.5637398,0.49061278,0.123169854
TEST_02583,4.476439,-0.51552933,-0.708409
TEST_02584,3.8148394,0.08731751,0.16986564
TEST_02585,4.8675127,-1.7701279,0.08411393
TEST_02586,2.3896513,-0.45989525,0.35709563
TEST_02587,2.8425176,-0.4375996,0.4026912
TEST_02588,2.6293738,-0.23512618,0.19964868
TEST_02589,2.1116552,-1.4118745,1.0605054
TEST_02590,2.6983,-1.3614762,-0.06699896
TEST_02591,2.84877,0.043472473,-0.6103501
TEST_02592,2.1392064,0.7072032,0.6194535
TEST_02593,1.5240127,-0.4465875,0.5317071
TEST_02594,2.0814111,0.36988986,0.04128855
TEST_02595,1.6265079,-0.14045356,-0.10515758
TEST_02596,1.9010797,0.0012286559,-0.014066509
TEST_02597,1.6490309,-0.0661472,0.2682053
TEST_02598,2.7373536,-0.32502306,0.22389518
TEST_02599,5.92723,1.3739012,0.8219287
TEST_02600,1.9587697,0.668732,0.24458665
TEST_02601,4.866998,1.4282134,0.22571352
TEST_02602,2.9679518,0.8179722,0.47955287
TEST_02603,3.1188147,1.238826,0.8302365
TEST_02604,2.5804527,-0.32569855,0.103552386
TEST_02605,1.064953,-0.0726392,-0.25798354
TEST_02606,4.645493,0.19687468,0.4627001
TEST_02607,1.1334469,0.5534447,-0.3612905
TEST_02608,3.0596128,-1.0521173,0.31583002
TEST_02609,4.2885036,-0.010209237,1.0129714
TEST_02610,1.3403659,-0.036242582,-0.0091260085
TEST_02611,2.6048598,-0.19965187,-0.22590002
TEST_02612,2.2170868,0.3557464,-0.22218694
TEST_02613,1.2450587,0.33590853,0.1596591
TEST_02614,2.6491015,0.035807412,-0.58546674
TEST_02615,0.96512574,0.45323685,-0.055464413
TEST_02616,2.3316028,-0.40005025,-1.0064464
TEST_02617,3.5022154,-1.8792967,0.981769
TEST_02618,4.2393966,1.2062367,0.9879238
TEST_02619,1.5980924,-0.18528904,-0.5125244
TEST_02620,2.0933175,-0.7681158,0.07779573
TEST_02621,2.902119,-0.05403805,-0.36538762
TEST_02622,1.9196019,0.72500455,-0.055419013
TEST_02623,3.722134,-0.33459297,-0.2994347
TEST_02624,4.0611014,0.2388321,0.40831354
TEST_02625,3.190688,-1.1557528,-0.49860874
TEST_02626,0.8857146,0.06582376,-0.3047294
TEST_02627,4.171875,0.14329061,0.24089354
TEST_02628,1.628168,-0.7477854,0.37119028
TEST_02629,3.911083,0.663901,-0.08682296
TEST_02630,4.059974,-0.9080724,-0.40544862
TEST_02631,3.2652154,-0.44215712,0.7182055
TEST_02632,1.5713673,0.5823613,0.43923262
TEST_02633,2.0156665,0.14335409,0.5407949
TEST_02634,2.7363431,0.14558323,-0.41815466
TEST_02635,1.1402975,0.36549798,-0.06423049
TEST_02636,4.6219115,-1.1310579,1.0015053
TEST_02637,1.1787245,-0.29091722,0.28134885
TEST_02638,3.4176025,-1.5635226,-0.83567226
TEST_02639,5.299915,-0.56412566,0.15627041
TEST_02640,2.9859493,0.24888848,1.1081849
TEST_02641,1.1213914,-0.88219464,0.16416985
TEST_02642,2.2691305,-0.57093364,0.27414796
TEST_02643,1.3190231,0.51963425,0.13710785
TEST_02644,3.125127,-0.81052226,-0.8593821
TEST_02645,2.228643,-1.0779889,-0.7826355
TEST_02646,4.5080557,0.71975976,0.19210155
TEST_02647,1.9540589,0.6543208,0.8220866
TEST_02648,3.8779628,2.037553,0.008740423
TEST_02649,2.5148287,0.120032355,-0.03896805
TEST_02650,1.9494492,0.084367976,0.53621835
TEST_02651,2.7712216,0.100239016,-0.034253422
TEST_02652,1.6260006,-0.93111044,-0.614581
TEST_02653,3.1110396,-0.053517874,-0.40953648
TEST_02654,1.1168629,-0.38042337,-0.27270794
TEST_02655,1.372539,0.42023376,0.19240123
TEST_02656,2.9346209,-1.0292687,0.71267533
TEST_02657,2.763122,-0.8818095,0.2817288
TEST_02658,4.5823545,-0.13339616,1.0033004
TEST_02659,2.1753938,0.76673824,0.25212768
TEST_02660,1.6437421,0.04112451,-0.6169462
TEST_02661,3.4676514,0.12496007,0.8261726
TEST_02662,1.9245547,0.20719619,0.03376578
TEST_02663,3.0969856,-1.0265567,1.1049765
TEST_02664,1.9258848,-0.36477757,-0.34593663
TEST_02665,5.3602066,1.2947623,0.4629547
TEST_02666,2.9005492,-0.2875399,-0.343054
TEST_02667,3.335689,0.38991824,0.19422232
TEST_02668,3.3329775,0.044741306,-0.268845
TEST_02669,3.7439003,0.28995302,0.52375454
TEST_02670,4.293859,0.7093925,-0.8349197
TEST_02671,2.690018,-0.10975843,0.0007876129
TEST_02672,2.3261483,-0.13835055,0.5269816
TEST_02673,1.9353958,-0.6856948,0.050594814
TEST_02674,1.7816254,-0.11965433,0.2843819
TEST_02675,2.5043166,-0.51662886,0.46619958
TEST_02676,3.0292017,1.032117,0.32670578
TEST_02677,2.13227,-0.2270692,0.32681432
TEST_02678,1.2291838,0.15559958,-0.090682775
TEST_02679,3.100746,1.730226,0.9663941
TEST_02680,2.2763212,-0.9922468,0.17107968
TEST_02681,1.5093445,-1.4772323,-0.35784274
TEST_02682,1.4705788,0.6198425,-0.66427106
TEST_02683,1.170734,0.062975876,0.1531923
TEST_02684,2.4591055,1.367922,-0.6041377
TEST_02685,2.1813955,0.3477251,-0.4501618
TEST_02686,1.9580859,0.76117486,0.38029706
TEST_02687,4.2193446,-0.48583004,0.18255411
TEST_02688,4.818849,-0.6272423,1.1587958
TEST_02689,3.7893977,-0.1635464,-0.6641928
TEST_02690,1.4078816,0.32949543,-0.41606075
TEST_02691,2.0275683,0.32093483,0.40579665
TEST_02692,2.1811798,-0.68404835,0.7079935
TEST_02693,2.4164732,-0.18339898,0.28833458
TEST_02694,2.3861182,0.8578002,0.70569503
TEST_02695,2.9565265,0.0063311453,-0.04088493
TEST_02696,2.8671937,0.76721406,1.0993108
TEST_02697,2.3143096,-0.4392878,1.0389105
TEST_02698,1.330972,1.0347288,-0.6949442
TEST_02699,3.7652445,-1.3828896,1.2042313
TEST_02700,2.189278,-0.28561702,0.812957
TEST_02701,2.1322656,0.18244646,0.63527393
TEST_02702,1.3314196,0.23177889,0.10733685
TEST_02703,3.230449,-0.6964196,-0.033570603
TEST_02704,2.5781848,-0.20629863,-0.2778592
TEST_02705,3.3492827,-1.0829167,-0.85096675
TEST_02706,1.2863687,0.17911564,-0.3025037
TEST_02707,2.1131282,-0.18175048,-0.60848576
TEST_02708,2.260327,0.98694557,0.3033655
TEST_02709,3.2392163,1.8607833,0.83254963
TEST_02710,1.5421365,-0.51737714,-0.44132155
TEST_02711,1.926752,0.9763874,-0.4104349
TEST_02712,1.2336121,-0.19556707,0.07157302
TEST_02713,3.7787547,1.2393725,-1.0446012
TEST_02714,1.2271879,0.13464056,-0.006144178
TEST_02715,1.7528781,-0.14730504,-0.034525383
TEST_02716,4.097234,1.3011581,0.41116238
TEST_02717,3.1892238,-0.80960625,-0.5096039
TEST_02718,3.4978592,-1.7873871,-0.27642682
TEST_02719,3.5755963,-0.30280125,-1.4947487
TEST_02720,2.4880495,-0.8663254,-0.48834583
TEST_02721,5.294775,0.6805027,0.7084892
TEST_02722,2.2409627,1.167941,1.0626403
TEST_02723,3.1976464,-0.7148901,0.5291236
TEST_02724,2.6958535,0.42113116,-0.27817386
TEST_02725,1.5888418,-0.5367777,-0.013674328
TEST_02726,2.0662622,0.33213806,0.5302021
TEST_02727,1.4659698,-0.5118629,0.38576263
TEST_02728,5.6499233,0.7016923,-0.2044806
TEST_02729,2.3541713,-0.22323282,0.52974147
TEST_02730,2.888933,-0.4513092,0.4091844
TEST_02731,0.96538836,-0.22266556,-0.107181236
TEST_02732,4.844451,-1.1797377,0.9392282
TEST_02733,2.5159416,0.17591487,-0.01506448
TEST_02734,3.0967665,-0.35698634,-1.0311372
TEST_02735,2.4789343,-0.2016147,-0.015365863
TEST_02736,1.3026346,-0.17467959,0.45593637
TEST_02737,2.6662827,-0.7001346,-0.10044991
TEST_02738,1.2934995,-0.73141843,0.2482406
TEST_02739,1.718038,-0.9013672,0.100588605
TEST_02740,1.3990405,-0.34901178,-0.5874432
TEST_02741,1.2167661,-0.12570113,-0.28020412
TEST_02742,1.2700702,0.44758907,-0.18965831
TEST_02743,3.864834,0.122041814,-0.46273848
TEST_02744,1.3392872,-0.3786421,-0.35922977
TEST_02745,4.2141795,0.8046452,0.103935845
TEST_02746,2.0666337,0.445279,0.50607884
TEST_02747,3.6891813,-0.41861767,0.6837749
TEST_02748,1.8878682,-0.01154201,0.08180057
TEST_02749,4.5369887,0.70034295,0.87488365
TEST_02750,3.1277802,1.1842836,-0.37310988
TEST_02751,1.47589,-0.72712505,-0.095721014
TEST_02752,0.7998558,0.03267018,-0.12309793
TEST_02753,1.9048847,-0.43640667,-0.0066372226
TEST_02754,3.5768232,0.43506393,-0.9832365
TEST_02755,1.9686139,-0.828311,-0.21173261
TEST_02756,3.996796,-1.2429563,-0.33728376
TEST_02757,1.5236106,-0.20207135,0.08288746
TEST_02758,2.1222966,0.4306075,-0.6614135
TEST_02759,2.4689496,-1.1652794,-0.8828305
TEST_02760,2.5956888,1.436418,0.55246776
TEST_02761,3.7665675,1.7111527,0.86578757
TEST_02762,1.544871,-0.8630613,0.7331439
TEST_02763,2.0339043,-0.07001884,0.5611255
TEST_02764,2.9368021,0.94120604,0.1122155
TEST_02765,1.8030075,0.19163267,-0.5409979
TEST_02766,4.092392,0.7686689,0.16934785
TEST_02767,1.6930643,0.18990006,0.26109925
TEST_02768,2.769513,-0.08116277,-0.16969071
TEST_02769,2.5680923,-0.03334565,0.013863852
TEST_02770,2.0152001,-0.54587114,0.28063148
TEST_02771,1.9859977,0.10598588,0.2642075
TEST_02772,4.9556785,0.008757395,0.97408336
TEST_02773,2.5921695,-0.19307096,0.2063167
TEST_02774,3.1616445,-0.92010444,-0.76398546
TEST_02775,1.8217914,-0.2639756,0.055972423
TEST_02776,1.5017534,-0.25814617,0.38203105
TEST_02777,3.734569,1.9015696,1.828383
TEST_02778,1.7335896,-0.12960446,0.5634334
TEST_02779,4.3383455,-0.39663392,-0.20419288
TEST_02780,2.6486666,0.5600153,-0.896518
TEST_02781,2.8169594,-0.3632155,-0.59276354
TEST_02782,1.2640775,0.21141784,-0.04114047
TEST_02783,3.2432904,-0.59815055,-0.2977489
TEST_02784,4.204102,-0.80754185,-0.5736126
TEST_02785,5.388844,-0.14674406,0.6349337
TEST_02786,2.7410605,-0.07861548,-0.055081382
TEST_02787,1.1655667,0.025701752,0.22222665
TEST_02788,2.2009242,0.4632898,-0.09108218
TEST_02789,4.41147,1.5874442,-0.3286294
TEST_02790,5.049381,-0.4806116,0.61013085
TEST_02791,1.9205829,0.12952468,0.20128949
TEST_02792,1.3447373,0.22372279,0.3391774
TEST_02793,2.1175358,-0.18690796,0.25942615
TEST_02794,2.5348983,-0.3257848,0.39933354
TEST_02795,1.9994292,0.3371576,0.30872625
TEST_02796,3.2713516,-0.534838,0.07317535
TEST_02797,1.8104851,-0.852904,0.06506887
TEST_02798,1.8222696,-1.0880481,-0.85198414
TEST_02799,3.3162317,1.0019658,-0.790313
TEST_02800,3.307586,0.49977538,0.035026096
TEST_02801,1.5595207,-0.13476197,-0.15150918
TEST_02802,3.27167,-1.7348408,1.2477498
TEST_02803,1.0949358,-0.61258405,0.3767168
TEST_02804,2.9281187,-0.78544915,0.11240937
TEST_02805,2.701046,0.07449599,-0.19471107
TEST_02806,5.0217433,-0.13522321,0.3389433
TEST_02807,3.5696588,0.011283153,-0.7853204
TEST_02808,4.913225,0.27478924,-0.05577407
TEST_02809,2.489629,0.25278643,-0.22943242
TEST_02810,3.4694552,0.5561438,1.1622368
TEST_02811,1.9490588,0.43393803,0.39713055
TEST_02812,2.4117858,-0.15255757,-0.38488948
TEST_02813,1.9526194,0.11006583,0.13850172
TEST_02814,2.1974387,-0.39849582,-0.41025025
TEST_02815,3.049719,0.16251798,0.36253554
TEST_02816,2.6845038,0.0864386,1.3757337
TEST_02817,3.6517537,-1.8747462,0.13021117
TEST_02818,3.4854114,-0.30149096,0.8951846
TEST_02819,1.7748604,-0.54884124,-0.07798435
TEST_02820,2.8537374,0.582937,-0.12368331
TEST_02821,2.5752115,0.13351533,-0.48666558
TEST_02822,1.5688193,0.3763889,-0.4594064
TEST_02823,1.9911753,-0.5670716,0.7444999
TEST_02824,1.8361267,0.039465502,-0.7483469
TEST_02825,3.718427,-0.119414166,0.4597141
TEST_02826,2.6531518,0.23614429,-0.10246667
TEST_02827,2.2326176,-0.4021994,0.3924534
TEST_02828,2.8949828,-0.16720647,0.44241124
TEST_02829,4.587622,1.1325883,0.91714275
TEST_02830,1.8319685,1.2470496,0.5616113
TEST_02831,3.1039321,0.88403904,-0.4610275
TEST_02832,1.2506701,-0.3392366,-0.17560512
TEST_02833,3.5344665,1.2492183,1.2815986
TEST_02834,2.9531703,0.17803328,-0.16233662
TEST_02835,2.4428334,0.4575608,-0.00039026645
TEST_02836,2.226857,-0.17338616,-0.44182834
TEST_02837,2.1969755,0.27686134,0.75331295
TEST_02838,1.3894316,0.230464,-0.40578204
TEST_02839,3.6630194,1.292736,-1.0481795
TEST_02840,3.4299493,-0.9141112,-0.017447919
TEST_02841,4.5178604,1.2672489,1.4727957
TEST_02842,3.5119667,-0.6933762,0.8720745
TEST_02843,3.3955142,1.8600591,-0.77839684
TEST_02844,3.397873,-0.18179096,-0.2982935
TEST_02845,1.6790098,0.77427983,-0.36106497
TEST_02846,4.5567417,0.9570112,-0.5757983
TEST_02847,2.6201746,-0.1663356,0.008747931
TEST_02848,1.4174628,-1.2883619,0.027630687
TEST_02849,3.7368784,0.20252399,0.7027655
TEST_02850,2.1834517,0.32220665,0.33544067
TEST_02851,4.130645,0.19309904,0.97460043
TEST_02852,3.8621604,-0.68840235,1.0229964
TEST_02853,1.0280089,-0.32139274,0.22761837
TEST_02854,0.98268497,-0.76257235,0.14279331
TEST_02855,1.8044605,0.07699733,-0.34539363
TEST_02856,1.6305549,-0.053746622,0.45707515
TEST_02857,2.302859,0.45241636,0.484474
TEST_02858,2.0642653,-1.0373473,0.5293836
TEST_02859,3.9363627,0.8872938,-0.5593409
TEST_02860,0.70416516,-0.39477572,0.36047992
TEST_02861,2.9008124,0.1408735,0.4143839
TEST_02862,1.9333519,-0.1559938,0.16626452
TEST_02863,3.5443146,-0.52505004,0.9236079
TEST_02864,4.074356,0.609596,0.8311112
TEST_02865,3.4363258,-0.2111364,-0.33932775
TEST_02866,2.664289,-0.25440052,0.46913904
TEST_02867,3.170203,0.033213235,-0.97452503
TEST_02868,3.05277,-0.15030405,0.06577132
TEST_02869,1.6721387,-0.23467965,0.8536019
TEST_02870,4.586434,-0.056379557,0.7501891
TEST_02871,0.9818067,-0.6910089,-0.21337226
TEST_02872,2.9718122,1.194065,-0.7731031
TEST_02873,2.4028966,0.4388421,0.22999
TEST_02874,2.3976426,-0.2468342,-0.02495349
TEST_02875,0.8798982,0.111389644,0.27458838
TEST_02876,1.5078914,0.43598908,0.44412735
TEST_02877,3.1016302,-1.3948462,0.58919936
TEST_02878,1.8448721,0.028605856,-0.4978859
TEST_02879,2.460726,1.2417321,0.41123477
TEST_02880,2.8124666,1.4859923,-0.73934186
TEST_02881,4.9037914,-1.8334141,0.39582595
TEST_02882,4.0408816,0.095098354,-0.70604575
TEST_02883,2.3108516,0.23331505,0.1313882
TEST_02884,2.613438,0.10621112,0.2938906
TEST_02885,2.0825567,0.23342302,0.35004553
TEST_02886,2.9079485,-1.0454403,-0.68334836
TEST_02887,4.2844934,-0.029180316,-0.67745906
TEST_02888,5.850285,-0.09902142,0.92684484
TEST_02889,3.8623862,0.46208647,0.092634454
TEST_02890,3.2259183,0.2555622,-0.08031449
TEST_02891,1.494057,-0.01256326,0.025685314
TEST_02892,2.4154894,0.8757798,0.87383145
TEST_02893,2.844031,-0.24905254,0.09770913
TEST_02894,1.9874042,0.015836041,0.06506341
TEST_02895,1.7343132,-0.3272366,-0.19623026
TEST_02896,2.447502,-0.5424587,1.0507755
TEST_02897,3.053289,0.74121845,-0.17713724
TEST_02898,4.4470606,-0.542256,-0.17521866
TEST_02899,3.3288934,-0.44809014,-0.05327629
TEST_02900,2.8520539,0.5219418,0.30467418
TEST_02901,3.6605966,-0.42788458,0.040498894
TEST_02902,1.470838,-0.36816582,0.28988716
TEST_02903,1.0754801,-0.30031154,0.23748861
TEST_02904,1.8838054,-0.3173128,-0.26874998
TEST_02905,1.5738618,-0.041283682,0.9184501
TEST_02906,2.4315987,-0.18147628,0.34040925
TEST_02907,4.4983892,-0.044512827,0.646484
TEST_02908,2.608547,-0.1617032,0.105153754
TEST_02909,4.0512357,0.34683734,0.45913613
TEST_02910,3.5850236,1.7965395,-0.14959332
TEST_02911,1.658617,0.4618968,-0.20557658
TEST_02912,3.8127487,-1.5856133,1.833234
TEST_02913,2.8384256,0.24999465,0.5936326
TEST_02914,2.4494743,0.15307719,0.03536188
TEST_02915,1.8952057,-0.10980574,-0.40896818
TEST_02916,3.7215455,-1.0921148,-0.044277392
TEST_02917,2.7485044,-1.4732639,0.6067404
TEST_02918,2.9030879,-0.5568921,-0.7473193
TEST_02919,4.371243,1.4136102,1.8115633
TEST_02920,4.2382507,-1.4311318,0.80579716
TEST_02921,4.6090803,0.21033658,0.32222292
TEST_02922,2.3544052,1.7184405,0.32720378
TEST_02923,3.5873437,0.30123994,0.101488754
TEST_02924,1.4429206,-0.048571385,0.4859208
TEST_02925,1.1142517,0.2425232,0.07075368
TEST_02926,2.257487,-0.84040284,-0.30236617
TEST_02927,4.9079156,-1.1532956,0.22644772
TEST_02928,1.5300745,0.26004332,-0.29384956
TEST_02929,3.7216148,-0.13039425,-0.44451326
TEST_02930,2.1842096,-0.009974751,0.1469203
TEST_02931,1.831681,-0.33637735,-0.14779466
TEST_02932,1.600438,-0.12398059,-0.026477331
TEST_02933,2.692327,-0.18579713,0.261479
TEST_02934,3.4173095,1.5368649,1.2923591
TEST_02935,0.7918919,0.026073184,-0.27979925
TEST_02936,2.0104985,0.9871789,0.24687782
TEST_02937,1.4735818,-0.5446521,0.112623766
TEST_02938,4.0331726,-0.19410203,1.0966924
TEST_02939,3.1289284,-1.4445438,1.0792783
TEST_02940,2.4662373,0.1930874,-0.051656242
TEST_02941,2.2907503,-0.26253992,0.11521478
TEST_02942,2.2532609,-0.76030976,-0.7908475
TEST_02943,3.986614,0.6413582,-0.93415135
TEST_02944,0.96543497,0.32625476,-0.20533615
TEST_02945,4.9518795,1.4403648,-0.8652089
TEST_02946,2.5478709,0.1938936,-0.04026841
TEST_02947,1.9969522,0.32377437,0.36178342
TEST_02948,1.7047528,-0.61281645,0.24280697
TEST_02949,3.5243506,-0.63140064,0.82367396
TEST_02950,0.96579397,0.3809867,0.27034664
TEST_02951,2.325856,0.43952164,-0.24468014
TEST_02952,2.5690682,0.35584015,-0.064116806
TEST_02953,4.0618443,1.4059241,0.7641078
TEST_02954,1.539912,0.24240668,-0.05378958
TEST_02955,2.3878548,-1.0335722,0.0765152
TEST_02956,3.7004058,1.1751238,0.8608126
TEST_02957,2.7589903,0.93292004,0.27022395
TEST_02958,1.2885107,0.4934583,0.20117189
TEST_02959,5.3304987,-0.49554566,-0.3835006
TEST_02960,3.9669726,1.4608886,-1.1558647
TEST_02961,2.8648977,1.1039827,0.20723385
TEST_02962,1.9419807,-1.0965396,-0.6573552
TEST_02963,3.6798904,1.2531651,0.87137043
TEST_02964,3.3937464,1.0074426,-0.05505644
TEST_02965,2.6415555,-0.7130267,0.5778595
TEST_02966,4.3284855,0.4095131,0.001923822
TEST_02967,2.288269,-1.0739677,0.53380764
TEST_02968,3.5112913,-2.0683658,0.5263264
TEST_02969,1.8892269,-0.46663907,0.09891709
TEST_02970,2.9945922,-0.100099124,1.0735592
TEST_02971,0.9198046,0.15807343,-0.28680083
TEST_02972,1.686731,-0.5861024,-0.810725
TEST_02973,1.5364325,0.22880647,-0.037738577
TEST_02974,2.8844047,0.10280438,0.2756683
TEST_02975,2.6955848,-0.4377995,-0.56737995
TEST_02976,1.0013678,-0.7956048,0.35496852
TEST_02977,3.200763,0.5747307,-0.6229026
TEST_02978,2.3138967,-1.0590248,0.11229114
TEST_02979,1.6220086,0.27616122,0.011567375
TEST_02980,1.5402298,0.36331844,0.03350006
TEST_02981,2.4650755,0.12394752,0.44794723
TEST_02982,1.5188088,0.52950376,-0.01104052
TEST_02983,3.1064286,0.5536883,-0.12502122
TEST_02984,3.404086,-0.11532177,0.23346975
TEST_02985,3.734247,-0.5784241,-0.39824626
TEST_02986,2.9443133,0.5581347,-0.19062649
TEST_02987,3.9147232,-0.3784539,-1.1316605
TEST_02988,1.597683,0.34507912,0.22366497
TEST_02989,4.4579635,0.07239017,-0.9187996
TEST_02990,2.4020612,-0.6607321,1.0244576
TEST_02991,2.635346,-0.3053984,0.028422007
TEST_02992,2.940991,0.9123188,0.4281326
TEST_02993,2.3171268,-0.60081077,0.49896306
TEST_02994,1.5898343,-0.5448085,0.28500083
TEST_02995,2.0727894,-0.34269068,-0.3986978
TEST_02996,4.405956,-1.3332189,-0.7751509
TEST_02997,3.0390434,1.9575877,1.0389963
TEST_02998,1.5411123,-0.90961635,0.14220598
TEST_02999,3.4001348,-0.34569374,-1.4207454
TEST_03000,3.9364786,0.3292944,0.46637174
TEST_03001,3.1883092,1.3589748,0.28496897
TEST_03002,1.8309323,-1.2568282,-0.7390569
TEST_03003,4.189592,-0.5396494,1.3472086
TEST_03004,3.1788378,0.90333897,-0.765026
TEST_03005,1.3451151,0.4739016,-0.05203365
TEST_03006,4.9215293,0.4238057,-0.316656
TEST_03007,4.356302,-1.4908494,1.2007536
TEST_03008,4.0425944,1.47029,-0.46427706
TEST_03009,4.324329,0.18818286,-1.0007415
TEST_03010,2.6671975,0.01786798,0.19499521
TEST_03011,1.6982011,-0.42512095,0.2900437
TEST_03012,2.8911896,-0.004099807,-1.2081543
TEST_03013,1.228342,-0.050232675,0.05478283
TEST_03014,3.1020823,-0.055604942,0.194588
TEST_03015,1.4260179,-0.020410486,0.04028022
TEST_03016,2.512637,-0.04543328,-0.88212687
TEST_03017,3.6381361,-0.5708383,1.1277112
TEST_03018,2.354999,-0.42068514,1.2230955
TEST_03019,2.365294,-0.06627645,0.7388528
TEST_03020,1.1126848,-0.56371665,0.07621018
TEST_03021,2.1450398,-0.62418425,-0.25343537
TEST_03022,1.3101125,-0.3238048,0.11654024
TEST_03023,1.360918,-0.21825792,0.44874567
TEST_03024,3.3495905,-0.39471564,1.2371285
TEST_03025,3.675128,-1.2566637,0.78982633
TEST_03026,3.1684806,0.09807958,0.37467808
TEST_03027,2.7123764,0.046527274,-0.07431186
TEST_03028,1.9502256,-0.27022552,0.19430287
TEST_03029,3.356748,-0.7474592,0.9783132
TEST_03030,0.90845674,-0.48296097,0.25242728
TEST_03031,2.67659,0.769723,0.54848635
TEST_03032,1.9688057,0.12133437,-0.032020364
TEST_03033,2.7255409,0.19914243,0.07341406
TEST_03034,1.565221,0.07189156,-0.05392175
TEST_03035,2.0444741,0.68505996,0.037077714
TEST_03036,2.150328,-0.26005188,0.625043
TEST_03037,3.5635145,0.99223304,-0.23669495
TEST_03038,1.3664175,-0.0037653574,-0.27429658
TEST_03039,5.2305,-0.91923785,1.7388982
TEST_03040,4.62795,0.30970535,0.13797568
TEST_03041,4.438541,-0.71422535,-0.006666857
TEST_03042,3.8649173,0.10827736,0.19509631
TEST_03043,2.8263617,-0.71858484,1.070624
TEST_03044,2.7079933,-0.5576765,0.8157475
TEST_03045,1.1245129,0.59469676,-0.18351716
TEST_03046,1.3674989,0.42375654,0.2644993
TEST_03047,1.8531724,-0.74078053,0.113849245
TEST_03048,4.943102,2.099892,1.0347425
TEST_03049,1.7459607,-0.52196723,-0.023620179
TEST_03050,2.657349,-0.42152816,-0.9352921
TEST_03051,1.943854,0.36214483,-0.3288681
TEST_03052,3.5466487,0.012921063,0.9787409
TEST_03053,2.6263137,-0.64958066,0.65116316
TEST_03054,2.0422575,1.0619254,0.409511
TEST_03055,1.6737927,-0.24112219,0.11845811
TEST_03056,2.3074942,0.84191626,-0.7833409
TEST_03057,2.5960355,0.5191471,0.6594488
TEST_03058,2.9578667,-0.7461018,-1.0025966
TEST_03059,4.2999253,0.7087052,-0.058628492
TEST_03060,2.5443046,-0.35238743,0.6420495
TEST_03061,0.78426987,0.10687407,0.26671755
TEST_03062,1.7970836,0.957036,-0.3217821
TEST_03063,3.234709,0.36610022,1.1456414
TEST_03064,3.1494498,-0.34408152,-0.23064536
TEST_03065,4.3255754,0.4181627,1.7314327
TEST_03066,3.261792,-0.36799628,-0.10488384
TEST_03067,2.637336,0.70408416,-0.5697631
TEST_03068,1.5354114,-0.51106477,0.4293004
TEST_03069,3.3421772,0.9430692,1.1032772
TEST_03070,2.318952,1.6927967,-0.6089338
TEST_03071,1.2473495,-0.22806622,0.3313177
TEST_03072,2.1831934,1.3071917,0.7113558
TEST_03073,3.0830271,-1.2285311,1.2462085
TEST_03074,3.0449378,0.09007278,0.8703715
TEST_03075,1.3401985,-0.1501948,-0.22074428
TEST_03076,1.5192059,-0.11877806,0.039864287
TEST_03077,2.147492,-0.27055106,0.43163243
TEST_03078,3.6250129,-1.09366,0.59007347
TEST_03079,4.9819326,-1.6391621,-0.6153086
TEST_03080,4.8224654,1.0421779,-0.632678
TEST_03081,3.9437544,1.6689019,1.3699914
TEST_03082,1.2570051,0.16543312,-0.03572831
TEST_03083,3.7727237,-1.6640561,0.33099014
TEST_03084,2.3119524,0.71627694,-0.20377871
TEST_03085,1.0123081,0.18535747,-0.33795977
TEST_03086,3.0115874,0.6497199,0.2517748
TEST_03087,3.5800102,-0.51696754,0.66108155
TEST_03088,1.129136,-0.7802074,-0.30633342
TEST_03089,4.171744,-0.1373581,-0.20653374
TEST_03090,1.7848326,0.43722668,-0.5498818
TEST_03091,4.319216,-0.29820213,0.33503193
TEST_03092,4.8086686,1.3298149,-0.5640165
TEST_03093,2.1635225,0.39458075,-0.13142018
TEST_03094,1.8354074,-0.6323772,-0.30182874
TEST_03095,2.5001638,-0.28614607,0.15391588
TEST_03096,0.99802816,-0.27603814,0.32428396
TEST_03097,2.9863427,-1.1301886,0.7555111
TEST_03098,3.8556428,-0.1630969,0.23376083
TEST_03099,3.7559571,0.25295562,0.66229385
TEST_03100,2.165359,0.43324867,1.0213686
TEST_03101,1.4752334,0.31659827,0.34162042
TEST_03102,1.9112989,-0.071506165,0.21031125
TEST_03103,1.99141,-0.04627851,0.38565674
TEST_03104,2.4910889,-0.1102557,0.56334597
TEST_03105,1.618894,0.090928964,0.22585608
TEST_03106,1.8552377,-0.08769442,-0.44775563
TEST_03107,3.6029742,0.04175078,0.56029505
TEST_03108,2.8650715,0.044057727,-0.50053114
TEST_03109,1.6443363,-0.23527949,-0.1635486
TEST_03110,4.51693,-0.39223295,-0.24473931
TEST_03111,1.6448568,-0.6887696,0.25466666
TEST_03112,1.4608166,0.78770596,0.23151064
TEST_03113,2.490493,-0.9391189,0.08673587
TEST_03114,1.7863201,0.10086902,0.10815321
TEST_03115,0.8687763,-0.20150144,0.27179772
TEST_03116,2.1824439,0.9992169,-0.47082692
TEST_03117,2.9270582,-0.23686212,0.032482676
TEST_03118,3.2062285,0.36973566,1.3005475
TEST_03119,4.7270427,0.9934648,2.0458434
TEST_03120,1.4578388,-0.04813136,-0.24024825
TEST_03121,2.6853616,0.98362553,0.4590297
TEST_03122,1.5146403,-0.47805434,-0.7404262
TEST_03123,2.4643142,-2.241294,-1.1654638
TEST_03124,1.5224547,-0.11401975,-0.034147467
TEST_03125,2.737165,1.0341252,0.59001714
TEST_03126,4.308016,0.0934557,-0.5863293
TEST_03127,3.019639,-0.48148555,-0.84234875
TEST_03128,4.6185822,-1.0357631,1.0655292
TEST_03129,2.795981,0.51980805,-0.34024924
TEST_03130,1.7892536,-0.45208532,0.34842002
TEST_03131,4.3586392,-0.58171314,-1.0546097
TEST_03132,1.2753764,0.56359017,-0.27916548
TEST_03133,3.385588,0.3501722,-0.47411555
TEST_03134,2.57578,1.3080624,1.1403844
TEST_03135,2.1598294,1.0269952,0.4412494
TEST_03136,1.9820409,-0.5567858,-1.0059155
TEST_03137,1.6304128,-0.10856707,0.21758385
TEST_03138,2.2595823,0.69276184,1.2541999
TEST_03139,1.4465566,0.14066204,0.15094714
TEST_03140,2.993586,-0.20414294,-0.49688494
TEST_03141,3.2786455,-0.11233514,0.41461834
TEST_03142,1.3426578,0.39729223,0.012570555
TEST_03143,3.0764978,-0.99371827,0.529072
TEST_03144,3.620649,-0.0094349375,0.5793191
TEST_03145,5.209343,0.7387338,0.30582553
TEST_03146,2.7251496,0.18257622,0.70457745
TEST_03147,4.3716288,-0.56833625,0.9621208
TEST_03148,3.296572,-0.7194608,0.7397775
TEST_03149,4.3513083,-0.8310835,1.2368916
TEST_03150,4.209744,-0.07084358,0.58157974
TEST_03151,1.23262,-0.14808099,0.18885513
TEST_03152,3.320592,0.014419969,-0.3131423
TEST_03153,2.580502,-1.4919338,-0.45784268
TEST_03154,3.0583808,0.41914347,0.32209283
TEST_03155,2.6885767,-1.0226583,0.69603384
TEST_03156,2.7927747,1.2620612,0.31829637
TEST_03157,1.7574711,-0.2978957,0.39341593
TEST_03158,1.3931053,0.8758639,-0.4456277
TEST_03159,4.662129,-1.6123172,-0.9404885
TEST_03160,2.6608455,0.26344338,0.35674384
TEST_03161,4.598826,1.254247,1.1166384
TEST_03162,3.6329627,-0.31260616,0.063581124
TEST_03163,2.7770777,-1.6052343,1.2421967
TEST_03164,2.1220162,0.07830452,0.97314095
TEST_03165,1.830294,0.98644614,-0.12371373
TEST_03166,1.9415615,0.07863979,-0.44114068
TEST_03167,2.487594,0.37732112,-0.60952646
TEST_03168,0.7892255,0.3232953,0.06741356
TEST_03169,4.4956126,0.40343493,-0.08366028
TEST_03170,2.8509116,-0.5678816,-0.4669132
TEST_03171,2.859708,0.50269765,0.72179675
TEST_03172,3.7867746,0.41239843,1.2379215
TEST_03173,1.2052486,0.38660607,-0.0006675863
TEST_03174,1.7939141,0.96913064,-0.41161424
TEST_03175,2.5006664,-0.22686784,-0.50628823
TEST_03176,2.4994187,0.6797514,0.058997344
TEST_03177,3.8821385,0.8955265,0.47214362
TEST_03178,4.4178457,-1.0776154,-1.07196
TEST_03179,3.7874634,0.5672296,-0.39675122
TEST_03180,2.4568408,-0.50811046,-0.37579003
TEST_03181,3.09867,0.044752203,0.5149973
TEST_03182,2.250165,0.5257912,0.5274328
TEST_03183,1.5205975,-0.8283847,0.29580063
TEST_03184,3.4328089,0.36036682,-0.36454424
TEST_03185,1.8175317,0.31465998,-0.0785813
TEST_03186,2.489916,-0.5359556,-0.49205247
TEST_03187,3.3297427,0.41380727,-1.103702
TEST_03188,2.5939004,-0.8077535,-0.106462024
TEST_03189,3.8192565,-1.1915866,-0.6958033
TEST_03190,2.7248282,0.9387134,-0.30889612
TEST_03191,2.9155555,-0.90422714,-0.3269985
TEST_03192,2.3566535,1.2272222,-0.4754062
TEST_03193,1.3820878,-0.41835466,0.25954798
TEST_03194,3.2549198,-0.28746784,0.96160483
TEST_03195,2.2441065,0.42840183,0.4052711
TEST_03196,3.2661562,1.0095601,-0.3333849
TEST_03197,2.5997467,-1.088951,-0.52044976
TEST_03198,1.7137152,0.34021214,-0.55883
TEST_03199,4.612622,-1.747238,2.0915766
TEST_03200,1.3033301,-0.1810956,-0.36213
TEST_03201,4.9719367,-0.64419,0.75655645
TEST_03202,4.6810856,-0.8981441,-0.57476485
TEST_03203,3.7274463,-1.626404,0.29901114
TEST_03204,2.679966,-0.21678473,0.06362751
TEST_03205,1.3031013,0.042378943,0.07114081
TEST_03206,4.2573776,-0.9054347,0.06203367
TEST_03207,3.048537,1.0491855,-0.15718815
TEST_03208,6.4029474,-1.4405621,1.6097867
TEST_03209,2.9094558,0.02641632,0.25050765
TEST_03210,1.7060214,-0.46552962,-0.016854864
TEST_03211,4.086852,-0.34056196,0.7340886
TEST_03212,4.1904383,0.51402473,1.128925
TEST_03213,1.4789101,0.15569125,0.26669368
TEST_03214,2.148718,0.14263248,1.1162894
TEST_03215,0.9288508,0.09510397,0.16896077
TEST_03216,2.3930695,0.6896482,1.0500293
TEST_03217,1.4368491,-0.090842254,-0.015500269
TEST_03218,3.4503758,-1.0349158,0.46422917
TEST_03219,2.0591567,0.96302253,0.25519958
TEST_03220,1.2066612,-0.12771599,-0.14163285
TEST_03221,3.1407256,-0.19341841,-0.10013044
TEST_03222,1.4357922,0.2885869,0.26357543
TEST_03223,2.734258,-0.5786821,-0.011320738
TEST_03224,1.98077,0.6205104,-0.3255295
TEST_03225,3.5943906,1.5051513,1.5837457
TEST_03226,2.1139233,-0.060833693,0.05687132
TEST_03227,4.1621814,-0.6870092,0.6427672
TEST_03228,2.997983,-0.5159661,0.033912223
TEST_03229,3.6320093,0.38881275,0.5110744
TEST_03230,2.69493,0.53488106,-0.07084744
TEST_03231,3.2630057,-0.34293815,-0.13677153
TEST_03232,3.2196136,-1.4289951,-0.1288093
TEST_03233,2.3395197,0.03510531,0.48928463
TEST_03234,2.4749603,0.2942516,0.08731496
TEST_03235,1.0903798,0.34562683,0.0044347886
TEST_03236,2.631576,-0.5172747,0.64254844
TEST_03237,2.430103,-0.23949218,0.53216034
TEST_03238,3.2693057,-0.7568553,0.8630811
TEST_03239,4.5487504,0.6103188,0.46717072
TEST_03240,1.6631584,0.71637267,0.19144695
TEST_03241,4.9792686,-0.7013384,0.91056246
TEST_03242,3.620986,0.6078636,1.1095568
TEST_03243,1.545037,-0.30929527,0.01057541
TEST_03244,2.8731802,-0.82045656,-0.24504395
TEST_03245,2.6131806,1.169742,0.95077056
TEST_03246,4.467192,1.3732542,0.049639992
TEST_03247,2.3418195,-0.25244084,0.50083077
TEST_03248,0.8718784,-0.89938617,0.2077566
TEST_03249,2.8730223,-0.11977138,-0.37198955
TEST_03250,2.3297446,0.61882126,0.0562731
TEST_03251,3.0644257,-0.07511772,0.19786991
TEST_03252,4.2259393,0.8741567,-0.9623901
TEST_03253,1.610183,-0.311037,-0.19140616
TEST_03254,1.7554439,0.98880863,-0.55551565
TEST_03255,1.8285686,0.6438867,0.24678482
TEST_03256,2.7501876,-1.0193754,-0.81963694
TEST_03257,2.8813713,0.49667823,0.73605734
TEST_03258,2.4350312,0.18041213,0.89752316
TEST_03259,2.633375,-0.74968636,0.18336108
TEST_03260,2.4141576,0.13896054,0.82002896
TEST_03261,1.7002054,-0.122085676,-0.03780132
TEST_03262,2.122863,-0.3998772,-0.58217084
TEST_03263,3.830409,0.18416098,-0.7710094
TEST_03264,2.6590776,-0.18859151,1.0014907
TEST_03265,4.921836,-0.82346284,1.6240182
TEST_03266,3.3550603,-0.49095413,0.6618183
TEST_03267,3.452618,-0.22964911,0.113135256
TEST_03268,2.6998322,1.0887481,0.74889624
TEST_03269,3.218582,0.0067744423,0.09533298
TEST_03270,2.6795883,1.0744843,0.32443526
TEST_03271,1.3276498,-0.2904878,-0.0615582
TEST_03272,2.8269894,-1.0352942,0.13100938
TEST_03273,2.8702767,-1.0526127,0.60223997
TEST_03274,2.4618049,-0.00044516506,-0.19964236
TEST_03275,2.56237,0.80980337,0.19286488
TEST_03276,2.4391782,-0.2384479,0.57018477
TEST_03277,1.6248544,-0.70768476,0.19723797
TEST_03278,1.4651474,-0.31085566,0.11062406
TEST_03279,3.9867487,0.40671176,1.6676177
TEST_03280,4.955621,1.3957182,0.6723775
TEST_03281,1.893572,0.95497704,-0.49261874
TEST_03282,3.0239832,0.81883806,1.0958419
TEST_03283,2.9047077,0.5851009,0.40612438
TEST_03284,3.1958787,0.6274109,-0.43664563
TEST_03285,2.0582054,0.93695563,-0.11831506
TEST_03286,4.18899,-0.74887097,-0.2621899
TEST_03287,2.5025334,-1.3009717,1.173293
TEST_03288,1.8788934,0.6201745,0.260241
TEST_03289,4.399466,0.24257472,-0.19563524
TEST_03290,2.0873117,0.23008527,0.22348484
TEST_03291,3.3274944,0.16300589,0.7592164
TEST_03292,1.5832657,-0.27487582,-0.01490083
TEST_03293,1.5713516,-0.5231107,0.19343324
TEST_03294,1.3280921,0.91729,0.30256718
TEST_03295,0.92062634,-0.27615008,0.19396463
TEST_03296,2.7733462,-1.154513,-0.06269647
TEST_03297,1.9221961,0.4333852,0.42222488
TEST_03298,4.0723395,-0.49510092,0.8461478
TEST_03299,1.8932383,-0.6809737,0.33569995
TEST_03300,2.7358577,0.23453547,0.70335996
TEST_03301,1.8563812,-0.46052745,-0.2595624
TEST_03302,1.6913599,-0.20112012,0.21428865
TEST_03303,2.5883567,-0.741186,0.55295867
TEST_03304,1.8940493,0.18501242,-0.34749147
TEST_03305,4.889052,-1.7215565,0.40849182
TEST_03306,2.3840787,0.3196995,0.72775424
TEST_03307,3.0272322,-0.09511452,0.59856117
TEST_03308,3.1324728,0.15110703,0.16409688
TEST_03309,1.8732263,0.4823038,0.10447956
TEST_03310,3.6469545,1.0541781,0.5350945
TEST_03311,2.6149933,0.15299217,-0.09049508
TEST_03312,3.4977653,0.40715152,0.70691097
TEST_03313,3.1996953,1.3502036,0.2300551
TEST_03314,1.316568,0.1165716,0.13333754
TEST_03315,2.0088637,-0.6585931,-0.6895654
TEST_03316,1.8943795,-0.4707551,0.24367885
TEST_03317,3.5742369,0.034713197,0.27978653
TEST_03318,1.4735438,-0.36641753,-0.19502729
TEST_03319,4.539221,0.6710503,-0.22781269
TEST_03320,2.3411765,0.7292641,-0.101941675
TEST_03321,3.4513023,1.9299854,1.2118732
TEST_03322,4.494036,1.4248694,-0.29041114
TEST_03323,1.4533095,-0.7376462,-0.23633814
TEST_03324,1.4357827,-0.15297946,0.15896757
TEST_03325,2.3471572,-0.6768722,-0.29689884
TEST_03326,2.8627217,-0.6999099,0.21960671
TEST_03327,4.4342914,0.7092431,-0.4437694
TEST_03328,4.9795866,-1.8695769,-0.65085095
TEST_03329,2.4797125,-0.050278325,-0.64702904
TEST_03330,2.282708,-0.20434435,-0.5624169
TEST_03331,1.643193,-0.32055083,-0.21205439
TEST_03332,2.2264912,0.114480235,-0.29101261
TEST_03333,1.2120818,0.41339228,-0.0039019785
TEST_03334,2.897958,-1.7639449,-0.8956372
TEST_03335,3.8901515,0.27449504,1.2480508
TEST_03336,1.1586107,0.335693,0.09459934
TEST_03337,2.0323832,0.24741854,-0.04526559
TEST_03338,3.8884246,1.2733403,-1.185258
TEST_03339,3.8814938,-1.0881226,0.2908137
TEST_03340,1.8030093,-0.029323194,-0.3314251
TEST_03341,2.4646873,-0.40043518,0.82485354
TEST_03342,2.0849578,-0.28409258,0.12993899
TEST_03343,3.1971812,0.44117326,-0.5691929
TEST_03344,1.3903773,0.43049586,0.6204512
TEST_03345,1.7496039,1.2378105,0.6494582
TEST_03346,1.5130216,-0.29758516,0.48507077
TEST_03347,1.3285464,-0.20590761,0.12738022
TEST_03348,2.776908,-0.6557948,0.57987076
TEST_03349,1.4130561,0.4681485,0.2236317
TEST_03350,2.629089,0.8360273,0.56783956
TEST_03351,1.9747427,1.1270689,-0.3479326
TEST_03352,2.816447,-1.2869083,-0.7907806
TEST_03353,1.5826608,-0.36316076,0.016158259
TEST_03354,2.5017717,0.40009078,0.24241161
TEST_03355,1.8053285,0.21609235,-0.32615784
TEST_03356,2.7512736,1.7535493,-0.6005414
TEST_03357,3.2425714,1.0496029,0.42106125
TEST_03358,1.3204442,-0.6203113,-0.5108483
TEST_03359,2.4912612,-1.5484295,-1.4765632
TEST_03360,1.2848663,0.89010596,-0.078413755
TEST_03361,4.237938,1.4390852,1.0117615
TEST_03362,1.481021,-0.5141508,0.13137814
TEST_03363,2.908274,1.4813733,-0.31841117
TEST_03364,2.5380707,0.5562157,0.8608351
TEST_03365,2.1096833,0.08736804,0.08830287
TEST_03366,1.8735054,-0.16763476,-0.3125985
TEST_03367,4.104866,0.08566066,0.1561609
TEST_03368,1.4053433,-0.09424701,0.7034144
TEST_03369,2.3630648,-0.12971231,-0.092583105
TEST_03370,2.0326693,-0.26449877,-0.059352253
TEST_03371,3.0635376,0.25976914,0.046472766
TEST_03372,4.0134892,0.47894162,-0.22651938
TEST_03373,2.384037,0.13907616,-0.27549285
TEST_03374,3.2018628,-0.44404858,0.69432575
TEST_03375,1.2279282,0.07992263,-0.117362946
TEST_03376,3.1052082,-0.7201446,1.6965051
TEST_03377,4.0034804,-0.8677239,-0.06787946
TEST_03378,2.9002671,0.74508554,-1.3217419
TEST_03379,4.154888,1.8155671,1.3498559
TEST_03380,1.319573,0.07318202,-0.18815075
TEST_03381,2.6434968,-0.3175307,0.19528443
TEST_03382,2.0960693,-0.11579298,-0.32046843
TEST_03383,1.6852634,0.07435822,0.59034646
TEST_03384,4.0221972,-0.21395227,0.14026695
TEST_03385,5.613833,-0.9992397,1.8115786
TEST_03386,2.2376058,0.1959672,0.890664
TEST_03387,4.084798,-0.60489255,-0.5601277
TEST_03388,2.4610255,1.3406981,0.2507679
TEST_03389,3.1980474,-1.7855958,1.1788557
TEST_03390,5.2736683,-1.7428728,1.1267787
TEST_03391,2.452185,0.3807054,-0.18882841
TEST_03392,2.546345,0.99894077,0.8008063
TEST_03393,3.2930849,-1.8423554,1.1078409
TEST_03394,2.3237805,-0.65291,0.40853775
TEST_03395,2.3162007,-0.7619515,0.65097946
TEST_03396,4.0043635,1.4443332,0.07385025
TEST_03397,2.4549603,-0.8561475,0.14134161
TEST_03398,2.982049,0.017000945,0.7726456
TEST_03399,4.8196206,-1.0752912,1.6757556
TEST_03400,4.5320554,-0.561896,0.5890404
TEST_03401,3.2722995,-0.63051426,0.51744163
TEST_03402,3.075209,-0.19430064,-0.6441464
TEST_03403,2.3162374,0.7031822,0.99276996
TEST_03404,3.210178,0.8970287,0.058627523
TEST_03405,2.4725988,-0.7885959,-0.3406684
TEST_03406,3.3601968,-0.15756668,0.8549346
TEST_03407,2.4141765,-0.36249638,0.2801921
TEST_03408,5.640762,-2.3586931,0.7227152
TEST_03409,3.3737712,0.22280255,-0.19716677
TEST_03410,1.8411988,-0.21270482,-0.2318944
TEST_03411,1.0239228,-0.013016042,-0.17863731
TEST_03412,3.718064,0.6272401,0.3883793
TEST_03413,1.0628563,-0.33733857,0.14099142
TEST_03414,3.666112,-0.4845402,1.7993355
TEST_03415,1.0162896,-0.41535902,0.07338418
TEST_03416,1.3615762,0.34102052,-0.16653529
TEST_03417,2.8286517,1.2716653,-0.2420934
TEST_03418,1.081758,-0.19992024,-0.27010795
TEST_03419,3.0254912,1.4004389,0.16766419
TEST_03420,2.4617298,-0.5809758,-0.2080325
TEST_03421,3.3101692,0.17742416,-0.2774545
TEST_03422,2.3540838,-0.10560916,0.2022093
TEST_03423,1.8251876,0.78674984,0.54117566
TEST_03424,3.1169589,-0.070856005,-0.44628006
TEST_03425,3.85572,1.133631,-0.2656369
TEST_03426,2.8950675,-0.22009285,0.51060325
TEST_03427,1.9484464,0.26839623,-0.36879262
TEST_03428,3.2215986,-0.3267647,-0.25664324
TEST_03429,4.1954594,-0.0777739,0.091071084
TEST_03430,1.901417,1.0063146,0.04855676
TEST_03431,2.8184626,-0.9095751,0.55379134
TEST_03432,1.7002062,0.7183836,-0.074823715
TEST_03433,2.884422,0.45471257,-0.59748024
TEST_03434,1.2677459,-0.4023212,0.031199882
TEST_03435,2.2629497,0.06729276,-0.194817
TEST_03436,4.434822,-0.18388475,-0.032881837
TEST_03437,1.2154664,0.32134902,0.3268512
TEST_03438,2.7146082,1.3287909,-0.32596546
TEST_03439,5.848909,0.86552274,1.2338758
TEST_03440,3.6979992,-2.0045362,-0.89094526
TEST_03441,4.208118,0.2525328,1.3398741
TEST_03442,4.4031353,0.01888654,0.5650917
TEST_03443,0.9811644,0.41947287,0.35163435
TEST_03444,1.9471357,0.32206005,-0.28485724
TEST_03445,2.1641269,-0.48523578,-0.27457196
TEST_03446,4.810832,-0.60141504,0.9452674
TEST_03447,1.873685,-0.9733505,-0.24760632
TEST_03448,5.2963367,-2.5084937,-0.9397974
TEST_03449,2.1854923,0.48679543,0.06879206
TEST_03450,1.01912,0.445819,0.265071
TEST_03451,4.2240157,0.51079905,0.24639808
TEST_03452,3.2082536,1.2659416,0.38204923
TEST_03453,2.200091,0.5363906,0.080681354
TEST_03454,2.9204712,-0.21409613,-0.28015816
TEST_03455,3.6691847,0.7947809,-0.45042354
TEST_03456,2.0801713,1.2309728,-0.9381559
TEST_03457,3.3388894,1.0687699,0.16522622
TEST_03458,5.4546766,-0.3665751,0.1397662
TEST_03459,1.6650927,0.20469618,-0.15148285
TEST_03460,2.9262092,0.740323,-0.07615169
TEST_03461,1.4509004,0.04218305,0.026414039
TEST_03462,1.9602052,-0.13927858,-0.43606645
TEST_03463,3.2783759,-0.24442369,0.097955815
TEST_03464,1.405579,0.44778964,0.58642447
TEST_03465,5.939896,-1.7942945,1.7304937
TEST_03466,2.7858806,-0.37717873,0.7917334
TEST_03467,1.799303,0.42427427,-0.30442247
TEST_03468,2.9628599,-1.1448308,0.88496333
TEST_03469,2.2288642,-0.25866356,0.58337075
TEST_03470,4.729669,0.6171857,1.6574358
TEST_03471,2.084762,0.47494093,0.028502647
TEST_03472,2.2442648,-0.17888628,-0.6234044
TEST_03473,2.7322118,-0.7274912,0.061373405
TEST_03474,2.703003,-0.0870198,0.06271339
TEST_03475,0.91594523,0.16884528,0.09354521
TEST_03476,3.4235075,-0.76482606,0.42988956
TEST_03477,1.9611411,-0.4633605,0.13397017
TEST_03478,2.9392347,-0.50594735,-0.35486087
TEST_03479,4.8548274,-0.62411594,-0.2736103
TEST_03480,1.6605245,-0.18254097,-0.18345119
TEST_03481,1.207743,-0.9474859,0.067074455
TEST_03482,4.546396,-1.5894172,-0.32307306
TEST_03483,4.1715198,-0.39026433,0.0051735234
TEST_03484,1.7098688,0.30900833,0.3082572
TEST_03485,1.1042676,-0.18675987,0.23786376
TEST_03486,3.6494293,-0.84453845,-0.61599624
TEST_03487,1.5962517,0.17503627,0.7298451
TEST_03488,5.1568627,0.911278,-0.18159601
TEST_03489,2.1209683,-0.109296784,0.19149034
TEST_03490,2.7041698,0.12664701,0.11629184
TEST_03491,2.532449,0.21128629,-0.42810756
TEST_03492,5.0527673,-0.9935827,-0.5604583
TEST_03493,0.98305607,-0.3311911,0.06021203
TEST_03494,1.4571311,-0.4879545,0.22954361
TEST_03495,1.4930518,0.28696886,0.09591028
TEST_03496,3.0994604,-1.2362946,0.30766678
TEST_03497,3.751941,-0.36125648,0.12033818
TEST_03498,1.0767909,-0.6589232,0.4860028
TEST_03499,4.0144835,0.41834214,0.3385955
TEST_03500,2.5243874,-0.57268435,-0.79335254
TEST_03501,3.5420632,-0.4635425,-0.61107373
TEST_03502,1.8708104,0.579119,-0.42515028
TEST_03503,3.079322,-0.43870598,-0.23615597
TEST_03504,2.7032132,0.23557474,0.19628353
TEST_03505,6.0605955,0.58852726,0.9660088
TEST_03506,2.3617215,0.17594682,0.6188506
TEST_03507,2.529208,-0.11406446,-1.0445999
TEST_03508,1.7437441,-0.5784671,0.26043552
TEST_03509,4.4819465,0.78282374,1.076154
TEST_03510,5.1838074,1.1341921,-0.8895301
TEST_03511,3.5342987,-0.7732893,0.27377686
TEST_03512,2.3080766,0.33306116,-0.31436664
TEST_03513,3.2120233,0.18387836,-0.57408345
TEST_03514,2.9705808,0.2360556,-0.7505847
TEST_03515,2.0994337,0.40384683,-0.7479414
TEST_03516,4.4635973,-1.0589128,1.1783992
TEST_03517,2.7751899,1.3808703,0.19974856
TEST_03518,2.55851,-0.5932332,-0.41097108
TEST_03519,3.050323,0.023315841,-0.70993054
TEST_03520,2.3345702,-0.06616203,0.45782354
TEST_03521,3.3389113,-1.7445982,0.50437653
TEST_03522,2.8367014,1.0213044,0.6444709
TEST_03523,1.8566777,-0.9517299,0.21540008
TEST_03524,2.8472745,-0.94232184,1.0914072
TEST_03525,1.0522218,0.03886463,0.03157621
TEST_03526,3.4954352,-1.0344185,0.5495225
TEST_03527,1.0793674,-0.1908974,0.31757143
TEST_03528,4.7797446,-0.83418864,-0.9139971
TEST_03529,2.8168314,0.45794436,-0.2734161
TEST_03530,2.84333,0.1193564,0.39961073
TEST_03531,2.7879727,0.27112883,0.7164764
TEST_03532,2.750042,-1.1189669,0.9151558
TEST_03533,2.6389549,0.013992708,0.15510951
TEST_03534,1.3522587,0.14249468,0.3436886
TEST_03535,1.6353451,0.113203876,0.12718529
TEST_03536,1.9166738,-0.2683169,0.25969294
TEST_03537,2.2798686,0.99927324,1.2116926
TEST_03538,3.783808,1.5977516,-1.3606414
TEST_03539,1.756662,-0.7281274,0.1726036
TEST_03540,2.2912207,-0.052350722,0.19958
TEST_03541,1.5197518,-0.67388034,0.09473586
TEST_03542,1.5363799,0.24635181,0.22141033
TEST_03543,1.7855405,-0.07585209,-0.5887612
TEST_03544,4.0031905,-0.93103427,0.19889826
TEST_03545,1.2339846,0.22146472,-0.21450849
TEST_03546,3.0099263,-0.69910735,1.0905617
TEST_03547,2.6820078,0.46378264,-0.61634153
TEST_03548,3.4729295,0.33193538,0.25366583
TEST_03549,2.9812906,-1.532879,-1.095112
TEST_03550,4.841485,0.23224106,1.4117867
TEST_03551,1.8456566,0.11675148,0.34413844
TEST_03552,3.4293027,-0.48932144,-0.15526366
TEST_03553,2.3563287,-0.7123137,0.37132725
TEST_03554,2.3836174,0.30854747,0.004502272
TEST_03555,1.1739521,-0.43903753,-0.12336005
TEST_03556,4.514038,-0.95948696,-0.03234788
TEST_03557,3.4253542,0.2950951,1.0085597
TEST_03558,3.6091127,-0.0901068,0.6919354
TEST_03559,3.644913,-0.08110504,0.15937972
TEST_03560,2.3501506,1.4956042,-0.66439706
TEST_03561,5.0004926,-1.8522135,-0.23791982
TEST_03562,4.5507245,-0.42715663,-0.16097368
TEST_03563,1.246563,-0.5051054,-0.27549157
TEST_03564,2.630594,-0.025752239,-0.36749282
TEST_03565,1.3164469,-0.10827814,-0.25747868
TEST_03566,1.325101,-0.05002607,0.24243869
TEST_03567,2.2997613,-0.04182489,0.28951696
TEST_03568,2.2118614,-0.4956418,0.1670773
TEST_03569,1.200104,-0.044386096,0.11869903
TEST_03570,2.033517,0.41889483,0.058758125
TEST_03571,2.2204566,-0.1506577,0.293248
TEST_03572,2.6928535,-1.3744441,-0.567774
TEST_03573,2.594294,0.6216291,0.440679
TEST_03574,3.0458293,-0.8606969,-0.25408876
TEST_03575,2.363411,0.6585007,0.43202978
TEST_03576,1.1792351,0.46288013,0.16157728
TEST_03577,3.288154,-1.9472773,2.1388733
TEST_03578,3.9944081,1.2135054,1.6010531
TEST_03579,2.1788225,1.0802252,-0.3471163
TEST_03580,2.9985633,0.03307027,-0.9512474
TEST_03581,1.1766397,-0.5896662,0.27677092
TEST_03582,1.269976,0.23439763,-0.14767265
TEST_03583,1.8915733,-1.0633543,-0.4325112
TEST_03584,3.8395264,-0.59959614,-0.12973934
TEST_03585,4.1760697,1.576183,1.3180277
TEST_03586,1.9224946,-0.40776044,0.12738365
TEST_03587,3.2396328,-0.5486968,-0.40441152
TEST_03588,1.8128533,0.11686997,0.21002986
TEST_03589,2.9589906,1.7169993,-0.7842592
TEST_03590,1.7103107,-0.38074562,0.0018588662
TEST_03591,3.0970337,1.0242416,-0.5670432
TEST_03592,3.2061937,-0.8910479,1.7777184
TEST_03593,2.6263711,-0.8697465,-0.27966616
TEST_03594,1.4844366,-0.12923314,0.18014593
TEST_03595,1.4557565,-0.45440423,0.41613573
TEST_03596,3.5859308,0.950614,0.75512135
TEST_03597,3.2033136,1.1334784,0.30060303
TEST_03598,1.8524038,-0.46405587,-0.6935938
TEST_03599,4.280501,-1.6364574,0.7396109
TEST_03600,4.0624323,-1.0862914,1.115544
TEST_03601,2.3875449,-0.118835114,-0.7018769
TEST_03602,4.058582,1.7174166,-0.89067966
TEST_03603,3.5189178,1.010365,0.81574565
TEST_03604,1.796292,0.014114518,0.23215812
TEST_03605,2.44804,-0.82052654,0.481904
TEST_03606,3.2157605,0.035109457,0.31784603
TEST_03607,0.80642676,-0.35004273,-0.18790993
TEST_03608,6.2869635,1.0502256,-1.1481667
TEST_03609,3.6451688,0.5183293,0.22029118
TEST_03610,3.0013878,0.569621,1.1784843
TEST_03611,3.4603066,-0.06525091,-0.027516542
TEST_03612,4.7946105,0.5032926,-0.059044752
TEST_03613,2.4495332,-0.24474771,0.08432664
TEST_03614,1.640791,1.2054927,0.80919117
TEST_03615,2.5862937,0.81229794,0.49723548
TEST_03616,2.7415235,0.24358964,-0.18474786
TEST_03617,3.9151828,-1.6315801,0.45309705
TEST_03618,1.0684838,-0.27259484,-0.39146283
TEST_03619,2.7559428,-0.29454407,0.06575079
TEST_03620,1.6193882,-0.74466634,0.2742999
TEST_03621,1.7457677,-0.69023764,0.35901693
TEST_03622,1.666012,0.21724544,0.309993
TEST_03623,1.1947545,-0.429099,-0.45924795
TEST_03624,1.87626,-0.25681838,0.6252115
TEST_03625,4.879793,0.14346541,0.23157412
TEST_03626,1.6472708,-0.30058083,-0.26021445
TEST_03627,4.5647807,0.32446107,-1.2662201
TEST_03628,2.8032467,0.6998795,0.36892995
TEST_03629,4.504548,0.63840795,0.47283128
TEST_03630,4.712398,-1.8271145,-0.99093854
TEST_03631,2.3902729,0.021414427,-0.19621347
TEST_03632,1.7428658,-0.06762135,-0.6886652
TEST_03633,2.4449267,-1.0078319,0.6796884
TEST_03634,3.0481076,0.6093544,-0.9220163
TEST_03635,2.4373357,-1.0004789,-0.53770095
TEST_03636,1.1659602,0.6840974,-0.39319667
TEST_03637,2.0916693,1.3520229,0.28892502
TEST_03638,3.44863,-1.6084853,0.57945687
TEST_03639,4.875481,-0.20661153,-0.9012191
TEST_03640,4.8409605,-0.80751616,-0.8665915
TEST_03641,1.948027,-0.4961142,0.10102529
TEST_03642,4.714293,0.05126491,1.620302
TEST_03643,1.3298353,-0.17030428,0.2882078
TEST_03644,1.4880509,0.47073737,-0.24219571
TEST_03645,2.7250187,0.6964704,0.912286
TEST_03646,4.87018,-0.37821552,-0.60258996
TEST_03647,4.113747,-0.26633242,0.43196976
TEST_03648,3.0137274,0.7217245,0.12548783
TEST_03649,1.911641,-0.35402068,0.24923515
TEST_03650,2.367985,-0.13520691,-0.036929373
TEST_03651,3.6657233,-0.30156034,-0.41055104
TEST_03652,2.4970877,-0.32333502,0.518492
TEST_03653,0.78846335,0.19455758,0.17871891
TEST_03654,2.5071766,0.5286686,0.92534524
TEST_03655,1.472472,-0.41939887,0.38567793
TEST_03656,2.812184,0.3879175,1.1248493
TEST_03657,3.080121,-0.698715,1.5450572
TEST_03658,4.673086,-1.0357192,-1.2022575
TEST_03659,1.8375187,-1.0927408,-0.50095224
TEST_03660,1.1914536,-0.07383271,0.23235
TEST_03661,2.6440613,-0.3164953,-0.05964233
TEST_03662,2.1011007,0.3216885,-0.57951546
TEST_03663,4.257045,0.36506006,0.48959294
TEST_03664,3.5800123,0.03166582,0.90625536
TEST_03665,2.3847816,-0.15422526,0.6880201
TEST_03666,1.6190264,0.03131925,-0.025747707
TEST_03667,3.8642912,0.4893552,-0.31827834
TEST_03668,1.609982,-0.16664681,-0.025626572
TEST_03669,4.052972,0.21912478,0.20608166
TEST_03670,4.3276844,0.5793172,1.4042884
TEST_03671,2.4840155,-0.1235535,-0.045715883
TEST_03672,2.0393684,0.64798504,0.95440894
TEST_03673,3.5694704,-1.6100602,-0.18496203
TEST_03674,2.5211053,0.38623253,0.0404124
TEST_03675,1.2640374,-0.2587609,0.43814653
TEST_03676,1.4104911,0.16536674,-0.11427863
TEST_03677,1.9281383,0.19435033,0.52250963
TEST_03678,3.1856484,-1.8901426,-0.73981297
TEST_03679,4.8234076,-0.051074386,-0.14786044
TEST_03680,2.0963924,-0.46939483,0.43004492
TEST_03681,5.152943,-1.6230805,-0.5534649
TEST_03682,3.6258996,-0.2789571,0.55421597
TEST_03683,1.972194,1.7432399,0.6328982
TEST_03684,1.0064173,0.06782987,-0.15477897
TEST_03685,2.4940336,0.15486653,-0.55648965
TEST_03686,2.8305054,0.32470736,0.35221025
TEST_03687,3.893746,1.3501468,0.9547126
TEST_03688,4.5453234,0.2558485,-0.6417972
TEST_03689,2.6981409,0.36241302,0.4953435
TEST_03690,2.455076,0.15863022,0.77603966
TEST_03691,1.8608519,-0.40792248,0.61457783
TEST_03692,2.6327436,0.0034576657,0.09775183
TEST_03693,1.072356,0.45720282,0.081280984
TEST_03694,2.1278944,-0.8044587,0.6466499
TEST_03695,3.312178,-0.24198511,-0.7121574
TEST_03696,3.028455,1.0228268,0.05749492
TEST_03697,2.7991068,0.6455839,0.08293704
TEST_03698,3.5795836,0.3858231,-0.60699326
TEST_03699,2.6546772,-0.81536347,0.094211735
TEST_03700,2.4953058,-0.2740964,-0.14263138
TEST_03701,3.0926526,0.016984016,0.1916862
TEST_03702,1.7297401,-0.0036543629,-0.183149
TEST_03703,1.6830089,-0.018475123,-0.03654603
TEST_03704,4.011708,-0.2133727,0.5240819
TEST_03705,2.1502538,0.46305323,0.63857204
TEST_03706,2.6852968,-0.14787121,-0.5384101
TEST_03707,2.9726114,0.13580103,0.12482189
TEST_03708,3.082125,-0.14472157,-0.17015536
TEST_03709,0.9565784,-0.57856953,0.5161171
TEST_03710,4.5087514,0.77538484,-0.7307194
TEST_03711,1.1130307,0.19231793,0.09825145
TEST_03712,2.8587263,1.5916888,1.190636
TEST_03713,1.3409909,-0.54190177,-0.07361845
TEST_03714,1.4050772,0.07998849,-0.04938068
TEST_03715,2.6209743,-0.23134108,-0.46238962
TEST_03716,2.7111998,-0.9180873,-0.36406034
TEST_03717,3.165075,-1.8412716,1.0462378
TEST_03718,1.3325683,0.25763398,0.014533364
TEST_03719,4.098907,-0.27009904,-1.1161999
TEST_03720,1.8138661,0.09718286,0.21746454
TEST_03721,3.4313958,0.64161116,-0.10348317
TEST_03722,2.5759282,-1.1732506,0.9973692
TEST_03723,2.578927,1.7973748,-0.73689324
TEST_03724,2.375987,1.0769228,-0.2904428
TEST_03725,2.4174585,-0.1701211,0.017568396
TEST_03726,1.1115361,-0.09574688,0.102131695
TEST_03727,2.591188,-0.8915588,0.66160774
TEST_03728,5.8339615,-1.7276444,-0.7527719
TEST_03729,2.9917703,0.6860693,0.008901834
TEST_03730,2.5454645,0.118084565,0.20520587
TEST_03731,3.8808131,-0.5300043,-0.0016143057
TEST_03732,2.561051,0.006943385,-0.09369552
TEST_03733,1.6518292,0.5734796,-0.025501287
TEST_03734,1.7417723,0.15133014,0.31311575
TEST_03735,1.7121785,-0.43800578,0.49039832
TEST_03736,3.0068285,0.56481785,0.49529487
TEST_03737,2.4898484,-1.0895045,0.67345923
TEST_03738,5.1704283,1.230514,-0.30518275
TEST_03739,1.3809147,0.6499516,0.09212352
TEST_03740,2.7514136,0.12967364,-0.01644596
TEST_03741,2.1177406,0.23634046,0.22565264
TEST_03742,1.9188303,-0.076915294,-0.3275936
TEST_03743,2.7208369,0.39350042,0.4709325
TEST_03744,1.1743728,-0.009470612,-0.111469135
TEST_03745,3.184453,0.12769902,0.14683421
TEST_03746,1.1611015,0.441189,0.042922534
TEST_03747,4.3038926,-0.8643472,0.46863326
TEST_03748,2.8893273,-0.5714203,0.36022234
TEST_03749,4.1448407,0.058958698,-0.3386474
TEST_03750,5.6362734,0.7283679,1.320032
TEST_03751,3.1855664,-0.6414625,-0.5734633
TEST_03752,1.5536662,0.6883048,0.48304555
TEST_03753,2.7129579,-0.4861534,0.630934
TEST_03754,2.810057,0.26766738,0.31581476
TEST_03755,1.8516587,0.78288686,0.57506835
TEST_03756,3.7331443,1.1106229,-0.09143497
TEST_03757,2.3332608,-0.0035256292,-0.017834097
TEST_03758,2.646853,1.0914153,0.9836754
TEST_03759,3.4445195,1.3181636,1.8403599
TEST_03760,4.377691,1.3242728,1.2811222
TEST_03761,3.3071148,-1.8708723,0.59822005
TEST_03762,3.7396293,0.5098504,0.28622806
TEST_03763,3.0181837,0.64098823,-1.0236962
TEST_03764,3.2707047,0.19524054,0.10397205
TEST_03765,2.5948253,0.409239,0.58802086
TEST_03766,3.8161552,0.23489308,1.1671697
TEST_03767,2.2965548,-0.15533389,1.0579144
TEST_03768,1.6160207,-0.15269656,0.014724137
TEST_03769,3.1376507,0.31106192,0.2442673
TEST_03770,3.1357734,0.06254882,0.050906252
TEST_03771,0.83165103,0.006862775,-0.28923243
TEST_03772,1.7256418,0.85856277,0.37408
TEST_03773,3.1691597,0.633564,-0.47562236
TEST_03774,3.4136727,-0.97090524,-0.61547905
TEST_03775,3.6870706,-0.12559195,-0.50277865
TEST_03776,2.356078,-0.018835539,1.3229222
TEST_03777,3.2813075,-0.5736899,0.94904554
TEST_03778,3.0979629,1.4285551,-1.0376498
TEST_03779,3.0492098,0.50870484,0.44068962
TEST_03780,2.0145512,1.165815,-1.0250707
TEST_03781,3.32087,-0.39209035,-0.18599218
TEST_03782,1.1987554,-0.12454844,-0.22478913
TEST_03783,2.7784448,0.40127027,0.12062595
TEST_03784,2.339567,0.07507706,-0.08263096
TEST_03785,3.7167244,1.2063782,1.5546777
TEST_03786,2.3377814,0.023853937,-0.3797037
TEST_03787,4.360154,0.6179962,0.23174053
TEST_03788,2.5401263,0.0042208345,-0.11174023
TEST_03789,4.5952606,0.5553849,-0.39443657
TEST_03790,1.6311268,-0.6731463,0.374167
TEST_03791,1.5375293,0.35164443,-0.0010249114
TEST_03792,1.4055783,0.4317486,0.12878874
TEST_03793,2.898037,-0.313111,0.62978363
TEST_03794,1.7137972,-0.22397037,0.09682071
TEST_03795,1.5583662,-0.3914635,0.3238225
TEST_03796,2.5630622,0.42519134,-0.24133095
TEST_03797,2.8089185,1.8150166,-0.245411
TEST_03798,2.529443,-0.5559242,0.17848274
TEST_03799,3.3148835,1.6617053,0.34663573
TEST_03800,3.934095,-0.14275466,0.10122572
TEST_03801,4.6071405,1.7716138,0.4669637
TEST_03802,2.4240425,1.830787,1.5112194
TEST_03803,1.0065677,-0.6929291,-0.23383102
TEST_03804,1.961689,0.700681,0.51339906
TEST_03805,2.5044725,-0.49965444,-0.2473272
TEST_03806,2.4351046,-0.67197883,0.5882828
TEST_03807,2.7638555,0.25617367,-0.7192485
TEST_03808,5.5092545,0.20685549,-0.51762664
TEST_03809,3.7764893,0.07235675,0.082311995
TEST_03810,2.6875463,0.08735223,0.45864624
TEST_03811,3.376573,-0.2640029,0.014215601
TEST_03812,4.8358173,1.4815816,1.7195982
TEST_03813,1.542773,0.33333236,-0.2501174
TEST_03814,1.4579275,-0.73741573,0.31102836
TEST_03815,2.13323,-0.056634557,-0.23135757
TEST_03816,3.151483,1.0496681,-0.018462569
TEST_03817,1.4724936,-0.11439678,0.3798995
TEST_03818,5.427475,1.5414755,1.0809745
TEST_03819,2.6950696,-0.8239661,-0.23670349
TEST_03820,1.2448144,0.15475245,-0.04422622
TEST_03821,3.166164,0.0736566,1.1192745
TEST_03822,2.1547098,-0.22063182,-0.17808177
TEST_03823,3.138006,-0.9964446,-0.26621795
TEST_03824,2.8599205,-0.3224245,-0.317225
TEST_03825,1.3495296,-0.35672405,-0.54757714
TEST_03826,1.3680879,0.23023869,-0.07963958
TEST_03827,1.3140767,-0.10328769,-0.24161693
TEST_03828,2.541206,-0.5541469,0.3757558
TEST_03829,3.5988379,1.425795,-0.19931255
TEST_03830,2.8450236,1.644509,-0.54324776
TEST_03831,2.2890651,0.20539603,-0.1396201
TEST_03832,3.1662064,0.2269263,0.24148984
TEST_03833,3.7857747,-2.5124445,1.0513018
TEST_03834,2.0224757,-0.1130912,0.5169298
TEST_03835,1.1022438,0.0062797563,0.013372651
TEST_03836,2.936907,0.44204965,0.8426536
TEST_03837,2.7822406,0.32778245,0.43156928
TEST_03838,1.1604217,-0.19602172,-0.24522066
TEST_03839,1.7226719,0.39427006,-0.45860523
TEST_03840,2.416965,-0.75018805,0.82154316
TEST_03841,4.6931806,0.07181811,0.38207975
TEST_03842,3.8181067,-1.0874528,0.53257245
TEST_03843,1.5096604,0.4659099,-0.6156063
TEST_03844,1.7161777,0.040047202,0.20254819
TEST_03845,1.9855124,-0.68479615,0.56759554
TEST_03846,4.5926523,-0.58641034,-0.68228334
TEST_03847,3.6591082,-1.1928314,-0.13215367
TEST_03848,2.5207853,-0.6793452,0.40131372
TEST_03849,3.4495528,-0.14360553,-0.02777206
TEST_03850,1.7889463,0.45678508,0.16430356
TEST_03851,3.0860474,0.17158982,-0.26980406
TEST_03852,1.1927017,-0.45075718,0.13153258
TEST_03853,1.8887814,-0.07365426,0.11144363
TEST_03854,1.7844067,1.5537112,-0.7388906
TEST_03855,1.7131073,0.7282678,0.39884797
TEST_03856,1.5689718,0.93585324,-0.37059942
TEST_03857,2.3199356,-0.33234304,0.7993777
TEST_03858,3.667299,-0.87035507,-1.0969273
TEST_03859,2.7914724,-0.8291999,0.5978706
TEST_03860,2.8231673,-0.03305875,-0.30015156
TEST_03861,2.6945074,0.096974164,-0.4337454
TEST_03862,1.9172714,-0.31224155,0.030014893
TEST_03863,3.690261,-0.5237183,0.7152676
TEST_03864,2.57843,-0.19670396,0.78736776
TEST_03865,4.2337003,1.2756041,0.15648869
TEST_03866,3.3339083,0.17286739,0.9047556
TEST_03867,3.266806,0.5967775,0.43483293
TEST_03868,2.9855509,-0.48821893,-0.16792777
TEST_03869,3.0918188,-1.4113929,0.16339615
TEST_03870,2.0610762,-0.014712053,0.45915234
TEST_03871,2.8097517,0.76385087,0.060902428
TEST_03872,3.750111,0.96550375,0.88240844
TEST_03873,2.596595,-1.3315308,0.6796271
TEST_03874,2.0494254,-0.31296822,0.32734525
TEST_03875,2.0210028,0.0031654006,-0.21547844
TEST_03876,3.157201,-1.0772473,-0.28503984
TEST_03877,1.5743256,-0.076890975,0.37955153
TEST_03878,3.7342165,0.036744427,-0.46611366
TEST_03879,5.3964205,-1.6454899,-0.5652748
TEST_03880,3.6333938,-1.8257042,0.6851576
TEST_03881,4.8813562,-1.6741508,-0.78317106
TEST_03882,3.1495764,1.1414335,0.871764
TEST_03883,1.1963863,0.4930653,0.22129765
TEST_03884,3.220933,0.96189153,-0.7268257
TEST_03885,2.5397635,0.9546687,-0.49094278
TEST_03886,2.2492707,0.6592747,0.27000266
TEST_03887,4.004533,-0.096859805,-0.7121144
TEST_03888,4.4229846,-0.87211514,0.8792573
TEST_03889,2.8982823,0.019518787,-0.08073334
TEST_03890,1.4762553,0.053050894,-0.14367375
TEST_03891,1.80575,0.25780612,-0.046309777
TEST_03892,1.9760399,-0.18543907,0.40426347
TEST_03893,1.3291109,0.03393428,0.30091423
TEST_03894,2.7120337,0.2031418,1.3438191
TEST_03895,1.9693469,0.8740715,-0.27623886
TEST_03896,1.9678285,0.1255392,-0.6027959
TEST_03897,1.8004042,-0.66158175,0.20640309
TEST_03898,1.0810387,-0.46839988,-0.200831
TEST_03899,4.5198584,-0.5254621,-0.16179922
TEST_03900,1.9501787,-0.289045,-0.39308608
TEST_03901,1.796552,-0.15614548,0.27858004
TEST_03902,1.866736,-0.16033088,-0.3904294
TEST_03903,3.2813523,-0.7162635,-0.8823256
TEST_03904,1.5781951,0.30097723,0.3413877
TEST_03905,4.1548696,-1.0747713,1.1301569
TEST_03906,2.601537,0.06546709,-0.74191844
TEST_03907,4.314527,-0.15128367,0.34504113
TEST_03908,2.7107852,-0.1688599,0.2630109
TEST_03909,2.2541974,-0.12444527,-1.1000085
TEST_03910,4.589934,1.5085629,0.49086717
TEST_03911,1.3059039,-0.3188715,0.14604738
TEST_03912,2.7013638,-1.1346991,1.3049366
TEST_03913,3.3602502,-0.7423451,0.8454571
TEST_03914,3.3391478,0.18547465,-0.05832748
TEST_03915,1.8457694,-0.5188239,-0.5272762
TEST_03916,3.4765317,1.9044228,0.3762554
TEST_03917,1.933989,0.003383291,0.31717217
TEST_03918,2.5647643,-1.2210821,1.060664
TEST_03919,3.0654864,1.3003204,-0.58664197
TEST_03920,3.677296,1.1658503,0.6537798
TEST_03921,2.3421512,-0.22126795,-0.7216626
TEST_03922,2.9311028,-0.86606014,0.9107427
TEST_03923,2.4369528,-1.9503784,0.5168836
TEST_03924,2.0204227,-0.74550045,-0.18595533
TEST_03925,1.3914466,-0.1250572,-0.03569903
TEST_03926,4.2760706,-1.1130297,-0.6879703
TEST_03927,4.457213,-0.57262117,0.644736
TEST_03928,0.76577944,0.14917757,-0.11030413
TEST_03929,2.9000466,-0.29617617,-0.13786943
TEST_03930,2.0857825,-0.2164776,-0.18399756
TEST_03931,1.7585839,-0.31278807,0.11777255
TEST_03932,4.79211,0.35442087,0.3882326
TEST_03933,2.6920881,-0.517227,0.29854286
TEST_03934,3.144314,0.67237735,0.27735966
TEST_03935,2.1968865,-0.27153546,-0.5864155
TEST_03936,2.8426073,0.54262936,1.0577395
TEST_03937,2.1868849,-0.33394513,0.8747677
TEST_03938,2.4786162,-0.8956667,0.30665842
TEST_03939,1.431732,0.49411908,0.02993846
TEST_03940,1.5318501,0.54590786,0.1257756
TEST_03941,3.1936429,-0.27180725,0.056613043
TEST_03942,1.7724191,0.21376757,0.20334099
TEST_03943,1.2054795,-0.536488,-0.42690542
TEST_03944,2.4735992,0.1661316,-0.06762583
TEST_03945,2.4155989,-0.8218482,0.18278028
TEST_03946,1.4285359,-0.31746393,0.3116276
TEST_03947,3.2021687,-0.010148714,-0.55685896
TEST_03948,2.8597085,-0.67256826,-0.6580662
TEST_03949,2.8623025,1.5999596,-0.054423373
TEST_03950,1.0560371,0.7802221,0.25181955
TEST_03951,2.7307498,0.4641983,-0.15161961
TEST_03952,3.6429584,-0.21706684,1.6519012
TEST_03953,2.4101102,1.0537905,-0.59393483
TEST_03954,2.4975357,-0.11506426,-0.44146484
TEST_03955,1.8061224,-0.62058586,0.22605564
TEST_03956,3.0573375,-1.0439194,-0.7178761
TEST_03957,1.6828704,0.3766914,-0.04152072
TEST_03958,2.7626274,1.2885587,0.94281024
TEST_03959,2.9740777,0.63253826,1.3062752
TEST_03960,1.9808594,-0.6388839,0.32829192
TEST_03961,2.650344,0.1231751,-0.4208048
TEST_03962,0.87348926,0.38274997,-0.35519356
TEST_03963,2.588266,1.3844556,-0.7882609
TEST_03964,3.0014877,-0.03774114,0.46304247
TEST_03965,1.0024902,0.34830782,-0.32459766
TEST_03966,1.5547508,0.35719603,0.3130495
TEST_03967,2.5292206,-0.05085354,-0.15931559
TEST_03968,2.1273196,-0.8433805,-0.17356332
TEST_03969,2.1187108,-0.32717794,-0.28943336
TEST_03970,1.8949131,0.31909528,-0.668028
TEST_03971,3.697695,-0.788989,0.33184087
TEST_03972,2.5849738,0.51180875,-0.79594076
TEST_03973,2.550754,-0.011910901,0.4933786
TEST_03974,3.6729105,-1.1451733,-0.77605855
TEST_03975,3.5286438,-0.5782949,-0.10287479
TEST_03976,1.7161028,-0.9425485,-0.3015432
TEST_03977,1.5846348,0.30007035,0.024557056
TEST_03978,3.967974,-0.28632006,0.101761125
TEST_03979,2.0971282,-0.76403564,-0.17054173
TEST_03980,3.1189356,-0.83695394,0.14298384
TEST_03981,1.5833904,0.35154602,0.5448742
TEST_03982,1.7336537,0.6852399,0.008024301
TEST_03983,3.169297,0.64275247,-0.33810246
TEST_03984,1.6838722,0.31580105,0.6363313
TEST_03985,3.1750174,1.1393567,-0.6939733
TEST_03986,2.18302,0.33300525,-0.3480042
TEST_03987,4.4848022,-0.0643792,0.5303888
TEST_03988,1.4612279,0.46250048,-0.34918723
TEST_03989,3.669544,1.2310983,-0.66484696
TEST_03990,4.8052564,-0.51069033,0.4629541
TEST_03991,1.5708053,0.14761993,0.022614472
TEST_03992,2.1153247,1.4117669,-0.86906564
TEST_03993,2.4244432,-0.19359477,-0.14349653
TEST_03994,2.816178,0.3123887,0.9334389
TEST_03995,2.1166017,-0.33398187,-0.012531665
TEST_03996,3.009528,-0.208131,0.6702837
TEST_03997,2.193877,-0.36341706,0.0752511
TEST_03998,3.3886101,0.7104908,-0.453072
TEST_03999,5.391977,1.3125733,0.8405307
TEST_04000,2.3881013,0.120949045,0.26632646
TEST_04001,4.697877,-0.16736265,0.7602294
TEST_04002,3.5804076,0.95298076,1.3777333
TEST_04003,3.167051,1.819121,-0.79905576
TEST_04004,3.277637,-0.092697315,0.2520656
TEST_04005,1.4654404,-0.3144556,0.061145388
TEST_04006,1.1768166,-0.3401715,0.3987455
TEST_04007,3.57719,1.2320533,-0.47968474
TEST_04008,2.009816,0.8996878,0.5196892
TEST_04009,1.2470529,0.14071988,0.31125602
TEST_04010,3.0868123,0.031011518,-0.8259208
TEST_04011,1.5014025,-0.04509631,0.15857469
TEST_04012,3.3728533,1.1812931,-0.6419901
TEST_04013,2.51409,0.69749606,-0.26787812
TEST_04014,2.0186377,-0.9190599,-0.12494598
TEST_04015,1.9086876,-0.31060514,-0.21546401
TEST_04016,1.1640476,0.24375205,-0.3664797
TEST_04017,1.4764973,0.47441748,0.47884262
TEST_04018,4.960228,-1.0307561,1.6279752
TEST_04019,1.8483849,0.2426733,0.37738806
TEST_04020,1.9147135,0.10894906,-0.12322916
TEST_04021,2.40802,-0.45189494,-0.76399297
TEST_04022,1.5924426,-0.28232273,0.23248948
TEST_04023,3.520911,-0.17446293,0.31470057
TEST_04024,1.5027311,-0.24468845,-0.3979467
TEST_04025,2.6655982,1.306102,0.45742765
TEST_04026,1.8363191,-0.069166884,-0.2618135
TEST_04027,2.6373017,0.2504673,-0.7515229
TEST_04028,2.8166275,0.12182017,0.38253725
TEST_04029,4.1257877,1.3503839,-1.0532202
TEST_04030,3.1091638,1.4470673,-0.76143265
TEST_04031,2.8470747,-0.21552958,0.35783017
TEST_04032,2.688724,-1.3236902,-0.5358982
TEST_04033,2.7675822,-1.5216453,0.8011368
TEST_04034,3.7566075,-0.24358277,-0.13683274
TEST_04035,2.1774163,-0.8807499,-0.8861176
TEST_04036,2.8387787,-1.2853322,0.6659278
TEST_04037,1.2877346,0.39262837,-0.15215002
TEST_04038,3.2468336,-0.044832956,-0.2564505
TEST_04039,4.8814483,-0.8735937,-0.06797139
TEST_04040,2.1692843,-0.21727091,0.3961992
TEST_04041,5.093419,1.2325261,0.80944824
TEST_04042,2.9473562,1.0954959,-0.5669479
TEST_04043,4.2511473,-2.2343838,-0.4220747
TEST_04044,3.2052894,-0.18942541,1.1080822
TEST_04045,2.2567008,-0.93562955,0.78766596
TEST_04046,2.6327214,0.6946753,-0.54335195
TEST_04047,1.4651127,0.6440433,-0.31064048
TEST_04048,3.3916724,-1.9358714,-0.12382992
TEST_04049,1.6567543,0.44143182,0.1944439
TEST_04050,3.2262073,-0.1435039,0.23060682
TEST_04051,1.4958411,-0.3367664,0.3419677
TEST_04052,4.531695,-0.97755545,1.3993621
TEST_04053,2.3281362,0.45844367,-0.17295784
TEST_04054,0.7760214,-0.5495623,0.4415404
TEST_04055,3.0358756,0.9526699,0.74145913
TEST_04056,2.9313092,-0.10725857,0.23882402
TEST_04057,1.5799985,0.29529673,0.32435855
TEST_04058,4.600245,0.4497684,0.8117288
TEST_04059,4.7008314,-0.91643906,-0.79862386
TEST_04060,2.1038988,0.15726973,-0.5415356
TEST_04061,2.5806327,0.02554916,0.95762545
TEST_04062,1.3860496,0.18818446,0.2574601
TEST_04063,1.2012172,-0.0804505,-0.21694909
TEST_04064,2.6366048,-0.2094428,0.64485484
TEST_04065,5.560785,-0.0727001,0.6860081
TEST_04066,2.7825744,0.51061636,-0.7703367
TEST_04067,2.552752,-0.02162009,-0.08934405
TEST_04068,1.7311985,0.472238,-0.27952078
TEST_04069,2.071611,-1.0452305,0.8207935
TEST_04070,2.261891,-0.79302526,-0.7573194
TEST_04071,3.209807,0.48198834,0.38526616
TEST_04072,2.8695173,-1.7542251,-0.18919678
TEST_04073,3.3849568,-0.63246197,-0.098227516
TEST_04074,2.783047,-0.34302846,0.11480698
TEST_04075,1.3094722,-0.4925328,-0.19221774
TEST_04076,3.899644,1.0424222,-0.058754317
TEST_04077,1.9033911,-0.8207237,0.118749686
TEST_04078,1.2982186,-0.21571086,0.4566833
TEST_04079,4.918684,-1.306707,-0.15878487
TEST_04080,3.0931168,-0.77939814,1.056357
TEST_04081,3.1645482,1.0930628,-0.34724274
TEST_04082,3.4704669,1.1049541,0.34873873
TEST_04083,1.9793181,0.60405755,0.43385
TEST_04084,3.0340512,1.0131435,0.983268
TEST_04085,1.4475168,-0.21717945,0.21736617
TEST_04086,1.755267,0.0768677,0.36632624
TEST_04087,4.5561204,0.5560978,-0.39664635
TEST_04088,1.6161022,0.8131294,-0.3652339
TEST_04089,3.7016954,0.045834504,-0.31100032
TEST_04090,2.5941694,0.30311427,-0.71813184
TEST_04091,2.2133512,0.248972,0.094863996
TEST_04092,1.2862575,-0.17376967,0.45292547
TEST_04093,1.1169921,0.067118004,0.17563942
TEST_04094,2.1279247,0.7723867,0.4483455
TEST_04095,2.6162543,0.6031821,-0.35628268
TEST_04096,2.3674388,-0.63640976,0.31165615
TEST_04097,3.1285691,-0.71712244,0.050970204
TEST_04098,3.6161013,-1.0675867,-0.6217717
TEST_04099,3.2424765,0.062288873,-1.0464112
TEST_04100,2.0957074,-0.3544905,-0.39873478
TEST_04101,3.1693168,0.049110435,-0.0761273
TEST_04102,1.8068385,0.03308008,-0.14105906
TEST_04103,3.139239,0.8175612,-0.68065375
TEST_04104,2.127972,0.039059747,0.5012549
TEST_04105,5.2620664,1.425667,1.877401
TEST_04106,2.2411928,-0.53537214,-1.0652035
TEST_04107,3.4487407,0.7034113,0.70049614
TEST_04108,3.2560537,0.4030932,-0.9276056
TEST_04109,3.3332748,1.0853629,0.6930124
TEST_04110,5.2658257,1.1100467,1.991061
TEST_04111,2.686838,0.65924007,0.362957
TEST_04112,2.283901,-0.37219557,0.73455346
TEST_04113,2.507979,-0.55558616,0.18282342
TEST_04114,2.5940812,-0.2493329,-0.5978528
TEST_04115,2.2509499,0.90765536,0.858622
TEST_04116,4.641461,1.4451646,0.08881261
TEST_04117,2.0108714,-0.76166546,0.09337365
TEST_04118,1.3765085,0.13858555,0.19699612
TEST_04119,4.4928217,-1.2155869,0.5925964
TEST_04120,3.89725,0.7655372,-1.3278328
TEST_04121,4.844902,0.24459942,1.1353619
TEST_04122,2.2577853,0.7253496,0.9134548
TEST_04123,2.542647,1.5274417,0.064026564
TEST_04124,1.7512856,-0.33045387,-0.17610535
TEST_04125,2.1762497,0.98516005,0.12426419
TEST_04126,3.649418,-0.6777481,-0.18396354
TEST_04127,1.237236,0.30378854,0.2495416
TEST_04128,2.983741,2.4865172,-0.059436638
TEST_04129,4.1165357,0.3171196,0.7507943
TEST_04130,3.502086,-0.14149341,1.0199565
TEST_04131,4.1578836,0.2622534,0.15118313
TEST_04132,2.4011538,0.71291274,0.74617183
TEST_04133,1.5046077,0.35775858,0.26366526
TEST_04134,3.422422,0.5923713,-1.0125918
TEST_04135,1.5294687,0.65070015,0.08496419
TEST_04136,2.564409,0.15172037,-0.5415847
TEST_04137,3.1625695,-1.7917886,0.39109433
TEST_04138,4.800772,1.3035389,0.12656985
TEST_04139,1.8689235,-0.33674422,-0.5241592
TEST_04140,2.5002482,-0.12309163,-0.024709344
TEST_04141,3.0839965,-0.5288847,-0.6918129
TEST_04142,1.9230841,0.09030385,-0.34925994
TEST_04143,2.576278,-0.12677832,0.6803126
TEST_04144,3.3392766,-0.3943238,0.31899548
TEST_04145,4.642703,1.5680283,0.6530661
TEST_04146,1.8495994,0.58268285,-0.72308123
TEST_04147,2.7537296,0.15827271,1.0027143
TEST_04148,2.543567,0.041494027,-0.111371316
TEST_04149,4.220912,1.5864582,-0.42507812
TEST_04150,1.5539442,-0.51740175,0.42557746
TEST_04151,3.1230333,-0.79359823,-0.5817259
TEST_04152,1.8691447,-0.77208316,0.7496418
TEST_04153,1.8865288,0.98921114,0.57826275
TEST_04154,2.7418587,0.019816007,0.026273854
TEST_04155,2.4765277,-0.11053763,-0.39750913
TEST_04156,2.7803469,-0.20428148,-0.14409898
TEST_04157,2.2636735,-0.34244764,-0.6160192
TEST_04158,3.5334392,1.066737,0.26293698
TEST_04159,5.063428,-1.5196859,2.039927
TEST_04160,2.6842742,0.29712963,0.14889622
TEST_04161,4.855687,2.2676423,1.1982275
TEST_04162,4.1597576,0.7442953,-0.56485754
TEST_04163,1.1592301,-0.8161062,0.248489
TEST_04164,2.2494748,-0.18120107,0.16355865
TEST_04165,2.5901847,1.0138243,-0.6594197
TEST_04166,4.687951,0.9403552,0.53436154
TEST_04167,0.8981428,0.20916392,-0.12513717
TEST_04168,3.8863604,1.655201,-0.06486466
TEST_04169,2.065683,-0.45392764,-0.26823762
TEST_04170,2.878283,-0.038117487,0.03614415
TEST_04171,2.1120734,-0.34718117,0.47514102
TEST_04172,4.3236074,0.4233891,-0.22855689
TEST_04173,1.2631458,-0.4104849,-0.010890366
TEST_04174,1.3057063,0.08682338,0.59464926
TEST_04175,3.964415,0.9528729,0.33944595
TEST_04176,2.074969,0.109690264,-0.2895541
TEST_04177,1.6052189,-0.3635629,-0.36015922
TEST_04178,2.0870159,-1.4092898,0.9016788
TEST_04179,2.6778214,0.71201336,-0.77737385
TEST_04180,2.781572,0.49036944,0.761178
TEST_04181,1.5521101,-0.37012678,0.081911765
TEST_04182,1.3159416,0.6385857,-0.17772064
TEST_04183,3.7347097,-0.16706865,-0.30060953
TEST_04184,4.0190845,-0.14693223,0.28942445
TEST_04185,3.2268116,-0.57167923,-0.5594561
TEST_04186,2.6583319,-0.10728459,-0.09577783
TEST_04187,3.9878082,0.50818837,0.35407612
TEST_04188,2.137338,0.9294263,0.40029868
TEST_04189,3.968326,-0.5057686,0.92681706
TEST_04190,1.8306811,1.1589173,-0.5041915
TEST_04191,2.5553315,0.6698557,-0.22503832
TEST_04192,3.5768745,1.4450524,1.18939
TEST_04193,2.7147899,-0.09914275,0.3969546
TEST_04194,3.1119037,0.28180015,0.3425326
TEST_04195,1.461638,-0.6026917,0.46796045
TEST_04196,2.0627954,-0.317457,0.019156994
TEST_04197,1.719387,0.7594132,0.29382038
TEST_04198,2.1756346,-0.27590558,-0.021437867
TEST_04199,3.8237154,-1.6069897,-0.18080999
TEST_04200,3.152675,0.09461472,0.348339
TEST_04201,4.2611513,-0.30878776,0.8966435
TEST_04202,1.2378634,-0.44431594,-0.5796392
TEST_04203,2.0309744,1.3119346,-0.67814475
TEST_04204,2.6415133,-0.47782674,-0.3961489
TEST_04205,1.9577802,-0.8280497,0.16778603
TEST_04206,3.4185832,0.8044848,-0.5456197
TEST_04207,3.7541366,0.66445005,0.32327515
TEST_04208,2.6659598,-2.0519736,-0.44112414
TEST_04209,3.7610037,-0.018603154,-0.07306527
TEST_04210,2.1813955,-0.06283582,0.4553214
TEST_04211,2.3241854,0.10037757,0.0020977925
TEST_04212,2.3994231,0.64883226,0.42886922
TEST_04213,1.086189,-0.095620714,0.2974203
TEST_04214,1.3995306,0.60382456,0.46219906
TEST_04215,1.1107392,0.42241517,-0.12652327
TEST_04216,3.2408483,0.9619911,-0.9589091
TEST_04217,1.6763555,0.483309,0.33312863
TEST_04218,4.0345354,-0.17908558,1.2467526
TEST_04219,2.4058366,0.8073883,0.94669837
TEST_04220,2.4549713,-0.7004263,0.6443644
TEST_04221,3.2074556,0.342279,0.38480985
TEST_04222,1.328716,0.3412207,0.3169027
TEST_04223,3.968297,-0.31165594,1.1888832
TEST_04224,4.0559278,0.09139647,-0.6465385
TEST_04225,2.5969062,1.6971439,0.5421882
TEST_04226,3.3414664,-0.033647113,0.76524484
TEST_04227,2.9471207,0.6499044,0.7243795
TEST_04228,1.9587377,-0.065808244,0.27234042
TEST_04229,2.568286,1.6808605,1.2342381
TEST_04230,3.2915802,1.1181533,0.1013098
TEST_04231,2.4349136,-0.21254882,-0.090358526
TEST_04232,1.5217868,-0.23362447,0.55449647
TEST_04233,3.3832824,2.0918605,1.0108066
TEST_04234,3.1612244,0.7713755,-0.8892271
TEST_04235,1.4551519,0.47656214,0.033416532
TEST_04236,1.3725166,-0.66113883,0.21802734
TEST_04237,2.1672242,0.7349592,-0.29656497
TEST_04238,1.202681,0.20527014,0.15007013
TEST_04239,3.2748709,-0.8698693,0.978287
TEST_04240,4.677473,-0.44630966,-0.12537672
TEST_04241,2.520085,0.7616431,-0.36232182
TEST_04242,1.9528714,-1.1992095,-0.4429153
TEST_04243,2.786864,-0.73145473,-0.09498931
TEST_04244,2.498676,-1.1222823,1.0221984
TEST_04245,2.6200366,0.979771,-0.59721756
TEST_04246,3.518723,0.4995368,-0.34246978
TEST_04247,2.300328,0.43696478,-0.5616947
TEST_04248,4.808064,1.982452,0.21512246
TEST_04249,2.0968,0.05160995,0.3176706
TEST_04250,2.5827904,-0.029047342,0.15502419
TEST_04251,4.1642213,0.40851524,-0.1773177
TEST_04252,3.1171875,1.5955129,0.29537523
TEST_04253,0.7367102,-0.04722593,0.10581103
TEST_04254,2.7162023,-0.48880053,1.2029188
TEST_04255,1.0468833,-0.28618783,0.22544289
TEST_04256,2.706158,-0.5640448,0.8704477
TEST_04257,2.2589514,1.3434769,-0.5942307
TEST_04258,1.8259342,-1.2664554,-0.42552343
TEST_04259,4.0999656,-0.6836129,-1.1019844
TEST_04260,1.6094328,0.18140592,-0.416503
TEST_04261,1.1355695,-0.5018575,0.12168129
TEST_04262,1.6997751,0.020468334,0.074077584
TEST_04263,4.0285554,-0.65091026,1.1914375
TEST_04264,3.3617647,0.28389958,0.027037105
TEST_04265,1.7580534,0.5209499,1.0349215
TEST_04266,1.1058681,0.25579464,0.46140736
TEST_04267,3.5479155,-0.076938495,0.016306138
TEST_04268,2.652536,-1.0951163,0.62723035
TEST_04269,3.2264473,0.81859577,0.19519393
TEST_04270,3.424679,0.7679737,-0.38276365
TEST_04271,2.433244,0.49313688,-0.088888675
TEST_04272,2.9472756,-1.3547994,0.2679841
TEST_04273,2.330564,-0.92311954,0.50975263
TEST_04274,1.4328163,-0.47696537,0.10634243
TEST_04275,1.4403825,0.057867397,-0.040151067
TEST_04276,2.8285341,-1.9962686,0.6998796
TEST_04277,3.3223474,2.1845627,-0.23584025
TEST_04278,3.177341,-1.6519274,1.0041268
TEST_04279,3.1823277,-1.9260951,-0.6882557
TEST_04280,4.379443,2.488794,-0.16122194
TEST_04281,2.6233675,-0.48664722,-0.58743125
TEST_04282,3.1303546,-0.7911834,0.873967
TEST_04283,1.6698921,-1.5150453,-0.44959545
TEST_04284,1.0689131,-0.39905533,0.42793435
TEST_04285,2.2918842,0.20877792,0.068861164
TEST_04286,2.5356147,0.26215264,-0.28297424
TEST_04287,2.4009979,1.4522014,-0.8631759
TEST_04288,3.3043664,0.26735514,-0.9740111
TEST_04289,2.7015843,0.4901544,0.18660517
TEST_04290,3.2759242,-0.45052302,-0.69769484
TEST_04291,2.506203,-0.14507164,-0.40101755
TEST_04292,3.5640566,1.2391766,0.2750076
TEST_04293,1.4244425,0.02065328,-0.009246039
TEST_04294,1.1119885,0.7704962,0.46666816
TEST_04295,1.373267,-0.4656424,0.13746117
TEST_04296,1.5340023,0.38050318,0.5020297
TEST_04297,2.9130185,-1.8665776,0.2642191
TEST_04298,5.3912597,-1.0089484,0.8817248
TEST_04299,2.1942475,-0.07844384,0.7266262
TEST_04300,1.6908824,-0.2959901,0.45936343
TEST_04301,2.079063,0.29082313,-0.28839016
TEST_04302,1.7957422,0.15424809,-0.5179374
TEST_04303,4.4176474,-0.53961873,0.8343441
TEST_04304,3.7189302,-0.037118774,-0.54459625
TEST_04305,2.2142663,-1.4638194,-0.7106445
TEST_04306,0.86586636,0.48821625,-0.109104685
TEST_04307,3.8675764,-0.3284901,0.10580788
TEST_04308,2.7390203,-0.06733826,-0.45516166
TEST_04309,1.899028,0.4660164,0.13966516
TEST_04310,1.9068173,-1.3867093,0.64198047
TEST_04311,1.9363304,0.20447382,0.09587481
TEST_04312,2.631879,0.80738413,0.5724513
TEST_04313,2.0442872,-0.102913365,0.06719974
TEST_04314,2.2513669,0.18845557,-0.16572234
TEST_04315,2.263759,-0.08761992,0.0060699284
TEST_04316,4.271295,-2.058197,0.7317245
TEST_04317,1.50181,-0.2939958,0.14652206
TEST_04318,1.5302219,0.63159096,0.18117881
TEST_04319,4.140361,-0.27459714,2.2168698
TEST_04320,4.458625,0.44472548,0.48734003
TEST_04321,3.287245,0.97484714,-0.051153567
TEST_04322,2.809287,1.6130011,0.2507371
TEST_04323,1.2527125,0.17201619,0.1598631
TEST_04324,1.6975747,0.21894291,0.17785811
TEST_04325,0.8810655,-0.3031519,-0.17058924
TEST_04326,1.2677716,-0.34306157,0.02993905
TEST_04327,5.144407,1.5812421,0.62576735
TEST_04328,4.6812863,1.399088,-0.95402855
TEST_04329,3.333267,-0.070441,0.16439845
TEST_04330,1.6764252,0.25526252,-0.24751097
TEST_04331,1.0766917,-0.27287233,0.1087153
TEST_04332,4.217838,1.3695801,0.7412826
TEST_04333,2.156392,0.4007762,-0.06319015
TEST_04334,1.4156368,-0.41777313,0.32366005
TEST_04335,1.2041577,0.45145926,0.20812663
TEST_04336,1.5225054,0.4093667,-0.21338362
TEST_04337,1.3253103,0.25454822,-0.32822463
TEST_04338,4.3751407,0.0022589613,-0.84701574
TEST_04339,1.269188,0.5881175,0.2522454
TEST_04340,1.3094972,0.5630816,0.004102305
TEST_04341,3.0077627,-0.47506455,0.4099459
TEST_04342,1.8678873,0.63489854,0.1869411
TEST_04343,1.2485183,-0.22074647,0.28933108
TEST_04344,1.8949678,0.13014907,-0.39205214
TEST_04345,4.9281254,-0.4475861,0.87265646
TEST_04346,3.1796465,0.046019368,0.010906308
TEST_04347,1.9250001,0.70809364,-0.38599476
TEST_04348,1.6948794,0.4414488,0.40072313
TEST_04349,0.91555125,-0.15181118,-0.16919896
TEST_04350,1.9961451,0.5690748,0.08372888
TEST_04351,2.4097548,-0.74352795,0.50667113
TEST_04352,3.8079224,0.94697285,1.6332872
TEST_04353,3.8592427,0.6790168,1.9570879
TEST_04354,1.9152865,0.517266,0.114951745
TEST_04355,1.5638134,0.4031142,0.2293961
TEST_04356,1.9095998,0.80016786,-0.48513657
TEST_04357,1.9612844,0.6273306,0.1326135
TEST_04358,1.1793555,0.56596196,0.27551398
TEST_04359,4.6592493,-0.019759137,0.53651696
TEST_04360,3.7377129,-1.9255924,1.0712034
TEST_04361,3.619659,2.2298431,1.295281
TEST_04362,2.9484954,1.0794114,0.7117068
TEST_04363,3.383223,-0.5317362,0.8249004
TEST_04364,1.7806174,-0.019468326,-0.40440622
TEST_04365,2.028226,-0.49727044,-0.20400685
TEST_04366,1.7645584,0.018169383,0.06882525
TEST_04367,2.752189,0.13347062,0.61440337
TEST_04368,2.5747023,0.5263151,0.94697064
TEST_04369,2.5370102,0.039982494,-0.21895589
TEST_04370,1.4210306,0.37326068,0.2590433
TEST_04371,3.0722685,0.18233475,-0.08958976
TEST_04372,4.0700765,1.6314261,-0.6631983
TEST_04373,1.268697,-0.022865355,-0.09435418
TEST_04374,1.927351,1.529571,-0.40462604
TEST_04375,1.733906,0.19529288,0.18732212
TEST_04376,2.6527097,0.6481268,1.5876458
TEST_04377,2.9492662,0.538028,0.59622264
TEST_04378,1.4823557,1.1864473,0.37123352
TEST_04379,3.7668836,0.830333,0.056548018
TEST_04380,0.9841302,-0.31020734,0.10892667
TEST_04381,3.3566365,0.08635177,-0.15459132
TEST_04382,1.814405,0.20527457,-0.1682721
TEST_04383,2.6142967,-0.587377,0.6506062
TEST_04384,2.1678264,-0.015055901,0.38444486
TEST_04385,4.465035,0.43414888,0.31322065
TEST_04386,2.6382787,0.67035216,-0.8315337
TEST_04387,2.0934312,0.30903718,-0.5987764
TEST_04388,2.2424662,-0.6149617,-0.35666996
TEST_04389,3.0618856,-1.7532312,1.3575418
TEST_04390,2.428658,0.67491615,0.8688223
TEST_04391,1.8466549,0.42245188,0.03767499
TEST_04392,3.1438782,0.73546493,0.9796246
TEST_04393,2.7038274,0.30745384,0.072582774
TEST_04394,3.6805177,-0.7523936,0.5829926
TEST_04395,2.3806915,1.0872788,-0.902053
TEST_04396,1.5479306,0.6896079,0.50178695
TEST_04397,1.8459486,0.017220084,0.50726014
TEST_04398,2.616842,-0.13414726,0.18485846
TEST_04399,5.296518,0.610919,1.407826
TEST_04400,4.1228423,1.218635,-0.08509101
TEST_04401,4.528579,-0.6244823,-0.2806964
TEST_04402,4.307505,-0.8157941,0.41017482
TEST_04403,3.0365562,0.06326366,0.42596853
TEST_04404,2.2375522,0.33535948,-0.99871147
TEST_04405,1.8711022,-0.3896084,-0.415403
TEST_04406,2.1201727,0.6834917,-0.2441908
TEST_04407,4.971357,0.049507655,0.24638218
TEST_04408,1.2854838,0.5476552,-0.58218366
TEST_04409,3.4776928,-0.124267824,-0.14546701
TEST_04410,1.1385446,-0.122792155,0.056510467
TEST_04411,1.9491116,-0.41765827,-0.32512394
TEST_04412,3.7143455,0.94336283,-1.1833408
TEST_04413,2.766745,-0.24471577,-0.16421668
TEST_04414,1.4788996,0.24824353,0.07855095
TEST_04415,3.7941148,0.13978979,-0.6425295
TEST_04416,2.1273482,-0.7196494,0.25419396
TEST_04417,4.1036086,-1.7140157,1.9346064
TEST_04418,4.6378484,-1.3624341,0.6730371
TEST_04419,2.5921311,0.7081201,-1.0415637
TEST_04420,1.7009838,-0.31405497,0.15934174
TEST_04421,3.246922,-0.40228376,0.36314216
TEST_04422,1.1731815,-0.22890238,-0.101184964
TEST_04423,3.716654,0.5134523,0.66548765
TEST_04424,2.5356288,-0.338997,-0.35690224
TEST_04425,2.073695,-0.70753205,0.5885876
TEST_04426,2.2544441,0.06887053,0.40500626
TEST_04427,4.226009,-0.18101315,0.9810066
TEST_04428,3.1906447,0.17302315,0.15575312
TEST_04429,4.9939456,1.3635088,-0.20067269
TEST_04430,5.3139863,-1.7379315,-0.9354359
TEST_04431,1.9856807,-1.2210155,-0.53915524
TEST_04432,3.3366318,-0.60650855,1.5627087
TEST_04433,3.8138692,0.12775958,0.77363056
TEST_04434,2.9576874,-0.40635931,1.0029386
TEST_04435,1.3952348,-0.11783599,-0.051619187
TEST_04436,1.9235394,-0.12657775,0.688436
TEST_04437,1.6445442,-1.0800035,0.27939308
TEST_04438,1.9947478,0.14449164,0.45994017
TEST_04439,3.9863913,-1.5639259,1.4475315
TEST_04440,2.456664,-0.95298564,0.5618009
TEST_04441,1.3877658,0.46979702,0.14373681
TEST_04442,3.8538601,0.28066415,-0.8711563
TEST_04443,3.6933274,-1.3071595,-0.32533696
TEST_04444,2.4009845,0.58230406,0.40119606
TEST_04445,2.3641558,-0.026208725,0.07722578
TEST_04446,1.6495969,0.4262481,-0.1939231
TEST_04447,4.2369156,1.4116825,1.0021119
TEST_04448,4.2933087,1.6210153,1.503426
TEST_04449,3.2796247,-0.34897342,-0.5011023
TEST_04450,1.270518,-0.05123847,0.19278108
TEST_04451,3.0109408,0.5337409,0.14770322
TEST_04452,4.7299933,-0.2065827,1.6094782
TEST_04453,2.3178537,0.084546536,0.38811427
TEST_04454,2.3088732,-1.5279908,1.4166074
TEST_04455,1.8596982,1.04359,0.1370979
TEST_04456,3.3726435,-0.36925498,1.034058
TEST_04457,2.2868857,0.079332456,0.10671646
TEST_04458,2.7172387,0.22171196,-0.11653304
TEST_04459,4.6078925,-1.439368,1.0379192
TEST_04460,2.4493823,-0.18728477,-0.69379634
TEST_04461,3.1827312,-0.4700772,0.7669911
TEST_04462,2.0253613,-0.22126096,0.1467916
TEST_04463,1.8583852,0.022048581,0.5838722
TEST_04464,4.2866797,0.29476944,0.6944933
TEST_04465,4.2831697,-1.6567523,-0.3129088
TEST_04466,2.0934453,-0.057030287,0.3003392
TEST_04467,3.6658351,-0.7912464,-0.59140456
TEST_04468,2.568187,-0.7978834,0.47209433
TEST_04469,2.6368191,0.08829215,0.80155766
TEST_04470,2.303863,-0.10320054,0.62706935
TEST_04471,1.2698379,-0.6027393,0.21212836
TEST_04472,1.2105466,0.48624304,0.022679452
TEST_04473,2.2270012,-1.0316145,0.869217
TEST_04474,1.5189915,-0.20886448,0.10826326
TEST_04475,2.350354,0.7289917,0.5314162
TEST_04476,2.8770926,0.43682346,0.83128697
TEST_04477,3.0685668,-0.24095206,0.9739352
TEST_04478,2.9426358,-0.87919044,0.77046025
TEST_04479,4.216556,-0.18408021,-0.08691487
TEST_04480,4.371116,0.5121455,1.468155
TEST_04481,1.3956753,-0.20844688,-0.11263302
TEST_04482,2.4847167,1.4554143,1.6163994
TEST_04483,2.428287,-0.981968,-0.86788636
TEST_04484,2.1202815,-0.29678392,0.07499543
TEST_04485,0.94335806,-0.004827216,0.30118668
TEST_04486,3.798076,0.49643666,-0.66478986
TEST_04487,4.233784,-0.68834496,0.21730977
TEST_04488,4.5925794,0.44198218,0.24438736
TEST_04489,3.1733136,-0.08448415,-0.07899534
TEST_04490,2.5939982,0.26905707,0.58761895
TEST_04491,2.8631346,0.19447921,0.51334435
TEST_04492,4.6354337,-0.7925537,0.7579809
TEST_04493,2.5533311,0.027655784,0.010290621
TEST_04494,2.2082772,-0.1798025,0.017303286
TEST_04495,1.4613212,0.83614135,-0.19738157
TEST_04496,2.964035,-0.05002841,1.3286645
TEST_04497,3.5416536,-1.8488802,1.830291
TEST_04498,5.0829463,0.63922787,1.624741
TEST_04499,1.9907383,1.2284338,-0.4295824
TEST_04500,3.0415308,0.3582393,0.5129945
TEST_04501,1.1719867,0.07202992,-0.12429415
TEST_04502,1.9467406,-0.27848962,0.49715936
TEST_04503,2.2076514,0.11268595,0.59438
TEST_04504,2.714939,-0.13638474,-0.5971412
TEST_04505,2.763581,0.95154417,1.0469874
TEST_04506,1.5507691,0.5126665,0.31104457
TEST_04507,2.0740695,0.51700276,-0.14665905
TEST_04508,2.795827,0.34355626,0.636173
TEST_04509,3.3177705,0.4902058,-1.1704772
TEST_04510,2.6875691,-1.158496,0.7223441
TEST_04511,1.1444703,-0.40875274,-0.1128118
TEST_04512,2.207112,0.7386428,-0.30973822
TEST_04513,2.081167,0.055340312,0.30522826
TEST_04514,3.069485,0.14337301,0.011907515
TEST_04515,0.9825517,0.49491107,0.070882484
TEST_04516,2.9051747,0.7142446,0.45206878
TEST_04517,1.4636216,0.40214458,0.40081507
TEST_04518,3.512042,0.4414318,0.87952334
TEST_04519,5.468186,-1.0203578,-0.93790776
TEST_04520,1.9330078,0.9499017,-0.17162392
TEST_04521,1.6605347,-0.68112606,-0.19209902
TEST_04522,2.6025655,-1.4359864,1.3565475
TEST_04523,3.3024151,1.9289125,0.14068583
TEST_04524,3.6469467,1.1559469,-0.5286514
TEST_04525,1.824457,-0.0898133,-0.03504233
TEST_04526,2.9550815,0.2952176,-0.31231874
TEST_04527,2.8897357,-0.5965652,1.3303581
TEST_04528,2.7529023,1.1208774,-0.4862432
TEST_04529,1.971856,0.44233713,0.06581835
TEST_04530,2.5723135,0.47416684,-0.31263703
TEST_04531,1.1526513,-0.12483887,-0.31277946
TEST_04532,2.6632564,-0.596639,-0.9605672
TEST_04533,0.92938626,-0.055589676,0.19354336
TEST_04534,1.6028944,0.23823746,0.22085248
TEST_04535,4.1424437,0.36556843,-0.12903799
TEST_04536,3.2081976,-0.8749029,-0.6538954
TEST_04537,3.5622356,-0.36210814,0.7432922
TEST_04538,2.9795794,-0.90550226,-0.33348933
TEST_04539,2.1399293,0.13211936,-0.7303196
TEST_04540,1.5825965,-0.68646866,-0.13658385
TEST_04541,2.3045857,-0.013067915,-0.33267203
TEST_04542,1.5474739,-0.38073075,0.43497896
TEST_04543,2.3025346,-0.41435066,-0.626747
TEST_04544,3.769919,0.54370743,-0.22444852
TEST_04545,4.436815,1.5928072,1.6833451
TEST_04546,1.2482307,0.19764835,0.040345106
TEST_04547,3.9384086,-0.509835,0.6740358
TEST_04548,2.8238065,0.59453434,0.20560321
TEST_04549,2.6351533,-1.2488846,0.20965639
TEST_04550,1.952048,-0.49043873,0.6149402
TEST_04551,1.4016628,0.19965942,0.031849183
TEST_04552,1.7249044,-0.6605273,0.046901774
TEST_04553,3.6662679,2.0789406,0.7074443
TEST_04554,3.692691,0.3136359,0.3340591
TEST_04555,0.7421467,0.37306264,-0.23011693
TEST_04556,2.7561674,1.1216923,-0.7774693
TEST_04557,2.876499,0.9773473,-0.63347435
TEST_04558,2.3057826,0.8144015,0.33026403
TEST_04559,5.6229167,1.5653011,-0.52966374
TEST_04560,2.8794599,2.3838882,-0.10026487
TEST_04561,1.5360447,0.29435343,-0.47454107
TEST_04562,3.7074685,-0.50263435,0.6457581
TEST_04563,2.4037125,-1.65794,1.228953
TEST_04564,3.098513,0.22807719,1.4600538
TEST_04565,1.0987203,-0.20337759,0.33157453
TEST_04566,2.7591681,-0.08456334,0.84399426
TEST_04567,2.8973348,0.6238959,0.7060983
TEST_04568,4.713895,-1.6972231,0.958604
TEST_04569,2.5209022,0.7044266,-0.13458148
TEST_04570,2.0130563,0.58509606,-0.31389448
TEST_04571,2.8201246,-0.26790255,0.791382
TEST_04572,2.4101574,0.18570139,-0.75859773
TEST_04573,1.5440813,0.18365647,0.022510026
TEST_04574,2.259517,0.11417114,0.4061855
TEST_04575,1.4511186,0.5091777,0.28544867
TEST_04576,3.1098297,-0.16892728,1.0522034
TEST_04577,3.284284,-0.0672674,0.6522184
TEST_04578,4.868256,-0.6370528,-1.1601605
TEST_04579,1.7292819,0.3374058,0.5321019
TEST_04580,2.4253664,0.09152163,0.0037584815
TEST_04581,3.4807854,0.29857227,-0.6955305
TEST_04582,1.6194711,-0.55727375,-0.49904773
TEST_04583,2.0610855,0.642304,-0.3741222
TEST_04584,3.085023,-0.5352898,-0.5120724
TEST_04585,2.1409187,-1.742263,-0.47510323
TEST_04586,1.9260733,0.14482172,0.20525381
TEST_04587,2.5271888,-0.3172587,-0.38458005
TEST_04588,2.3512301,-0.83136696,0.0919222
TEST_04589,2.8259158,1.1760869,0.5292257
TEST_04590,5.0985847,1.4952899,-0.021493647
TEST_04591,2.156755,0.23700458,-0.09275623
TEST_04592,2.2769687,-1.2630422,0.036854126
TEST_04593,3.5320857,0.72601575,-0.30711195
TEST_04594,1.7850035,-0.050460365,0.25761908
TEST_04595,1.0649475,-0.33476436,0.42428228
TEST_04596,2.2157845,0.66270465,-0.12239626
TEST_04597,3.491094,-0.89673364,0.78340816
TEST_04598,1.299382,0.3482822,-0.054814022
TEST_04599,5.494049,-0.2056392,-0.26023766
TEST_04600,3.8881373,0.36437827,-1.0293123
TEST_04601,4.53933,-2.147978,-0.31950313
TEST_04602,1.8853797,1.1010244,0.17378417
TEST_04603,3.4825692,-0.87973404,-0.073613904
TEST_04604,1.4331511,-0.13333376,0.51023304
TEST_04605,2.6152906,-0.028916674,-0.65841407
TEST_04606,2.940997,-0.68281716,-0.67166454
TEST_04607,3.1861587,0.92461807,-0.6957026
TEST_04608,4.2192273,-0.6686663,0.5340941
TEST_04609,3.408523,0.16999014,0.46616223
TEST_04610,2.9330428,0.3203043,-0.29184783
TEST_04611,2.6285238,-0.0053923004,-0.2146994
TEST_04612,4.621629,0.14393298,1.2406929
TEST_04613,1.3764912,0.09522826,-0.04002926
TEST_04614,1.7971251,1.1370144,0.33147117
TEST_04615,4.062113,-0.8428365,-0.63875747
TEST_04616,1.7346318,0.25241393,-0.24696794
TEST_04617,2.8907254,0.065881945,0.94103944
TEST_04618,4.7314587,-0.7672212,0.49453923
TEST_04619,2.2507138,-0.42394972,0.108371764
TEST_04620,2.8314676,0.1991777,-0.008864357
TEST_04621,0.7731211,0.1403175,0.08414389
TEST_04622,1.7235103,0.4917184,0.52262574
TEST_04623,3.3228755,-0.26303977,1.1000887
TEST_04624,3.279258,-0.043093782,-0.14336826
TEST_04625,2.698863,-0.6919718,1.5186789
TEST_04626,2.6361265,-0.280709,-0.3895302
TEST_04627,3.9586146,-0.12970339,-0.13446346
TEST_04628,1.7527641,-0.2270461,-0.02227514
TEST_04629,2.0088995,-1.086866,0.36672604
TEST_04630,1.1460211,0.09810193,0.29625437
TEST_04631,1.5283822,-0.7276873,0.4481494
TEST_04632,3.330419,0.4757726,0.16268489
TEST_04633,1.6955973,0.5231548,-0.23577547
TEST_04634,1.725044,-0.38577425,0.19748755
TEST_04635,1.054084,0.60650116,-0.3572459
TEST_04636,3.914686,1.8721299,-0.78162396
TEST_04637,2.372089,-0.46208075,0.05419396
TEST_04638,1.306847,0.7176431,0.17860173
TEST_04639,3.4340434,-1.1133984,-1.2233151
TEST_04640,4.780994,2.306147,1.0613974
TEST_04641,2.7916505,0.27568373,0.5592073
TEST_04642,2.7453895,-1.386704,0.16889235
TEST_04643,3.7115982,-2.2657094,0.1614287
TEST_04644,3.4010375,-0.70760036,-0.8621477
TEST_04645,2.8128786,-0.6681482,0.19043867
TEST_04646,1.5356576,0.26885277,-0.23302737
TEST_04647,1.9231318,-0.2401022,-0.11291676
TEST_04648,2.8618836,0.5248172,-0.4712602
TEST_04649,4.0520396,0.62022024,-0.53371304
TEST_04650,2.7838864,0.6370479,0.25833985
TEST_04651,2.4975245,0.19291925,-0.5303362
TEST_04652,4.292991,0.7099229,-0.33836424
TEST_04653,2.342568,-0.04671836,0.21008945
TEST_04654,2.0110593,1.6294917,-0.16138755
TEST_04655,3.2102194,-0.5870119,-0.740896
TEST_04656,1.9740319,-0.045541693,-0.35105786
TEST_04657,3.2946174,0.5018021,-0.26585558
TEST_04658,3.8499436,0.5479488,-0.83715934
TEST_04659,1.545978,-0.51763123,-0.159901
TEST_04660,0.98124534,-0.18195559,-0.10693871
TEST_04661,2.0530915,-0.03921411,0.5513832
TEST_04662,2.0799506,-0.6722539,0.02485954
TEST_04663,3.8321822,0.20101333,-0.103808425
TEST_04664,3.9954228,-0.542412,0.71298206
TEST_04665,4.10341,1.1963743,0.0888021
TEST_04666,1.7839265,-0.56556493,-0.7921619
TEST_04667,3.3824153,-0.18675596,-0.06805412
TEST_04668,2.7941184,0.20036522,-0.14435309
TEST_04669,2.8748903,0.23738804,-0.5670048
TEST_04670,5.03595,-1.173117,1.1800557
TEST_04671,1.3038608,0.32945117,0.16504249
TEST_04672,3.0900183,-1.3599004,1.5137252
TEST_04673,2.5612185,0.4777155,0.36874068
TEST_04674,2.933461,0.14227918,-0.046679728
TEST_04675,2.4133406,0.97924167,0.581611
TEST_04676,2.233659,0.18524949,-0.057966534
TEST_04677,2.2129226,0.5214688,0.030008227
TEST_04678,2.1773689,-1.1388274,-0.52218735
TEST_04679,4.974294,-1.5941719,2.1546454
TEST_04680,2.2611234,1.8078249,-0.3794209
TEST_04681,5.051468,0.8930473,0.94595224
TEST_04682,4.912602,-0.038562838,-0.8131811
TEST_04683,2.609598,0.71239054,0.20959549
TEST_04684,1.8060926,-0.33624268,0.7019999
TEST_04685,3.0582006,-0.046119202,0.061619345
TEST_04686,3.9083502,0.3686169,-0.22164568
TEST_04687,1.3226075,0.26282814,-0.45773494
TEST_04688,2.4917529,1.3194346,-0.9729583
TEST_04689,2.379579,0.3242968,0.093897305
TEST_04690,2.5591276,0.7534685,0.47257337
TEST_04691,2.931767,-0.15165827,0.65085846
TEST_04692,4.034944,-1.180468,0.5138496
TEST_04693,1.3147643,-0.45246056,0.4254338
TEST_04694,3.1970458,0.062188122,0.5466507
TEST_04695,2.720589,0.19107121,0.21391927
TEST_04696,2.704435,0.5515125,0.0042337966
TEST_04697,1.4710343,0.05224716,0.21519707
TEST_04698,4.3685164,0.059580874,0.8270439
TEST_04699,4.622575,-1.4965223,1.4157184
TEST_04700,2.8614757,-0.50414556,0.48636758
TEST_04701,1.4986469,-0.3880973,-0.11015092
TEST_04702,1.3595487,0.32902148,0.36946926
TEST_04703,1.5137699,0.09529363,-0.19377802
TEST_04704,1.2373085,-0.55469674,-0.27510902
TEST_04705,1.9837072,-1.5762346,0.99077016
TEST_04706,0.97662383,0.031308446,0.3317174
TEST_04707,1.7287952,-0.71151847,0.023833454
TEST_04708,2.5239716,0.011529807,-0.20158929
TEST_04709,3.3348968,-0.060326166,1.4328657
TEST_04710,4.242009,-1.1396616,0.06014896
TEST_04711,1.7058548,-0.31278843,0.18265371
TEST_04712,1.8391799,0.40483618,0.5314708
TEST_04713,2.3469777,0.459529,0.023304816
TEST_04714,1.2279176,0.11726596,-0.10244533
TEST_04715,1.5245743,0.3681374,0.3385252
TEST_04716,3.7915275,-0.29403016,0.08100363
TEST_04717,1.7429218,0.015792731,0.16756874
TEST_04718,1.9949158,0.3912532,0.9126983
TEST_04719,4.160765,-0.55766433,0.6007839
TEST_04720,4.043945,-1.2762451,-0.57614654
TEST_04721,3.4904425,2.2841806,-0.50106883
TEST_04722,1.7149724,-0.7713213,-0.5721546
TEST_04723,1.4754051,1.0774684,0.4217861
TEST_04724,2.757472,0.6628168,-0.35515
TEST_04725,2.7832992,0.23309734,0.55834794
TEST_04726,3.489392,-0.011988568,0.16128878
TEST_04727,2.4743576,0.5390014,0.87142843
TEST_04728,2.5365663,-1.6287689,0.57140714
TEST_04729,2.861259,0.41340056,0.0958302
TEST_04730,1.0652902,0.08402048,-0.22963919
TEST_04731,3.815598,0.09177611,0.35376555
TEST_04732,2.8539493,-0.79489356,0.7129379
TEST_04733,2.2396972,-0.30402657,0.62299097
TEST_04734,1.9184731,1.5494888,-0.3183735
TEST_04735,3.9907668,1.3509521,-0.47040188
TEST_04736,2.8726165,0.015215595,0.92959505
TEST_04737,3.0002453,0.02683876,0.15770815
TEST_04738,2.3696344,0.100087374,0.40893945
TEST_04739,1.2465076,-0.42142162,0.15665044
TEST_04740,1.4250637,0.26114875,-0.14884646
TEST_04741,1.0492198,0.13113417,-0.35066557
TEST_04742,1.989134,-0.21001674,0.32043484
TEST_04743,2.1542761,-0.73791564,-0.8235254
TEST_04744,2.8966901,-0.34157315,-0.037551478
TEST_04745,1.4957646,-0.08553261,0.4719636
TEST_04746,1.2333518,-0.024242902,-0.16223735
TEST_04747,2.3400311,-0.0843774,0.07594957
TEST_04748,2.7818503,1.0197483,0.31714752
TEST_04749,3.3837163,-0.45435983,-0.33321872
TEST_04750,4.15849,-0.10257948,0.7634555
TEST_04751,1.2841957,-0.70987517,0.07028907
TEST_04752,2.1565282,-1.3314993,-0.80488604
TEST_04753,2.5220256,0.8044137,1.0802363
TEST_04754,2.250004,0.2967299,-0.008760987
TEST_04755,1.4676213,0.44251713,0.24381359
TEST_04756,3.4736967,-1.2529457,1.4857287
TEST_04757,1.8284631,-0.23286858,0.32254058
TEST_04758,3.0123308,-0.3893586,1.1514431
TEST_04759,3.8548176,0.37110317,2.1390376
TEST_04760,1.9834282,-0.8215046,0.26151505
TEST_04761,2.523122,2.2626762,-0.6215841
TEST_04762,1.7234772,0.4711192,-0.7183656
TEST_04763,3.1359715,1.4872482,-1.2402037
TEST_04764,2.5446362,0.08041643,-0.5119359
TEST_04765,1.013692,0.14047518,-0.20295595
TEST_04766,4.445494,-1.0219209,0.5246862
TEST_04767,1.3180197,0.7061997,0.48272887
TEST_04768,3.2421753,2.238977,1.6096753
TEST_04769,1.8541461,0.096297696,-0.085526265
TEST_04770,2.2549052,0.18729037,0.29821
TEST_04771,1.0696534,-0.4207789,0.114769444
TEST_04772,1.1516576,0.53644484,-0.57911265
TEST_04773,2.306478,-0.8195068,0.13687862
TEST_04774,1.8966575,0.6648151,-0.18416604
TEST_04775,2.7610505,0.5093352,-0.10317655
TEST_04776,1.8332506,-0.08180478,0.8251584
TEST_04777,1.9801046,-0.88394815,-0.0134752225
TEST_04778,1.7915767,0.36474743,0.5763256
TEST_04779,2.2356389,-0.42512777,0.24154502
TEST_04780,1.4866302,-0.6864701,0.47875032
TEST_04781,3.35561,-0.5435032,-0.100421764
TEST_04782,1.852976,-0.27889273,-0.5672032
TEST_04783,3.0972438,-0.4128089,1.2403907
TEST_04784,3.2642202,0.20041391,0.21536236
TEST_04785,2.8206055,1.7652969,-0.5886296
TEST_04786,2.8193882,-0.5739069,0.28121912
TEST_04787,1.6522111,0.31784073,0.37701708
TEST_04788,3.4483569,0.18729582,-0.09983088
TEST_04789,4.695305,-0.41090733,0.40242255
TEST_04790,3.5796914,1.1855619,-0.25477925
TEST_04791,2.1722744,0.055638745,0.608776
TEST_04792,3.3242676,-1.3088601,0.56743425
TEST_04793,2.9654489,-0.0027839688,0.9901467
TEST_04794,2.1382399,-0.22081345,0.032181796
TEST_04795,0.8340743,7.559862e-05,-0.037397627
TEST_04796,3.5492425,-0.8599853,0.51955587
TEST_04797,1.8761458,0.26478687,0.5086667
TEST_04798,2.1599052,-1.1847043,0.6431811
TEST_04799,5.02095,0.05909032,1.6792176
TEST_04800,5.003425,-0.2118747,0.6137335
TEST_04801,4.8528776,-2.434674,-0.9590756
TEST_04802,1.3566244,0.88881207,-0.19271077
TEST_04803,2.3848677,-0.9834076,-0.25243393
TEST_04804,2.1370919,0.18138017,-0.1514429
TEST_04805,1.1239448,-0.1790963,0.1908837
TEST_04806,2.4484956,0.02928842,0.15619503
TEST_04807,4.062849,-1.0028727,-0.62862486
TEST_04808,5.8659577,-2.2708771,0.59815913
TEST_04809,1.796763,0.45056745,-0.3061091
TEST_04810,2.0615041,-0.42772248,-0.5464013
TEST_04811,2.0911243,0.10549448,-0.47320685
TEST_04812,3.0062723,1.3215339,0.45864105
TEST_04813,0.9976374,0.100472264,-0.2248636
TEST_04814,3.8973525,-0.16968705,1.1765434
TEST_04815,3.9130492,0.3454453,0.41369572
TEST_04816,1.3976041,-0.7316562,0.40701777
TEST_04817,1.647857,-0.38512316,0.60531014
TEST_04818,4.764402,0.6755956,1.5727769
TEST_04819,0.8044288,-0.04921823,0.17772974
TEST_04820,1.3298205,0.6256793,-0.039199866
TEST_04821,1.1557873,-0.22997397,-0.07469932
TEST_04822,1.4918939,-0.014646148,-0.20380586
TEST_04823,3.7495875,0.06402961,0.2145813
TEST_04824,1.6078213,0.4574801,0.54695344
TEST_04825,1.7826226,-1.1001153,0.22581525
TEST_04826,2.5643344,0.3339554,0.121281356
TEST_04827,1.7528589,-0.2945196,-0.580952
TEST_04828,2.757539,0.9197142,-0.82587683
TEST_04829,3.4603324,-0.6585584,-0.9061901
TEST_04830,4.5651536,-0.067591555,-0.7612725
TEST_04831,1.3794446,0.077712335,0.047894947
TEST_04832,3.2009184,0.5401698,-0.42446676
TEST_04833,3.6988347,0.59721434,0.6762038
TEST_04834,2.3759005,0.15976109,-0.0024297973
TEST_04835,2.4105382,0.16379176,0.3891967
TEST_04836,3.6140513,-0.37474364,0.85039383
TEST_04837,1.7621076,-0.16761905,-0.1308627
TEST_04838,2.1106968,-0.95374143,0.0834372
TEST_04839,5.3474264,0.9594952,1.280371
TEST_04840,2.0988345,-0.6880387,-0.18816845
TEST_04841,2.9365473,-1.3349885,-0.07865651
TEST_04842,1.8313714,0.17374407,0.11128791
TEST_04843,1.9484252,-0.32483158,-0.76989204
TEST_04844,2.5472367,0.31489146,0.26520064
TEST_04845,2.2601893,-0.32460672,-0.24112862
TEST_04846,2.228164,0.35062924,-0.30304322
TEST_04847,4.080253,-0.7315902,0.4491275
TEST_04848,4.069767,-0.31938612,-0.66592765
TEST_04849,1.8761541,0.09836042,-0.041563526
TEST_04850,2.093281,0.23916487,-0.26775533
TEST_04851,1.7956675,0.082874216,-0.02673627
TEST_04852,1.6292586,-0.2201633,0.20177713
TEST_04853,1.0384303,0.20473763,0.036159676
TEST_04854,1.0233611,0.33360618,0.17675076
TEST_04855,1.1764299,0.62550956,-0.19658841
TEST_04856,3.3922055,0.6597246,1.5379021
TEST_04857,4.272172,1.5116674,0.15485214
TEST_04858,2.1811912,0.13463262,-0.00021312533
TEST_04859,4.366669,0.9460887,1.0460606
TEST_04860,2.8649702,-0.8846856,0.6703851
TEST_04861,1.692892,0.010503356,-0.35429543
TEST_04862,1.3129086,0.36853695,-0.042169094
TEST_04863,3.2075565,-0.6255477,0.79962766
TEST_04864,1.7802942,0.6448799,-0.007470158
TEST_04865,3.0616496,0.7195085,0.35446075
TEST_04866,3.185153,0.02588307,-0.07951175
TEST_04867,1.4772365,0.6419272,-0.058670696
TEST_04868,2.9944932,0.03123554,-0.04701079
TEST_04869,4.5865455,0.2458323,-0.6917066
TEST_04870,2.5010722,-0.45940053,-0.21039046
TEST_04871,2.3026404,0.527548,-0.4557577
TEST_04872,3.2078505,-0.19919054,-0.9067584
TEST_04873,2.8518343,-1.004109,-0.20190512
TEST_04874,0.9911505,0.030737313,-0.14243001
TEST_04875,1.4404466,-0.33184308,-0.21566793
TEST_04876,3.748185,-1.3852273,1.0672227
TEST_04877,2.3547614,0.30370483,0.25644758
TEST_04878,3.1734114,-1.1833761,0.13212606
TEST_04879,5.5521274,0.9493884,-1.2789307
TEST_04880,2.4953647,1.5660263,0.06064955
TEST_04881,1.637194,-0.048538573,-0.05048101
TEST_04882,3.1845284,0.9288453,1.3971196
TEST_04883,2.5122576,-0.2627108,-0.7087473
TEST_04884,3.3475986,-0.24553302,-0.56904763
TEST_04885,2.4650779,0.14028089,0.18019034
TEST_04886,2.5454702,0.2589287,0.0107548395
TEST_04887,1.1960734,-0.17967382,0.44831803
TEST_04888,2.2423828,-1.7705991,-0.6472437
TEST_04889,2.9016976,0.46534368,0.19762643
TEST_04890,3.0929086,-0.17114714,0.15796722
TEST_04891,2.4447672,0.0016107366,-0.13950245
TEST_04892,1.5231938,-0.38675192,0.29252112
TEST_04893,1.7090629,0.028437315,0.019582663
TEST_04894,1.9358212,-0.5775663,0.58910674
TEST_04895,4.0104947,0.6786746,-1.4975923
TEST_04896,1.1687052,-0.8155496,-0.60808456
TEST_04897,1.5465592,0.09223117,0.3363
TEST_04898,2.9340866,0.49949208,1.3206484
TEST_04899,2.7334282,-0.8294885,0.22066878
TEST_04900,2.49086,-0.49540177,0.25110784
TEST_04901,3.0981507,-0.12717655,-1.1006202
TEST_04902,1.616718,0.35001442,-0.20244113
TEST_04903,2.0036573,-0.6860148,0.7124983
TEST_04904,1.8056432,0.448778,-0.43613532
TEST_04905,3.9709365,0.65585715,0.63409203
TEST_04906,2.5380042,-0.1631307,0.27542743
TEST_04907,2.129573,-0.21693121,-0.73047763
TEST_04908,2.086911,-0.45603687,0.022029545
TEST_04909,3.557009,-0.77525777,-0.30813155
TEST_04910,2.2633367,-1.7292348,-0.036008533
TEST_04911,1.8147038,-0.73932385,-0.04653534
TEST_04912,1.8624691,0.16056822,-0.39010304
TEST_04913,2.9747329,-0.26164633,0.0008202221
TEST_04914,1.986986,0.37688693,-0.26658258
TEST_04915,2.2569985,-0.42131397,0.25147858
TEST_04916,4.31244,0.48641956,-0.111452274
TEST_04917,2.3285575,-1.6098115,0.7918907
TEST_04918,2.4649062,-0.69526726,0.39779165
TEST_04919,3.6746817,1.2580489,-0.2258359
TEST_04920,2.5549715,0.58756673,0.7647938
TEST_04921,2.1246524,0.076711036,0.49292177
TEST_04922,2.481198,-1.0150652,0.0060712015
TEST_04923,2.0243623,1.5641252,0.6856647
TEST_04924,2.636181,0.09967302,0.05777411
TEST_04925,2.5951283,-0.4549017,0.16280738
TEST_04926,2.2477543,-0.51416236,0.33745906
TEST_04927,2.1060836,0.1322425,-0.47897038
TEST_04928,3.014545,0.32496262,1.2634
TEST_04929,2.3460588,0.62248856,0.051951535
TEST_04930,2.2204216,-0.33702,0.41258022
TEST_04931,2.1797485,-0.023578571,0.11688655
TEST_04932,2.1638172,-0.94227237,0.31215364
TEST_04933,2.396604,-0.21642141,0.34493718
TEST_04934,2.1893702,-0.27876332,0.7102851
TEST_04935,1.8172377,-0.03693884,-0.18222578
TEST_04936,2.4867048,0.9507617,-0.08308712
TEST_04937,3.2150638,-0.7643499,0.021157658
TEST_04938,3.4966543,-0.014808146,-0.8083328
TEST_04939,4.4637494,0.9738008,-0.9540983
TEST_04940,2.0324697,-0.8019239,0.87970626
TEST_04941,2.772861,0.4220891,0.7111469
TEST_04942,2.4765074,-0.09997072,0.5586158
TEST_04943,2.697851,-0.25584492,0.102960184
TEST_04944,1.4121057,-0.6804991,-0.5187736
TEST_04945,5.340146,-0.49454534,0.10831706
TEST_04946,2.4860678,0.364004,-0.33349887
TEST_04947,3.9331682,0.22717561,-0.16882133
TEST_04948,2.7966588,-0.51729447,0.23733494
TEST_04949,4.175929,-0.30948704,0.07132049
TEST_04950,2.7596161,1.0053891,-0.56796294
TEST_04951,1.2359033,0.21795407,-0.23410319
TEST_04952,2.609694,1.5927273,0.111125864
TEST_04953,2.270779,0.7635354,0.571626
TEST_04954,1.8304087,-0.046470977,0.26506037
TEST_04955,1.2504507,0.032192845,-0.06646239
TEST_04956,4.380195,0.5357224,-0.17037377
TEST_04957,3.5163672,1.7289656,0.012297078
TEST_04958,1.9927655,-0.49062464,-0.28088525
TEST_04959,5.6904736,1.5074809,-0.57630926
TEST_04960,2.5284064,2.0324106,-0.56477773
TEST_04961,4.7657676,-1.5696129,0.93903935
TEST_04962,2.0101013,0.8718408,-0.39162567
TEST_04963,2.8179548,-1.6575274,-0.8340658
TEST_04964,2.0648801,-0.36341572,0.5180551
TEST_04965,2.5715895,-0.5358556,0.457576
TEST_04966,1.6846005,-0.22058177,0.3719274
TEST_04967,4.9606304,1.2025318,-0.50777566
TEST_04968,1.4124119,-0.64165425,-0.06746781
TEST_04969,2.5537732,0.08829561,-0.56365836
TEST_04970,1.7172971,0.56675035,0.5493764
TEST_04971,1.6881851,0.11069394,-0.38316476
TEST_04972,4.7424674,0.82366943,-0.20620939
TEST_04973,3.0377536,0.4892308,-0.51177233
TEST_04974,3.3765142,-0.79706657,0.8013878
TEST_04975,3.329899,1.1632974,-1.057315
TEST_04976,2.349765,0.4318578,1.153525
TEST_04977,1.9478894,-0.060507752,0.849101
TEST_04978,4.133755,-0.17079692,0.35093567
TEST_04979,2.074256,-0.3807405,0.27315935
TEST_04980,2.6525524,0.11357422,0.0042506736
TEST_04981,0.91808236,0.5720987,0.05390775
TEST_04982,1.9209068,-0.7521128,0.596548
TEST_04983,1.3792707,-0.2971379,0.30842605
TEST_04984,1.2460204,0.50623906,0.44869244
TEST_04985,1.3393769,0.52322584,0.12229561
TEST_04986,2.009733,0.489803,0.5690564
TEST_04987,2.2818863,0.5844895,-0.40062013
TEST_04988,2.5932786,-0.17610006,0.68167967
TEST_04989,3.919392,-0.0064843087,0.31476602
TEST_04990,4.5600076,-1.0297165,0.4877283
TEST_04991,2.90148,0.64387965,0.26245406
TEST_04992,2.4227533,1.0931051,0.6043302
TEST_04993,2.978825,0.7860541,0.09943851
TEST_04994,1.2426414,0.29381648,0.212988
TEST_04995,1.9925842,0.6089142,0.26404202
TEST_04996,4.1164145,0.46643585,0.88156116
TEST_04997,1.690541,0.4196901,0.010370823
TEST_04998,1.3673928,-0.43423814,-0.4609346
TEST_04999,3.1803586,0.2886869,-0.16343026
TEST_05000,2.0265424,-0.11056863,0.35274976
TEST_05001,2.7569315,-1.7816566,0.8080941
TEST_05002,3.9972954,-0.16069655,0.57262635
TEST_05003,3.9398122,1.7908598,-0.6338087
TEST_05004,2.8112352,-0.16141996,-0.2996611
TEST_05005,1.798987,-0.8283824,-0.65763324
TEST_05006,1.5840646,0.31669325,-0.33389097
TEST_05007,4.000199,-0.9035017,0.7270289
TEST_05008,5.4069033,-1.1164334,0.13200523
TEST_05009,2.017771,-0.64399415,0.29333672
TEST_05010,1.5571383,-0.5581413,0.470905
TEST_05011,3.0812502,0.1958864,-0.49236122
TEST_05012,1.7108216,0.11601674,-0.59656936
TEST_05013,2.5286925,-0.0743,0.17810208
TEST_05014,2.0531983,-0.10630193,-0.99373305
TEST_05015,1.9865113,-1.1469718,-0.41999897
TEST_05016,3.369545,0.72020376,-0.45777273
TEST_05017,2.4341686,-0.6106823,0.036723096
TEST_05018,4.224719,-0.88687193,1.668027
TEST_05019,2.200185,-0.60482705,0.5969061
TEST_05020,0.9695516,0.13419959,-0.45785505
TEST_05021,3.3307805,-0.07608221,0.14011368
TEST_05022,1.9887083,-0.2629632,0.35187998
TEST_05023,4.37148,-0.671484,0.23647651
TEST_05024,1.7009468,-0.34615624,0.11783344
TEST_05025,2.7477438,-1.4388593,-0.50661826
TEST_05026,1.6470163,0.18612987,-0.27963033
TEST_05027,3.1362422,0.5431556,-0.041780226
TEST_05028,1.5877669,0.15605347,-0.34447435
TEST_05029,2.2406032,-1.4684926,-0.35311565
TEST_05030,4.6215205,0.32094333,1.6644828
TEST_05031,2.7118917,0.26558557,0.2799103
TEST_05032,3.1188383,1.0627426,-0.1408234
TEST_05033,4.229163,-0.5993452,0.63062185
TEST_05034,3.4380658,-0.11584685,0.530917
TEST_05035,1.0376725,0.33800337,0.25694677
TEST_05036,4.4708557,-0.7773131,0.26371074
TEST_05037,3.7571168,-1.5759206,0.09600001
TEST_05038,3.0539386,0.03096017,0.22814487
TEST_05039,4.5483594,-0.31838056,-0.16600662
TEST_05040,4.688067,-1.6496452,1.3858571
TEST_05041,1.293989,-0.23289548,-0.11703501
TEST_05042,3.0290418,-0.3867122,0.7669525
TEST_05043,3.4665046,-0.14968634,0.19237956
TEST_05044,2.910457,0.95278174,-0.59219086
TEST_05045,1.8027045,-0.4533011,-0.29815194
TEST_05046,1.3651497,-0.25460634,0.46164984
TEST_05047,1.1629779,-0.31312296,0.011837093
TEST_05048,5.2979155,-2.0893142,-0.48062435
TEST_05049,3.5108619,0.011512122,-0.5220224
TEST_05050,1.1967477,-0.45647752,0.08586081
TEST_05051,2.7506263,-0.33857286,-0.0047446764
TEST_05052,3.1365724,0.5295471,0.57617694
TEST_05053,2.3651369,0.32360607,-0.35973576
TEST_05054,3.2488885,-1.1240901,-0.58870167
TEST_05055,1.5174578,0.7668869,0.19264717
TEST_05056,1.7153594,0.87693894,0.9576102
TEST_05057,1.6381696,0.6621524,1.0590287
TEST_05058,2.430743,-1.2764449,0.57944256
TEST_05059,2.3109756,0.4381539,-0.28417394
TEST_05060,2.911091,0.35033542,0.6299175
TEST_05061,2.2322059,-0.13261107,-0.2182642
TEST_05062,1.5653006,0.15404843,0.1158595
TEST_05063,3.5643468,0.9695482,-0.8838206
TEST_05064,1.1194812,-0.4762767,0.05431371
TEST_05065,5.061683,1.4144325,0.61892235
TEST_05066,2.9040272,0.08566711,-0.9920856
TEST_05067,2.4494584,0.07750086,0.4856514
TEST_05068,2.8214185,0.42796594,-0.3829432
TEST_05069,4.4874573,-0.5246117,-0.8993717
TEST_05070,2.448039,-0.41466472,0.5417436
TEST_05071,2.3392122,0.43732747,0.25187728
TEST_05072,1.1485571,0.3848108,-0.25482187
TEST_05073,2.0412166,0.38763937,0.14673808
TEST_05074,3.0001805,0.15646085,0.15085024
TEST_05075,1.6169392,0.41524473,0.66066563
TEST_05076,3.1667826,-0.3395532,-0.20061387
TEST_05077,1.5658469,-0.591175,0.11951746
TEST_05078,2.6848319,0.62324435,-0.88681304
TEST_05079,1.9553455,-0.14427349,-0.95785725
TEST_05080,2.9079063,-2.114046,0.8187911
TEST_05081,4.2499886,0.58418405,0.35078633
TEST_05082,1.8940381,-1.1352066,-0.2496136
TEST_05083,1.129094,0.81326663,0.34504977
TEST_05084,1.9148383,-0.04675361,-0.1298514
TEST_05085,1.9230255,-0.6659174,0.262471
TEST_05086,1.2967114,-0.45093048,-0.35226548
TEST_05087,3.5193884,-0.82392323,-0.87219006
TEST_05088,4.61271,-1.0230954,-0.5666515
TEST_05089,3.5276759,0.24092956,0.027536782
TEST_05090,1.2296733,0.2559885,0.19087163
TEST_05091,3.321059,0.28460434,0.66434157
TEST_05092,2.6508706,0.18398972,0.6636696
TEST_05093,2.0636604,0.5647163,-0.13252981
TEST_05094,2.772576,-0.5989624,0.77695453
TEST_05095,3.9414856,-0.3296034,-0.26527417
TEST_05096,1.2597672,-0.7295658,0.035075262
TEST_05097,3.8298469,0.022029437,1.6575414
TEST_05098,2.9925735,1.3184323,-0.8186669
TEST_05099,2.4872258,1.4436871,0.37001076
TEST_05100,1.5394261,-0.4623055,-0.15266885
TEST_05101,0.9463362,-0.047444507,-0.19853686
TEST_05102,1.9634635,0.060773112,-0.023382584
TEST_05103,2.5509992,0.18665718,0.3035598
TEST_05104,1.3999908,0.04893951,0.03420472
TEST_05105,3.7965949,-1.5249132,-0.024509776
TEST_05106,2.1741598,-0.34109676,-0.9496859
TEST_05107,4.1369405,-0.31281057,0.98141664
TEST_05108,2.4686863,-0.79508126,0.34421167
TEST_05109,4.8662558,1.568459,1.5553036
TEST_05110,4.2103453,-0.31525743,-0.2931541
TEST_05111,1.8084373,-0.8620581,0.1469435
TEST_05112,3.3765628,-0.38016653,-0.9104691
TEST_05113,3.6479156,-0.2976732,1.1310694
TEST_05114,1.4728261,-0.35296857,0.5040513
TEST_05115,1.0739307,-0.047284883,-0.25583756
TEST_05116,3.4178195,-1.8931949,1.5319381
TEST_05117,3.0665882,0.39519364,-0.85243064
TEST_05118,3.1478238,-0.48135906,0.4740634
TEST_05119,3.6623347,0.76509464,1.2213427
TEST_05120,4.0782714,-2.0218291,1.3633555
TEST_05121,2.2088118,0.60195637,-0.100033216
TEST_05122,3.0453856,-0.87191707,-0.6067668
TEST_05123,3.7988243,0.5810773,-0.23764922
TEST_05124,1.8123964,0.54348016,0.12726697
TEST_05125,0.91696334,0.16895773,-0.07846129
TEST_05126,5.236546,-0.8524491,-0.47001138
TEST_05127,3.6016908,0.48259294,-0.84946024
TEST_05128,2.9775412,2.4872544,-0.95024335
TEST_05129,2.8086379,-0.27122834,0.41952166
TEST_05130,2.1824253,-0.51015246,-0.26044425
TEST_05131,3.778174,0.46531063,-0.019453641
TEST_05132,1.4867004,0.097884074,0.63499546
TEST_05133,1.5702564,0.06578133,0.068128
TEST_05134,2.675002,0.060048964,1.3841424
TEST_05135,1.9936993,-0.15773894,-0.3500404
TEST_05136,1.0406183,-0.6150391,-0.53078765
TEST_05137,2.1338737,0.13482288,0.78279895
TEST_05138,1.1918164,0.43516028,-0.037559763
TEST_05139,3.036473,-0.42219028,0.055034515
TEST_05140,1.086341,0.091803595,-0.09408906
TEST_05141,3.4785702,-0.2152516,0.77682203
TEST_05142,1.6250547,-0.578543,0.21866901
TEST_05143,2.8129773,-0.6330846,1.1530696
TEST_05144,1.6577693,0.4642109,0.32665145
TEST_05145,4.094389,-0.6605979,0.44368878
TEST_05146,2.5136976,0.31916302,-0.5202323
TEST_05147,2.8358502,0.033608675,0.27685058
TEST_05148,2.210222,-0.19628038,-0.10270909
TEST_05149,3.3165526,1.9514754,0.5177623
TEST_05150,4.45119,-0.483355,0.7464263
TEST_05151,2.266897,-0.19420789,-0.17204978
TEST_05152,1.6586015,-0.47958967,-0.31982237
TEST_05153,3.01049,-0.8286609,-0.35003978
TEST_05154,1.7824197,0.41554546,-0.16001682
TEST_05155,1.6363329,-0.735514,-0.5520676
TEST_05156,4.040867,-0.49287733,-0.38559437
TEST_05157,1.8111812,0.4694266,0.012096988
TEST_05158,2.6586893,-1.2237648,-0.13414341
TEST_05159,6.1112576,1.6745343,-1.2300137
TEST_05160,1.6552851,0.26304358,-0.29982397
TEST_05161,1.3492332,0.20896482,0.03260627
TEST_05162,1.7355316,1.1298783,1.0192572
TEST_05163,1.8713125,-0.6026897,-0.37652868
TEST_05164,1.6249936,-0.014997954,0.43205294
TEST_05165,2.9285543,0.6159145,-0.4056897
TEST_05166,1.9888889,0.49943283,0.121235155
TEST_05167,4.8071084,-0.78886706,0.220477
TEST_05168,2.6351304,-0.7357578,-0.3776947
TEST_05169,3.5324707,0.19024964,-0.18682192
TEST_05170,2.2564585,-0.3874154,-0.24565789
TEST_05171,3.51589,0.10101475,0.060364798
TEST_05172,3.2059164,1.2041414,-0.6699671
TEST_05173,1.9835813,-0.38754645,0.3726427
TEST_05174,1.6543217,0.4676768,-0.05037984
TEST_05175,1.9561087,-0.83028835,-0.22344957
TEST_05176,2.9545763,-0.5875041,1.1773262
TEST_05177,1.6659758,-0.5134289,0.6996201
TEST_05178,4.929753,0.17816792,1.5041435
TEST_05179,1.9715945,0.06137338,-0.52916
TEST_05180,2.2207224,-0.15711972,0.108329095
TEST_05181,0.96172833,-0.45532387,0.077900566
TEST_05182,1.8719417,0.6587738,-0.454537
TEST_05183,2.9587207,0.40258184,0.44067955
TEST_05184,1.8587584,0.434456,0.6197232
TEST_05185,5.353724,-1.1995033,-0.76180106
TEST_05186,2.5548239,-0.12037078,0.7758661
TEST_05187,1.6275164,0.51478094,0.53568345
TEST_05188,2.6542695,-0.7134046,0.45930558
TEST_05189,4.8053465,-1.4697863,0.77987486
TEST_05190,2.5674746,1.5888342,0.093579195
TEST_05191,2.6251676,-0.2500024,0.61348736
TEST_05192,3.559367,0.64794034,0.63545626
TEST_05193,1.8884491,0.48860654,0.03829639
TEST_05194,2.4415185,0.13384667,-0.24796693
TEST_05195,1.739474,0.114904284,-0.560611
TEST_05196,3.5951664,-0.08998279,1.2592697
TEST_05197,3.125159,1.0964619,-0.53613
TEST_05198,3.316245,0.9667861,-0.19448838
TEST_05199,5.3539405,0.9562573,-0.5590591
TEST_05200,2.5814972,-1.0679697,0.23065683
TEST_05201,4.3533945,-0.9109653,-0.49011144
TEST_05202,1.5581107,0.39398754,0.7588211
TEST_05203,3.570058,-2.06449,-0.3449442
TEST_05204,3.2935758,0.8360268,-0.49340203
TEST_05205,2.1934328,-0.50055623,0.1388769
TEST_05206,2.5644543,-0.17897919,0.54695535
TEST_05207,2.81018,-0.19829464,0.9915793
TEST_05208,1.6628338,0.3960298,0.7216187
TEST_05209,1.735254,-0.3503113,-0.18404812
TEST_05210,3.1087525,0.4779976,0.3972581
TEST_05211,3.1563258,-0.0015777325,-0.01468456
TEST_05212,2.365081,1.2850004,0.31205758
TEST_05213,1.2645832,-0.4763316,-0.061469905
TEST_05214,2.9732368,0.12257654,0.2225143
TEST_05215,2.4822514,-0.59584326,0.20568687
TEST_05216,3.1353111,0.99714714,0.27188462
TEST_05217,3.2238317,-1.3078272,1.465006
TEST_05218,1.1769367,0.7907058,-0.40451297
TEST_05219,4.410645,1.0303241,1.143734
TEST_05220,1.9896972,-0.8968722,0.14189333
TEST_05221,2.2850578,-0.13850076,-0.8104099
TEST_05222,1.2354261,-0.40682042,0.17655282
TEST_05223,3.5290976,-0.40713933,0.03082769
TEST_05224,3.0990942,0.10394861,-0.49901825
TEST_05225,3.357756,1.8539928,2.002657
TEST_05226,1.4701542,-0.35780725,-0.37095717
TEST_05227,2.7918975,0.22405177,-0.96193385
TEST_05228,2.9091363,-0.37057814,0.44517195
TEST_05229,4.871747,1.335038,0.6808849
TEST_05230,3.5859184,-1.0602797,0.96722627
TEST_05231,2.6233177,-0.07287221,-0.10534026
TEST_05232,2.7385063,-0.14081448,0.24890871
TEST_05233,3.1345866,0.22160825,0.5274261
TEST_05234,2.7665708,0.02289127,0.085826226
TEST_05235,1.3925273,-0.30276382,-0.20000277
TEST_05236,2.792227,1.1431758,0.013860864
TEST_05237,2.4328437,0.8431318,-1.0742661
TEST_05238,2.56581,-0.5224807,-0.4048973
TEST_05239,4.2425637,-1.495399,-0.39353848
TEST_05240,3.4790084,1.1397898,1.3272758
TEST_05241,5.2764883,1.9724513,-0.27293688
TEST_05242,4.4476395,0.028386978,0.926475
TEST_05243,2.6055796,1.4515233,0.8473705
TEST_05244,1.7835248,-0.23055735,-0.21882153
TEST_05245,1.8873607,0.5160285,-0.33497536
TEST_05246,1.6418861,-0.57244503,0.13526477
TEST_05247,2.2273386,-0.92011356,0.7865363
TEST_05248,5.6504045,-0.0011062123,-0.6626892
TEST_05249,3.5111206,0.07999272,0.17876996
TEST_05250,2.6386733,0.6143015,0.030824691
TEST_05251,3.9892044,-0.16354962,-0.26321182
TEST_05252,1.4587951,-0.17618309,0.046697337
TEST_05253,2.781812,-0.0659996,0.23742454
TEST_05254,1.1391057,0.81710523,0.42896405
TEST_05255,2.6008537,0.010232495,-0.107478656
TEST_05256,1.1352636,0.36073506,0.08776472
TEST_05257,3.1570165,-0.2538525,0.5487355
TEST_05258,1.7035495,-0.8817782,-0.76852715
TEST_05259,1.8457541,0.7936326,-0.47059143
TEST_05260,1.6560456,0.040031634,0.35601148
TEST_05261,2.7514832,0.06365763,-0.007884667
TEST_05262,1.3325822,-0.35906854,0.28465402
TEST_05263,1.9630102,-0.70260227,0.28779998
TEST_05264,2.2899017,-0.06841585,0.51169986
TEST_05265,4.080284,-0.73632413,0.7107195
TEST_05266,3.2989645,0.40450472,0.25286636
TEST_05267,3.788015,0.7624533,0.3272321
TEST_05268,3.0356126,-0.59386134,-0.13858254
TEST_05269,4.0897927,-1.0038671,-1.1988877
TEST_05270,4.9199986,-1.3205653,1.7576528
TEST_05271,3.0322347,-0.0692921,-0.14599551
TEST_05272,2.7628212,-0.7642485,1.3876325
TEST_05273,2.4692156,-0.12232525,-0.14741924
TEST_05274,1.4126427,-0.03304463,0.5167909
TEST_05275,0.8145231,-0.28281423,0.13964209
TEST_05276,3.5077097,-0.7663509,0.24408217
TEST_05277,3.0056753,0.45349318,0.8240912
TEST_05278,1.6314515,-0.44345638,-0.56671923
TEST_05279,2.4945097,-0.0047145775,0.79487723
TEST_05280,3.9367166,0.4253342,0.523054
TEST_05281,2.9676118,-0.22589101,-0.88510823
TEST_05282,3.989532,0.49336058,1.3838251
TEST_05283,1.6854998,1.2726756,-0.42959654
TEST_05284,2.0857985,-0.8053333,-0.12262932
TEST_05285,2.5502238,-0.90403825,-1.0124261
TEST_05286,3.3818982,-0.17811401,-0.21478434
TEST_05287,2.2512546,0.026732856,0.80287856
TEST_05288,3.8570964,0.81075394,0.49603856
TEST_05289,3.0019782,-0.20425968,0.31270486
TEST_05290,1.8224803,0.24553291,0.36592585
TEST_05291,2.5750153,-0.041875537,0.41523373
TEST_05292,1.298641,0.15047461,0.17525402
TEST_05293,2.0796585,-0.06063355,-0.042162597
TEST_05294,1.2508972,-0.32615545,-0.09212549
TEST_05295,3.4580915,0.5717771,-0.62212867
TEST_05296,2.4482222,-1.2064341,-0.72525
TEST_05297,2.9598694,1.0115544,-0.62467396
TEST_05298,2.0095167,0.38837755,0.048487242
TEST_05299,3.3540277,0.5987045,-0.57353646
TEST_05300,2.7806666,0.3290138,-0.8444313
TEST_05301,2.0390575,-0.6037685,-0.09804211
TEST_05302,1.7037792,-0.23099859,0.0726131
TEST_05303,3.1929312,-0.6126599,-0.85879415
TEST_05304,2.8293464,-0.5439123,0.2655233
TEST_05305,5.033851,0.25024372,-0.7734101
TEST_05306,1.6607414,-0.061490666,0.122031756
TEST_05307,3.9879048,-0.7049911,-0.46549472
TEST_05308,2.0145953,-0.57120806,0.37951532
TEST_05309,1.8188908,-0.8190309,-0.5214667
TEST_05310,3.3238275,0.027603747,-0.23697892
TEST_05311,2.5551121,0.91135985,0.63309395
TEST_05312,3.9167593,-0.7638266,-0.7851805
TEST_05313,2.5910754,-1.5725571,-0.54754883
TEST_05314,1.5831825,-0.3754938,-0.11946662
TEST_05315,1.8770441,-0.13742751,0.05701526
TEST_05316,2.3725295,-1.2115628,-0.70573837
TEST_05317,2.9486868,1.2331579,0.6987105
TEST_05318,2.4371178,0.3405047,0.37824106
TEST_05319,5.506096,-0.077367745,1.5902213
TEST_05320,2.948187,-1.0362229,-1.0699414
TEST_05321,2.081948,-1.1123754,-0.6394324
TEST_05322,4.0041876,-0.09750176,0.13697548
TEST_05323,4.4358444,1.5376076,0.04437995
TEST_05324,2.4009824,0.97967774,0.0076170294
TEST_05325,2.0397017,0.29246917,0.63965726
TEST_05326,2.7832434,-0.5451317,0.5444071
TEST_05327,3.524594,-0.46367282,0.66199595
TEST_05328,2.276691,-0.6023844,-0.802104
TEST_05329,2.5720923,0.33881202,-0.20332333
TEST_05330,2.3084342,-0.47432917,0.14519054
TEST_05331,0.7874418,0.3374468,-0.05611422
TEST_05332,1.1503664,0.25306848,0.061426852
TEST_05333,2.0235865,-0.7355022,0.20550342
TEST_05334,0.9792721,0.36471635,0.022175508
TEST_05335,1.2257644,-0.045442045,-0.14836232
TEST_05336,2.7581606,-0.39970848,-0.044332452
TEST_05337,2.8954053,-0.9345942,0.76874846
TEST_05338,3.3912914,0.12622856,-0.24158855
TEST_05339,2.3999238,1.1530511,0.44758764
TEST_05340,1.704281,0.06798164,-0.110698216
TEST_05341,2.753853,-0.45066425,0.6225899
TEST_05342,1.604333,-0.036116462,0.10389935
TEST_05343,1.7385459,-0.6735152,0.35001856
TEST_05344,1.1047614,-0.22274129,-0.08235757
TEST_05345,2.0676484,-0.48276272,-0.3568565
TEST_05346,1.8697978,-0.56154716,0.50392234
TEST_05347,3.4721224,-0.24173702,0.117973916
TEST_05348,2.3269846,-0.4296713,0.3495644
TEST_05349,2.785518,-0.54364467,-0.19174995
TEST_05350,4.3817697,-0.73007786,0.5576753
TEST_05351,2.444027,-0.52656865,-0.70544624
TEST_05352,3.0574496,-0.76701444,-0.9619251
TEST_05353,3.4468107,1.7749231,0.85633576
TEST_05354,1.1512431,-0.24350053,0.22510587
TEST_05355,1.808975,0.09501835,0.07736577
TEST_05356,2.8468757,0.22729042,-0.43187088
TEST_05357,2.1118422,-0.2654896,0.3857226
TEST_05358,3.9814382,-1.0777225,0.879357
TEST_05359,4.255579,-1.3438541,1.7174411
TEST_05360,3.6232984,2.2723906,-0.5760521
TEST_05361,3.965155,-1.9098185,1.5426672
TEST_05362,3.2557957,1.2126701,1.1687176
TEST_05363,3.6071405,1.9827921,1.0242696
TEST_05364,1.9978375,-0.29858238,0.3451492
TEST_05365,2.0403395,0.41405982,-0.4187983
TEST_05366,4.031595,0.058552578,0.19935054
TEST_05367,5.2112813,-0.29794633,-0.24865614
TEST_05368,4.1007347,-0.7699899,0.6411985
TEST_05369,3.5053792,0.27340135,0.5002718
TEST_05370,2.8348274,-0.1298137,-0.17477648
TEST_05371,3.99708,-0.5499825,-0.10256653
TEST_05372,2.543387,0.2954357,-0.09056774
TEST_05373,1.63962,0.46474266,0.1557087
TEST_05374,3.2788534,1.227447,-1.2002261
TEST_05375,2.2641954,0.1199859,-0.18002217
TEST_05376,1.9026005,-0.44615853,-0.48756763
TEST_05377,3.8268962,-1.8820689,0.50512195
TEST_05378,5.612575,-1.3574626,0.51807344
TEST_05379,2.8469899,-1.1973139,0.5324853
TEST_05380,2.236507,0.5116359,0.45735842
TEST_05381,3.7182043,0.2936775,0.49340338
TEST_05382,2.103176,0.35295388,-0.39802682
TEST_05383,3.9032354,-0.59648526,0.23220831
TEST_05384,3.8264036,-0.66562474,0.19864394
TEST_05385,1.7201121,1.2935197,-0.96543473
TEST_05386,2.3742118,0.27066532,-0.4015021
TEST_05387,3.7510104,0.79313815,0.3360629
TEST_05388,1.9490894,-0.68043554,0.05475814
TEST_05389,4.1505218,-0.5335144,1.0203044
TEST_05390,1.0939689,0.0646095,-0.12166978
TEST_05391,2.06084,0.15573645,-0.30066013
TEST_05392,1.6358279,0.7975762,0.07233207
TEST_05393,2.2907114,-0.73761094,0.064539745
TEST_05394,2.6668875,-0.2785845,0.16419326
TEST_05395,2.2560496,0.29385325,0.79900366
TEST_05396,2.3024862,-1.0304321,-0.17133203
TEST_05397,1.3926795,-0.18746372,-0.13063912
TEST_05398,1.1117318,0.012946277,-0.23437265
TEST_05399,2.7246187,1.2196656,-0.528564
TEST_05400,2.4653025,-0.4610161,0.59832674
TEST_05401,2.2225792,0.6523467,0.22862805
TEST_05402,2.0395124,0.44725737,-0.11733146
TEST_05403,1.2996393,0.6822527,0.21241659
TEST_05404,1.8748772,-0.37173456,0.22454713
TEST_05405,1.0290812,-0.027743407,0.12991124
TEST_05406,4.22589,0.61620533,1.1435711
TEST_05407,3.823512,0.63809496,0.46892884
TEST_05408,3.163851,1.22178,1.3319976
TEST_05409,2.9870949,0.46443507,0.17054793
TEST_05410,2.643028,-0.26217958,-0.21329692
TEST_05411,3.214531,0.27034697,0.11797592
TEST_05412,1.9509137,1.1700593,-0.7371914
TEST_05413,2.4004736,-0.21752867,-0.03980722
TEST_05414,2.242387,0.7322342,-0.89456
TEST_05415,3.0325,-0.11603557,0.039051138
TEST_05416,2.1300516,0.18467645,0.89608794
TEST_05417,2.7165883,-1.4441842,0.56022704
TEST_05418,1.945958,-1.5473177,-0.8528235
TEST_05419,1.5230194,-0.54331136,0.10085297
TEST_05420,1.6925313,0.0404803,0.038596008
TEST_05421,2.2894661,0.14844602,-0.88517433
TEST_05422,1.1655993,-0.0907434,0.11289045
TEST_05423,3.0784996,-0.529885,-0.69835055
TEST_05424,3.144889,-0.07426794,0.110215664
TEST_05425,4.8897843,-0.38958737,1.1271237
TEST_05426,2.6866462,0.3253929,0.100841574
TEST_05427,2.582335,0.10742081,0.7214703
TEST_05428,1.7823958,0.5354534,0.056619167
TEST_05429,3.4355595,-1.305448,0.84719044
TEST_05430,2.2396002,0.1984633,-0.5087395
TEST_05431,1.1681597,0.011401244,0.08385254
TEST_05432,2.3807352,-0.7966217,1.2381332
TEST_05433,2.5871503,0.22063878,0.55108577
TEST_05434,2.999376,-0.3077838,0.09142871
TEST_05435,1.9148017,-0.5908794,-0.112532206
TEST_05436,4.5934978,0.37601012,0.7836016
TEST_05437,3.447333,0.1302363,1.0188136
TEST_05438,3.9663866,-1.3732104,-0.1474095
TEST_05439,4.6681914,-1.2803441,2.4304826
TEST_05440,1.8124491,-0.659942,-0.2476554
TEST_05441,2.655254,0.95288455,0.61293375
TEST_05442,3.0252798,-0.71289665,0.32918587
TEST_05443,2.8862035,1.1466225,-1.3751353
TEST_05444,3.2982633,-0.7708366,0.7488764
TEST_05445,2.6853285,0.5072398,-0.016791832
TEST_05446,1.8268961,0.6220704,0.37578908
TEST_05447,4.29966,1.2359262,1.2100577
TEST_05448,3.0258825,0.48427284,1.1689004
TEST_05449,3.2072823,0.14321,0.5285292
TEST_05450,3.2393987,0.2057118,-0.12125206
TEST_05451,1.8452603,-0.396351,0.55737233
TEST_05452,4.5747113,-0.73447514,0.9742702
TEST_05453,1.5319328,-0.22655813,0.19607471
TEST_05454,3.443612,-1.1072919,1.1376748
TEST_05455,2.8724322,0.46267918,0.487435
TEST_05456,3.0412934,-0.17626573,0.5707367
TEST_05457,3.5566854,-1.5101527,0.8172485
TEST_05458,3.164501,-0.7110964,0.4958769
TEST_05459,3.5480635,-0.90507907,-1.1105843
TEST_05460,3.2031212,-0.501838,-0.38172868
TEST_05461,1.2349639,-0.49907672,-0.42218095
TEST_05462,1.7212969,0.53403926,-0.57331294
TEST_05463,2.034309,-0.20999983,0.6996228
TEST_05464,3.1182182,0.0060448265,-0.49550444
TEST_05465,2.2783546,-0.7433714,0.17922671
TEST_05466,2.752453,-0.008725254,-0.12980707
TEST_05467,2.5504165,-0.60496414,0.965813
TEST_05468,3.1585126,0.3557323,-0.028082082
TEST_05469,3.607404,-0.2942309,0.12840961
TEST_05470,0.91586035,-0.2979357,0.18714097
TEST_05471,2.6670196,-0.61347467,0.11141727
TEST_05472,1.9849962,-0.84494454,0.07282934
TEST_05473,2.7998314,-0.3672565,0.1468685
TEST_05474,2.8871882,0.54613894,-0.48626617
TEST_05475,1.3934429,0.29681805,0.3361951
TEST_05476,4.4317117,-1.1185595,0.6664508
TEST_05477,3.0384839,-1.7228216,0.42741075
TEST_05478,3.4467733,-1.2776612,0.015543749
TEST_05479,6.1151166,-0.13750082,0.36363935
TEST_05480,1.2479999,0.2362733,0.12485824
TEST_05481,4.299997,0.17943256,0.41678664
TEST_05482,4.1947894,1.2474678,0.5914758
TEST_05483,1.990702,1.2955798,-0.6028502
TEST_05484,2.4860787,0.06913285,0.358292
TEST_05485,3.0556576,0.6072195,-0.038238432
TEST_05486,4.4315042,0.03148521,0.26958492
TEST_05487,4.9060907,1.3367302,0.31600046
TEST_05488,2.236934,1.0496157,0.8514655
TEST_05489,1.971604,-0.11353104,0.22775583
TEST_05490,2.1765404,0.110848114,0.367336
TEST_05491,3.4712477,0.027132729,-0.25222233
TEST_05492,3.7906907,0.91345626,-0.061177842
TEST_05493,1.5067525,-0.64358115,-0.39588273
TEST_05494,2.1427505,1.5813713,-0.3297687
TEST_05495,2.9646823,0.059635937,0.20270212
TEST_05496,1.5746272,0.13114628,0.8719478
TEST_05497,1.7017561,-0.11740144,0.66318965
TEST_05498,2.9680955,0.3548566,0.2628927
TEST_05499,3.4971194,0.42569837,0.72697544
TEST_05500,1.3899236,-0.44183078,0.060452964
TEST_05501,2.956692,0.47069424,0.2993475
TEST_05502,2.2849426,0.48046562,0.65816987
TEST_05503,3.389112,-0.8084459,0.40983412
TEST_05504,3.5603368,-0.5479806,0.165682
TEST_05505,4.5254407,-0.4100314,0.53812444
TEST_05506,3.184494,-0.50917053,0.08421288
TEST_05507,1.5424459,0.1602625,0.3645828
TEST_05508,2.5661552,0.38620389,-0.3861197
TEST_05509,3.4365377,-0.86940455,-0.02241671
TEST_05510,3.9781501,-0.10010877,0.82424164
TEST_05511,1.3891368,-0.50608945,0.34695956
TEST_05512,1.235142,0.25401285,0.00715171
TEST_05513,2.655369,-0.6026197,0.6317677
TEST_05514,2.2955148,0.41425234,-0.08430459
TEST_05515,2.1509373,0.13582553,0.039211288
TEST_05516,4.8447714,0.9863426,0.7318153
TEST_05517,2.3584845,0.89500993,-0.19247669
TEST_05518,2.5760543,0.16443998,0.7052832
TEST_05519,2.7759662,1.5819577,0.13117482
TEST_05520,1.4994584,-0.623905,-0.29456934
TEST_05521,3.0773864,2.1635408,0.12858595
TEST_05522,1.2387562,0.044220474,-0.5426054
TEST_05523,3.696377,-1.107271,-0.735013
TEST_05524,1.4398173,0.34095296,0.27313176
TEST_05525,3.0670466,-0.22261976,0.4969942
TEST_05526,1.5466392,0.21465598,-0.39725214
TEST_05527,4.196962,-0.15833893,0.6896612
TEST_05528,2.2068934,0.52491933,-0.095512666
TEST_05529,3.2859504,-0.16969319,0.26450565
TEST_05530,1.638194,0.10225773,0.2392278
TEST_05531,3.1066635,0.38806847,-0.85523874
TEST_05532,1.2510372,0.32167536,0.4522654
TEST_05533,2.2518418,-0.13485841,0.30503625
TEST_05534,2.0711968,-1.0622426,-0.010313818
TEST_05535,3.281018,-1.0402904,0.6034661
TEST_05536,2.7277634,-1.5356418,-0.65007234
TEST_05537,1.5613304,-0.27678654,0.27271736
TEST_05538,4.836314,0.54188794,1.7397884
TEST_05539,2.740386,1.3553402,-0.7690745
TEST_05540,1.9659235,-0.108941175,-0.27662495
TEST_05541,3.65934,0.31052244,0.9812281
TEST_05542,1.7733728,0.44902164,-0.0087640975
TEST_05543,3.0689704,-0.0049778344,0.35997316
TEST_05544,1.0551671,0.2223615,-0.046174083
TEST_05545,5.8271146,-1.6174834,0.36049742
TEST_05546,1.5685626,0.77024776,0.036395703
TEST_05547,3.8103724,0.03697902,-0.025982242
TEST_05548,2.7046733,-0.006746432,0.059087906
TEST_05549,2.5162916,1.044822,0.19368412
TEST_05550,1.9689671,0.75910753,0.4677863
TEST_05551,1.8064897,0.1447746,-0.34452385
TEST_05552,2.2269793,-1.1410512,-0.49515316
TEST_05553,3.070014,1.180164,0.121551655
TEST_05554,3.5351508,0.5278451,0.014757525
TEST_05555,1.6773858,-0.44168094,-0.21855828
TEST_05556,3.883724,0.68879825,1.1986582
TEST_05557,2.4935253,1.3801417,-0.19074963
TEST_05558,3.3007934,0.69277936,-0.5955079
TEST_05559,5.029569,-1.4332206,1.6524155
TEST_05560,2.2009878,-0.74464077,0.06882299
TEST_05561,4.3425393,1.7029268,1.1607075
TEST_05562,3.8623185,-0.09019807,-0.047843106
TEST_05563,3.3204677,2.1119494,-1.320739
TEST_05564,2.499813,-0.6297956,0.030798448
TEST_05565,2.232243,0.7845513,-0.7272279
TEST_05566,2.9877799,0.2549966,0.15588337
TEST_05567,4.482101,0.6275588,1.1961112
TEST_05568,5.332024,-1.4977328,0.00906544
TEST_05569,2.2175038,0.53499514,0.2351928
TEST_05570,2.4557142,-0.2017527,-0.7396085
TEST_05571,3.6225536,-0.26245973,-0.43533966
TEST_05572,4.3582487,-0.93903023,0.7865787
TEST_05573,1.2469329,-0.22224294,0.13443881
TEST_05574,2.9682105,-0.05277108,0.642733
TEST_05575,2.104332,-0.75655365,0.30489513
TEST_05576,1.7618283,-0.668569,-0.61848235
TEST_05577,2.5136669,0.7476986,1.0538415
TEST_05578,4.6742754,-0.83844906,-0.807126
TEST_05579,2.5014806,0.6537267,0.20034774
TEST_05580,3.218582,-0.25274602,0.390971
TEST_05581,3.033954,-0.062453344,0.122137755
TEST_05582,2.1970847,-0.73705286,0.76993966
TEST_05583,2.168229,0.03826435,-0.30064425
TEST_05584,1.6216063,-0.18902324,-0.38954267
TEST_05585,3.505704,0.09550733,1.3389735
TEST_05586,1.5353223,0.51423335,-0.27978262
TEST_05587,1.8223629,0.6339184,-0.32262504
TEST_05588,2.5461385,-0.00013157821,-0.12931405
TEST_05589,2.9203262,-0.83394754,0.15514594
TEST_05590,3.5702164,0.6165169,0.40995252
TEST_05591,2.4143436,0.60358465,0.42490292
TEST_05592,1.7185817,1.148543,-0.03657737
TEST_05593,2.6717546,0.44209293,0.07286776
TEST_05594,2.3235006,0.36026815,0.019994382
TEST_05595,1.7621181,0.60249203,-0.3244969
TEST_05596,1.7530044,-0.991165,0.52443063
TEST_05597,2.009416,-0.86484027,0.28589883
TEST_05598,1.6842151,-0.11488529,0.5227267
TEST_05599,4.645265,-0.8323285,0.27771008
TEST_05600,4.5965524,0.6726484,-0.6178054
TEST_05601,4.634088,1.7652924,-0.6872081
TEST_05602,3.746562,0.36265248,-0.46738634
TEST_05603,1.4490353,0.82776505,0.090940066
TEST_05604,2.3731031,-0.41475937,0.8821347
TEST_05605,2.1112661,0.6328444,0.065133244
TEST_05606,4.37003,0.7022642,1.0482545
TEST_05607,1.8818547,-0.26236266,0.35745504
TEST_05608,1.1578963,0.5054003,0.23353097
TEST_05609,3.3554327,0.31605262,0.22280961
TEST_05610,1.4369284,0.21057998,-0.40657136
TEST_05611,3.3686945,-0.49974316,0.1525261
TEST_05612,2.2402632,-1.2963523,0.88485396
TEST_05613,3.2373807,0.27374518,0.44373184
TEST_05614,1.1303502,0.78817284,-0.5657629
TEST_05615,2.2057076,-0.69057333,0.42418092
TEST_05616,1.3825492,-0.47454187,0.45484748
TEST_05617,4.359726,2.0808554,-0.57279265
TEST_05618,3.7908804,0.5757624,-0.4335445
TEST_05619,1.1905847,-0.66968334,0.119532906
TEST_05620,3.3380818,-0.33983415,0.83090675
TEST_05621,2.1295428,-0.059404347,0.6867632
TEST_05622,1.9633527,0.048689935,0.43833008
TEST_05623,1.5686929,0.59476924,0.1286894
TEST_05624,3.9608278,0.21119277,-0.11018483
TEST_05625,4.4699526,0.009296932,0.5177633
TEST_05626,2.3832898,-0.44084617,0.4121537
TEST_05627,1.5791649,0.43585226,0.14850885
TEST_05628,2.740531,-0.53462124,0.24729167
TEST_05629,3.9078887,-1.1028804,-0.7021925
TEST_05630,2.809318,0.28685647,0.07351849
TEST_05631,2.2433486,-0.77844393,0.42418492
TEST_05632,2.368769,1.5994503,0.01118922
TEST_05633,3.6630416,1.0208856,1.4841201
TEST_05634,1.4200999,-0.05461122,-0.02849981
TEST_05635,1.6684799,0.17558911,0.116363876
TEST_05636,3.417559,1.4153411,0.94685656
TEST_05637,3.3181996,-1.3232085,-0.7590752
TEST_05638,1.0737586,-0.26504117,0.33753702
TEST_05639,3.218674,1.6272311,0.5045835
TEST_05640,3.4343338,-0.4735281,0.9258442
TEST_05641,3.3860457,1.1395458,0.51388896
TEST_05642,1.3146969,-0.1629018,-0.17438698
TEST_05643,4.1759386,-1.2104734,0.6182388
TEST_05644,2.352691,0.8114871,0.39235556
TEST_05645,1.5461513,-0.012157055,0.0049824608
TEST_05646,4.241227,1.4213098,-0.54181206
TEST_05647,2.681259,1.0024889,-0.037986003
TEST_05648,1.1553848,0.65855485,0.5194882
TEST_05649,1.9307401,0.7208118,-0.09527147
TEST_05650,2.2002406,0.0050327135,-0.3656213
TEST_05651,1.1277809,0.14523672,-0.16783248
TEST_05652,2.5779126,-0.026444187,0.14880784
TEST_05653,2.9234533,-0.27045017,0.287555
TEST_05654,2.5025034,0.7694795,0.9872871
TEST_05655,1.7426031,0.4767757,-0.42696336
TEST_05656,1.9682822,0.61493915,0.79014796
TEST_05657,3.0331242,-0.10677313,0.7842174
TEST_05658,4.650648,0.868912,0.9345893
TEST_05659,3.6802926,1.1268989,0.59689415
TEST_05660,2.1624668,0.20301093,-0.37899658
TEST_05661,3.030287,-0.30869257,1.5246773
TEST_05662,1.6341046,0.19164777,0.28916514
TEST_05663,3.4879804,0.5778398,-0.37222126
TEST_05664,3.12175,-0.2227476,0.27227938
TEST_05665,5.5566745,-1.891561,-0.6501134
TEST_05666,2.9524243,-0.5427397,0.6714426
TEST_05667,3.6111906,0.3067393,-0.23982283
TEST_05668,1.832145,0.38008797,-0.40912506
TEST_05669,3.1352034,-1.8703289,-1.1113172
TEST_05670,3.5751555,1.2943969,0.78142077
TEST_05671,1.1777371,0.17710547,0.10821102
TEST_05672,2.637851,0.5785412,0.45717943
TEST_05673,1.6058084,-0.13414444,-0.0066716215
TEST_05674,3.5597801,0.73086965,0.09776952
TEST_05675,1.9647766,0.9303893,-0.6121351
TEST_05676,4.484604,-2.2442904,1.4730681
TEST_05677,3.2815096,0.5914636,0.6612442
TEST_05678,0.965012,0.3526403,0.35610598
TEST_05679,4.87974,0.43413436,1.5051214
TEST_05680,3.0171678,-0.17958179,-0.25431058
TEST_05681,4.0251265,1.6605095,-0.55289155
TEST_05682,2.1973395,-0.59316033,-0.5072963
TEST_05683,2.4893248,-0.4842021,-0.00614918
TEST_05684,2.7895496,0.20147112,0.7552644
TEST_05685,2.2408535,-0.12697153,0.80128485
TEST_05686,3.1002924,-0.66412395,-0.46876612
TEST_05687,3.6440122,0.7793223,-0.5667395
TEST_05688,1.1032993,-0.51131666,0.05031016
TEST_05689,3.36311,0.20487347,0.18845218
TEST_05690,3.2247381,0.5558256,0.29858208
TEST_05691,2.350529,0.07830766,-0.82686216
TEST_05692,1.3431737,0.68283576,-0.014549887
TEST_05693,2.5513937,0.106736414,-0.21945189
TEST_05694,1.9033853,0.6341168,0.19610783
TEST_05695,2.3645005,-0.2515983,-0.5646277
TEST_05696,3.2092693,-0.4468084,0.45551392
TEST_05697,3.019355,-1.1952319,0.4346519
TEST_05698,2.8915367,0.3196141,-1.1113583
TEST_05699,3.997287,1.5448812,-1.2546613
TEST_05700,2.72976,-0.21197414,0.19866279
TEST_05701,2.9005933,0.09102126,-0.9704647
TEST_05702,1.6597714,-0.11585002,0.36530167
TEST_05703,3.6666284,-0.07548308,0.41442844
TEST_05704,2.7025673,0.29687157,0.045855667
TEST_05705,1.3943155,0.28447133,0.6155976
TEST_05706,2.0549977,0.5540602,0.5240797
TEST_05707,1.2949468,0.05806725,0.44414836
TEST_05708,2.9888246,-0.22915818,0.57049024
TEST_05709,1.9528549,1.0958647,-0.27766615
TEST_05710,2.0879724,-0.8322386,-0.7672815
TEST_05711,2.2916884,0.5898478,0.43284985
TEST_05712,1.3860996,0.39777014,-0.41322774
TEST_05713,1.8515271,-0.008995908,-0.4586237
TEST_05714,3.4144316,-0.5748126,1.2451173
TEST_05715,1.461956,-0.34818757,0.23198764
TEST_05716,1.7570376,0.19585615,0.08120398
TEST_05717,1.8459961,0.7197729,-0.48434868
TEST_05718,2.004306,-0.08947436,0.83757037
TEST_05719,4.856914,0.7062934,0.65251863
TEST_05720,1.4924959,-0.5059441,-0.13505219
TEST_05721,1.7592218,0.27894127,-0.44689992
TEST_05722,4.077311,0.38567653,-0.6875909
TEST_05723,3.2929566,-1.6290072,0.4489586
TEST_05724,1.8233192,-0.27857104,0.2964649
TEST_05725,1.8807969,-0.49142033,0.1607037
TEST_05726,1.6875942,-0.2896757,0.09890687
TEST_05727,2.083607,-0.8044869,-0.018640226
TEST_05728,6.1215067,1.7110296,-0.37984562
TEST_05729,1.096683,-0.346495,0.054121874
TEST_05730,1.4102033,0.33127823,0.1113546
TEST_05731,2.221218,0.2677731,0.031136971
TEST_05732,4.512549,-0.6681012,0.94215834
TEST_05733,1.4909934,0.2963461,0.10655412
TEST_05734,1.4332234,-0.29332533,0.3154481
TEST_05735,2.0023792,-0.9893521,0.010136227
TEST_05736,2.495557,0.79176676,0.059797272
TEST_05737,2.1656747,0.2094108,0.044679746
TEST_05738,2.328305,1.1808885,-1.0626216
TEST_05739,0.78184724,-0.39193392,-0.07297298
TEST_05740,2.2183309,0.43054757,-0.83398914
TEST_05741,3.1898527,-0.26524293,0.06477275
TEST_05742,1.3052313,0.19113116,-0.1960626
TEST_05743,1.6856302,-1.016741,0.68597335
TEST_05744,2.024439,0.06393066,-0.16075213
TEST_05745,2.0149596,0.522012,-0.8444777
TEST_05746,2.5563405,0.07522448,0.024746997
TEST_05747,1.9658711,-0.5596167,0.5949954
TEST_05748,1.9587994,0.71356493,-0.09767078
TEST_05749,3.9410968,-0.68592566,-0.96965975
TEST_05750,1.1661519,0.6525508,0.13582663
TEST_05751,1.7059277,-0.122409105,0.037837137
TEST_05752,1.9667369,0.86116445,-0.42123282
TEST_05753,2.1424022,-0.14814124,0.5644988
TEST_05754,0.9554961,-0.3162181,-0.010331285
TEST_05755,1.3697026,-0.31752726,-0.116668835
TEST_05756,2.0677602,-0.44142056,0.6174526
TEST_05757,1.5495529,-0.0492236,0.14000584
TEST_05758,3.2285929,-1.2529883,0.31520876
TEST_05759,3.2961478,-0.6637361,0.80242646
TEST_05760,2.2020423,0.9619453,0.21502772
TEST_05761,2.8801992,-0.14652917,0.14763957
TEST_05762,3.6716063,-1.5394334,1.3161596
TEST_05763,3.7706985,-1.4010307,1.0502981
TEST_05764,2.147367,0.17505853,-0.46508753
TEST_05765,1.4922816,0.30092087,-0.33114988
TEST_05766,1.5528413,0.011111655,-0.26371747
TEST_05767,4.4843717,-0.707856,-0.59908545
TEST_05768,2.3681495,1.0292282,0.05667835
TEST_05769,3.0456278,0.1349067,0.24476917
TEST_05770,2.6945462,-0.32234094,0.06794185
TEST_05771,3.6617506,0.04956208,-0.011167773
TEST_05772,2.4071174,0.82215637,0.47586533
TEST_05773,1.564272,0.2727781,-0.26242357
TEST_05774,1.1653422,0.3239825,-0.10363208
TEST_05775,2.136055,0.41057047,0.06707952
TEST_05776,1.0125911,0.3788397,0.5408427
TEST_05777,1.1218339,0.17103954,0.08798792
TEST_05778,4.559663,1.5664545,1.3798279
TEST_05779,1.0665313,-0.5762793,0.14890075
TEST_05780,2.045081,0.22778912,-0.4304787
TEST_05781,2.3803582,-0.356689,-0.9710354
TEST_05782,1.349269,0.022038996,0.055878904
TEST_05783,3.9281943,-0.008454049,-0.43618503
TEST_05784,1.391339,-0.2833077,0.26239467
TEST_05785,4.22698,1.606791,1.1903782
TEST_05786,3.0112603,-0.18642716,-0.41343406
TEST_05787,3.4594996,0.6904219,0.14873447
TEST_05788,2.4285934,0.7047522,0.215367
TEST_05789,0.73372775,-0.0056509566,0.17167689
TEST_05790,3.641061,0.1734044,0.68291533
TEST_05791,3.00596,0.54256666,-0.48998594
TEST_05792,2.7096922,-1.1237065,-1.098477
TEST_05793,3.1166184,0.17515211,0.96598613
TEST_05794,3.1350822,0.27751315,-0.3716429
TEST_05795,0.95861304,0.4654581,-0.06920756
TEST_05796,3.8476033,-0.46648696,0.2497719
TEST_05797,2.569299,0.8692504,0.16190721
TEST_05798,3.207752,-0.9471757,0.9028772
TEST_05799,2.7560623,-0.7094898,0.8277344
TEST_05800,2.7597053,1.3508289,0.5374517
TEST_05801,3.8973567,-0.63435835,0.16910324
TEST_05802,4.480905,-0.98940456,0.018503793
TEST_05803,3.3618426,0.5498685,0.091575064
TEST_05804,2.3499484,-0.25597534,0.80034167
TEST_05805,1.6404902,0.95713484,-0.512289
TEST_05806,2.5748587,0.26647952,0.31520742
TEST_05807,3.3008544,-0.5050711,0.53071845
TEST_05808,1.8343185,0.5376937,0.899071
TEST_05809,4.581292,0.5677777,-1.1092759
TEST_05810,2.4164543,0.6004721,0.07800656
TEST_05811,4.21454,-0.24420875,0.53509367
TEST_05812,2.6949565,0.80454004,-0.8639718
TEST_05813,0.9278375,0.29523075,-0.098382816
TEST_05814,1.3934954,0.022838784,-0.36613777
TEST_05815,1.502607,-0.7250995,0.40964797
TEST_05816,2.9912162,-0.48473164,-0.47381833
TEST_05817,1.4522756,0.5468033,0.10482327
TEST_05818,1.9060816,-0.13640374,-0.92853266
TEST_05819,4.544183,-0.7994625,0.41095406
TEST_05820,1.0052253,0.04420564,-0.12885313
TEST_05821,1.8291199,0.5985424,0.067824766
TEST_05822,1.4626983,-0.04510097,0.028555132
TEST_05823,1.2838079,-0.07188323,-0.23424865
TEST_05824,3.2953823,0.00395224,-0.20861048
TEST_05825,2.2025182,-1.135198,0.8351553
TEST_05826,1.3137892,0.061878167,0.0710218
TEST_05827,4.039781,-0.1411669,-0.48029628
TEST_05828,2.2493396,0.1295248,0.31174585
TEST_05829,1.2080051,-0.21060602,0.40599784
TEST_05830,1.2070662,0.13298959,0.42667723
TEST_05831,1.2890952,-0.088949926,0.2451363
TEST_05832,1.9665549,0.402644,0.26977628
TEST_05833,1.8743856,0.7275527,0.51503575
TEST_05834,3.4489102,0.2892496,-0.9013514
TEST_05835,0.93334967,-0.3985263,-0.2040881
TEST_05836,2.9483438,-1.4223571,-0.57953644
TEST_05837,3.81118,-1.9550952,0.16570908
TEST_05838,0.89061946,0.4763571,-0.043015286
TEST_05839,3.044173,0.8386849,-1.0957636
TEST_05840,2.6857185,2.0686235,1.0756413
TEST_05841,4.2740703,-1.1981053,0.97283924
TEST_05842,2.0717256,0.97067654,-0.8835554
TEST_05843,3.1865957,-1.0125976,0.50874674
TEST_05844,2.3496392,-0.33491322,-0.14090389
TEST_05845,1.6517485,-0.7136417,-0.24329096
TEST_05846,4.330266,-0.38109797,0.5200704
TEST_05847,3.421085,-0.2306399,-0.23626406
TEST_05848,4.3370776,-1.5124574,0.7708679
TEST_05849,1.5066503,0.023190852,0.108800046
TEST_05850,2.584551,0.2999222,0.06077715
TEST_05851,3.5381944,0.47447178,0.64359653
TEST_05852,3.272517,0.321008,-1.1461464
TEST_05853,1.0404642,0.040429626,0.16092668
TEST_05854,1.7118537,1.0503007,-0.09929157
TEST_05855,3.0445094,-0.83803076,1.13032
TEST_05856,2.7737365,-0.6830323,0.13899904
TEST_05857,2.2740736,0.8024208,0.43783265
TEST_05858,3.6754494,1.5837941,-0.22158794
TEST_05859,2.2643216,-1.3140043,-0.58190155
TEST_05860,1.122748,0.16386254,0.29808876
TEST_05861,3.111196,-0.17896058,0.12191984
TEST_05862,2.2070887,-0.040150516,0.036719404
TEST_05863,3.7414634,-0.60177207,-0.80480707
TEST_05864,3.0240593,0.0065756743,0.068758056
TEST_05865,1.5137645,-0.11829681,0.737101
TEST_05866,1.52959,0.5921662,-0.38042933
TEST_05867,3.5694435,0.10455051,-0.052574255
TEST_05868,1.5627028,0.04620074,-0.0019425381
TEST_05869,1.3148162,0.29589975,-0.6144377
TEST_05870,1.5343626,-1.1190183,-0.11962266
TEST_05871,2.0152907,-0.70996183,-0.0439787
TEST_05872,3.1219885,1.4165549,1.1438005
TEST_05873,2.8717537,1.6059098,-0.7870035
TEST_05874,2.6812007,0.6506462,0.69259673
TEST_05875,1.2216085,0.22516258,-0.0032260881
TEST_05876,2.4081128,-0.65405047,0.2714117
TEST_05877,2.9189646,0.47078976,0.60948205
TEST_05878,2.2482467,0.21652508,0.403992
TEST_05879,3.9087996,-0.2795891,0.6420429
TEST_05880,3.743448,-0.05882338,0.068426035
TEST_05881,2.890701,0.9019309,-0.42211553
TEST_05882,1.5002849,-0.061447408,-0.13313438
TEST_05883,2.5069628,-1.4448994,1.06369
TEST_05884,3.0616915,-0.5543681,1.3942447
TEST_05885,1.7104659,-0.17219669,-0.18511143
TEST_05886,4.9890976,0.50522333,0.51792836
TEST_05887,4.2153115,-1.1694691,0.11856769
TEST_05888,2.2370005,0.48897922,0.4872534
TEST_05889,2.781205,0.13970782,0.48524258
TEST_05890,3.2002704,0.2799084,-0.1815531
TEST_05891,1.8770901,0.19932175,0.036786236
TEST_05892,4.5005856,0.26914108,0.61345315
TEST_05893,2.7454033,0.6246447,-0.28950304
TEST_05894,2.5242994,-0.55788827,-1.0109245
TEST_05895,1.4029067,0.34309492,0.322315
TEST_05896,2.5943687,0.26636738,0.90157574
TEST_05897,2.1704118,0.38275436,-0.048323113
TEST_05898,5.4015975,-0.96676856,0.06843796
TEST_05899,3.5135012,1.1959506,-0.7489248
TEST_05900,2.0197515,-0.31320086,0.5109127
TEST_05901,1.5228387,0.29874676,-0.2550733
TEST_05902,2.0795324,-0.76775163,-0.13328062
TEST_05903,2.1586025,-1.0719925,-0.13429055
TEST_05904,1.1510088,-0.2079769,-0.07898446
TEST_05905,3.8256662,-0.18673499,1.7920549
TEST_05906,1.4500576,0.46826842,-0.48697254
TEST_05907,3.597329,0.1720219,-0.3714363
TEST_05908,2.729527,-0.75471944,0.37517977
TEST_05909,4.0947843,0.52154094,1.0522264
TEST_05910,3.1593945,0.27052096,-0.90215886
TEST_05911,1.7976973,-0.48634532,0.18792363
TEST_05912,2.4943907,-0.14149752,0.32923985
TEST_05913,3.1809196,-1.4294664,-0.2811275
TEST_05914,2.4768405,0.068960235,0.078954235
TEST_05915,1.595242,0.10347555,-0.2596532
TEST_05916,1.2751418,0.16760114,-0.17130351
TEST_05917,3.4906256,0.50768256,0.33786467
TEST_05918,1.6825378,-0.08258594,-0.3698479
TEST_05919,4.7680955,-0.94247186,1.1968786
TEST_05920,3.2855377,1.240952,0.8271857
TEST_05921,0.96331966,-0.6279546,0.23533678
TEST_05922,2.6638942,0.38989606,1.7566022
TEST_05923,1.2496867,0.26969787,-0.1225818
TEST_05924,3.1354744,0.7855908,-0.38460782
TEST_05925,1.0023507,-0.35682392,0.3282837
TEST_05926,2.0835774,0.4271006,-0.13203636
TEST_05927,2.9524844,0.61218184,-0.06068076
TEST_05928,3.712428,-1.778145,-0.01008313
TEST_05929,3.0376434,0.63350934,-0.14654896
TEST_05930,2.581816,-0.013944926,-0.19913167
TEST_05931,4.0423417,0.27170688,1.1181806
TEST_05932,3.3320749,-0.9597599,1.167605
TEST_05933,1.4530724,0.3343813,-0.21813846
TEST_05934,2.8237615,0.94344085,0.4028922
TEST_05935,2.4769309,0.24563743,-0.30960974
TEST_05936,2.9778583,0.44127244,0.5785387
TEST_05937,3.4084268,1.8526915,-0.15920076
TEST_05938,2.8890312,-0.811376,-0.87914544
TEST_05939,3.4749959,1.3727071,-0.050634623
TEST_05940,2.9970422,-0.84605414,-0.5453915
TEST_05941,2.9904773,0.19777507,0.4482588
TEST_05942,1.4004645,-0.5528868,0.1808676
TEST_05943,3.6177297,0.64015776,0.8991387
TEST_05944,1.496877,0.08461115,-0.14648588
TEST_05945,2.581021,0.48393863,0.05650672
TEST_05946,2.3453076,0.43926746,0.29010612
TEST_05947,2.368053,-0.399969,0.03201397
TEST_05948,1.9287006,-0.45442793,0.39720538
TEST_05949,4.1595592,-1.6004797,-0.16034497
TEST_05950,5.2817516,0.40233326,1.5446801
TEST_05951,2.5290544,0.7738375,0.6580568
TEST_05952,3.364805,1.5639019,1.016503
TEST_05953,3.31579,0.45966563,0.36056328
TEST_05954,2.5605896,-0.46768337,0.5815211
TEST_05955,1.6918061,-0.19804856,0.2621046
TEST_05956,3.9100668,-1.155624,0.3018623
TEST_05957,1.7588305,-0.24180898,0.26787806
TEST_05958,1.6888558,0.8557712,-0.65530264
TEST_05959,3.6895807,-0.79155695,-1.3095658
TEST_05960,4.5427,-1.3952051,1.2266295
TEST_05961,4.9798827,2.0269992,-0.68841237
TEST_05962,1.7061857,0.745595,0.24404211
TEST_05963,0.9658514,-0.4371165,0.28479582
TEST_05964,1.8983265,0.6682409,-0.02715487
TEST_05965,1.7550865,-0.57900625,-0.0057885977
TEST_05966,2.5434299,0.20707978,-0.97141445
TEST_05967,3.66443,1.0770861,-0.57471365
TEST_05968,2.5233603,-0.45650238,-0.86338097
TEST_05969,2.6184893,0.036853362,0.18359607
TEST_05970,1.5676637,-0.1796721,0.22246766
TEST_05971,3.2192872,0.23505309,-0.64821595
TEST_05972,4.4340644,0.83039147,0.030601298
TEST_05973,1.7703418,-0.08227874,-0.05770239
TEST_05974,2.0643687,-0.8899265,0.79010814
TEST_05975,2.499176,0.15412317,-0.21420264
TEST_05976,2.9380493,0.9149753,-0.065793335
TEST_05977,1.6390617,0.8524772,0.23877917
TEST_05978,1.5130196,-0.25218746,-0.8620651
TEST_05979,1.18203,0.01119475,-0.29217806
TEST_05980,2.459207,-0.11468172,1.024514
TEST_05981,3.3665366,-0.078767486,0.61701906
TEST_05982,1.7645084,0.17771205,0.29810926
TEST_05983,2.0511572,-0.8228513,0.6627233
TEST_05984,3.2704592,-0.41239586,0.7470582
TEST_05985,2.5365489,0.6298592,1.4170935
TEST_05986,2.0648892,-0.42497036,0.8725509
TEST_05987,2.3511207,0.16677865,-0.39062712
TEST_05988,1.9993541,0.6157724,0.19859754
TEST_05989,4.22577,-0.9239942,0.281817
TEST_05990,4.7714667,-0.38488305,0.33305332
TEST_05991,2.4465573,-0.37308553,-0.49609306
TEST_05992,2.3721895,-0.9883864,-0.22972782
TEST_05993,3.4038215,1.6681535,-0.8893389
TEST_05994,2.3521578,0.25029823,-0.031266633
TEST_05995,2.2110841,-0.7942614,-0.27591312
TEST_05996,4.1849184,2.137236,-0.54557765
TEST_05997,3.3590455,-0.68071765,0.98633796
TEST_05998,2.0458586,0.9917491,-0.27092895
TEST_05999,4.825353,-0.015781082,0.45323402
TEST_06000,2.8916974,0.16422562,0.3519637
TEST_06001,1.7663343,1.2066958,0.26506937
TEST_06002,3.4674861,-0.53719825,1.2504728
TEST_06003,0.7870884,-0.30196783,0.2360712
TEST_06004,3.4516275,0.8620472,-0.20087723
TEST_06005,2.6183124,-0.77975,-0.9618289
TEST_06006,4.2870393,-0.6576827,0.018809766
TEST_06007,2.52602,0.16013144,-0.6172146
TEST_06008,1.5727661,-1.0736746,-0.2902154
TEST_06009,1.7613661,-0.14056097,0.26367623
TEST_06010,1.7864938,-0.2104573,0.043766316
TEST_06011,3.1565065,0.17548665,-0.62402374
TEST_06012,3.2435505,-1.7005591,-0.39959624
TEST_06013,2.8701837,-0.07972104,0.3125466
TEST_06014,1.7362767,0.55994153,0.06789234
TEST_06015,1.8560046,0.33972344,0.5509046
TEST_06016,2.1378207,0.560812,0.2242003
TEST_06017,1.2576928,-0.15674087,-0.742054
TEST_06018,2.7648926,1.2174727,0.55419165
TEST_06019,4.6656528,0.17041908,1.2148266
TEST_06020,2.9472992,-0.07827923,-0.64329827
TEST_06021,3.3804452,-0.039981358,0.5885004
TEST_06022,1.649904,-0.08549658,0.25098148
TEST_06023,4.1023912,-0.11836933,-0.2518534
TEST_06024,3.358795,-0.36502457,-0.41188785
TEST_06025,3.441301,1.7603868,-0.32965952
TEST_06026,2.2218575,0.11223862,-0.40582335
TEST_06027,1.6283532,0.54838735,0.28110352
TEST_06028,2.0430179,0.7579912,0.19806631
TEST_06029,4.1644387,-0.74206126,-0.7629098
TEST_06030,3.235241,1.1469644,1.0833033
TEST_06031,1.4725215,0.13120352,-0.22707222
TEST_06032,2.7776077,0.40615475,-0.1287759
TEST_06033,3.7730017,-1.5200881,-0.23107706
TEST_06034,3.2543387,0.5954036,0.26607937
TEST_06035,1.0449517,-0.062862165,0.11138398
TEST_06036,3.9153702,-0.2642737,1.1833003
TEST_06037,3.455326,0.44168848,0.8866858
TEST_06038,2.4418457,-0.42464325,0.6248395
TEST_06039,3.7357094,-1.3440872,-0.41024527
TEST_06040,1.3813785,-0.78568625,0.4654257
TEST_06041,1.8597782,0.1783046,-0.29794502
TEST_06042,1.6086731,-0.2729133,0.13319546
TEST_06043,2.7871022,-1.0159215,0.22983669
TEST_06044,3.8012817,1.4478625,0.9026595
TEST_06045,1.9842091,-0.95409095,0.20642814
TEST_06046,3.0471148,0.20254889,-0.14884244
TEST_06047,3.4354808,-0.17608272,-0.06909423
TEST_06048,1.204083,0.24048044,0.43564692
TEST_06049,2.388164,0.38199478,-0.086842276
TEST_06050,3.333419,0.20770708,0.5733308
TEST_06051,4.2567124,0.14191142,-1.1989205
TEST_06052,4.796378,-0.16400652,0.25691578
TEST_06053,2.395143,0.05792998,-0.15265521
TEST_06054,1.6388075,-1.0689092,-0.14650759
TEST_06055,1.8029252,-0.2533719,-0.10392157
TEST_06056,2.0724177,0.6386975,0.375963
TEST_06057,1.0888705,0.49361455,0.46645063
TEST_06058,4.1096,-0.053171705,0.36827037
TEST_06059,2.3414035,-0.29991934,-0.4040719
TEST_06060,2.8821225,-0.09685295,0.16634504
TEST_06061,1.6128231,-0.13720809,0.09269385
TEST_06062,2.3122733,0.64225453,0.77126426
TEST_06063,3.4796724,-0.108744964,-0.33659688
TEST_06064,2.9848473,0.4487094,0.61960864
TEST_06065,3.5259607,-1.6461308,1.2719713
TEST_06066,3.5903156,-0.08139501,0.82940996
TEST_06067,2.6204612,-0.16085713,-0.26751718
TEST_06068,2.5226285,-0.4524228,-0.07478904
TEST_06069,4.2368817,0.5266936,-0.8202864
TEST_06070,2.8005338,-1.339814,0.29658112
TEST_06071,1.6901915,-0.5537492,-0.2191856
TEST_06072,2.3062024,-1.0126046,-0.08213352
TEST_06073,3.4634173,-2.138596,-0.6828185
TEST_06074,3.20351,-0.4844152,0.546503
TEST_06075,1.5529633,0.1845112,0.46286023
TEST_06076,2.9168024,0.8352018,-0.34212202
TEST_06077,1.7041702,-0.16551395,0.082218215
TEST_06078,1.9168565,-0.19894837,-0.42531845
TEST_06079,4.261225,1.7078494,1.5354899
TEST_06080,4.189594,-0.2708209,0.5037471
TEST_06081,3.7683837,2.2928014,1.366233
TEST_06082,2.6421216,-0.7576941,-0.58936715
TEST_06083,2.6705499,1.8594376,1.0034384
TEST_06084,2.5649123,-1.2351998,1.1051689
TEST_06085,1.6917803,-0.3028193,-0.35689178
TEST_06086,2.362221,1.1266805,0.58967966
TEST_06087,1.5725806,0.4721116,0.015105117
TEST_06088,4.6666017,-1.65385,1.2108796
TEST_06089,2.880918,0.23941974,0.21065369
TEST_06090,2.4831767,0.6560265,0.19802485
TEST_06091,2.366305,-0.09866073,-0.5952768
TEST_06092,3.9215877,1.1873022,-1.3548883
TEST_06093,1.1690955,-0.20428832,0.27144548
TEST_06094,3.525306,-0.6167832,1.1875333
TEST_06095,3.477719,0.8950276,0.29003376
TEST_06096,2.5135767,0.20248121,0.23920375
TEST_06097,2.726635,0.47487342,0.33177337
TEST_06098,4.384584,-1.5430565,-0.036719
TEST_06099,3.193992,1.3547729,1.2305318
TEST_06100,2.534893,-0.7445757,-0.39083976
TEST_06101,3.0312817,0.43083283,0.68738014
TEST_06102,2.2240922,0.45774904,-0.614319
TEST_06103,2.083015,0.6870741,-0.30208912
TEST_06104,4.180239,-0.054720044,1.0821818
TEST_06105,1.5891672,1.1329433,-0.62554365
TEST_06106,2.340036,-0.01096766,-0.807224
TEST_06107,4.227548,0.75096494,0.89358836
TEST_06108,2.1515112,-0.5684106,0.17458306
TEST_06109,2.4797156,-0.57332706,0.547191
TEST_06110,1.134069,0.4276123,-0.03468215
TEST_06111,2.5388458,-0.5767051,0.2931496
TEST_06112,2.9937522,1.3222324,1.0462029
TEST_06113,2.4543009,-0.12119449,0.59204894
TEST_06114,1.9216024,0.17117344,0.17550899
TEST_06115,2.330461,0.6132692,0.88920945
TEST_06116,3.902353,-0.63054824,0.98205435
TEST_06117,2.2483084,-1.0290056,-0.022308253
TEST_06118,2.626065,1.2011266,0.5050784
TEST_06119,5.840751,0.78438175,-0.477229
TEST_06120,3.1370752,-0.52284825,-1.1167586
TEST_06121,2.125376,1.2727163,-0.30906555
TEST_06122,1.8977573,0.9024886,-0.33948383
TEST_06123,2.5247083,-2.27329,0.21883708
TEST_06124,2.417107,0.38754454,0.86006075
TEST_06125,1.5973067,0.27727187,-0.20417047
TEST_06126,5.1766996,-0.08073236,0.111952
TEST_06127,2.0590034,0.5285431,-0.505985
TEST_06128,2.7557762,0.76729834,-1.018732
TEST_06129,3.228953,-0.17236152,0.16577396
TEST_06130,2.5725439,0.0021787833,-0.60543483
TEST_06131,4.3608007,0.33146384,-0.34026507
TEST_06132,4.776752,-0.15069717,1.7750027
TEST_06133,2.0588307,-0.43750194,0.53477365
TEST_06134,2.432204,-0.013710714,-1.073014
TEST_06135,2.6431174,-0.79938954,-0.1589425
TEST_06136,1.6226028,-1.124516,-0.32206047
TEST_06137,2.2155707,0.5447346,-0.72961307
TEST_06138,4.5618677,0.29901764,0.77441424
TEST_06139,2.947319,0.15224235,-0.874401
TEST_06140,2.6942956,-0.9010656,0.87299734
TEST_06141,3.0486314,-0.17968391,-0.6182155
TEST_06142,2.201262,0.94030213,-0.6690731
TEST_06143,1.4421501,-0.37788132,0.37041366
TEST_06144,1.6984323,-0.6575171,0.051512573
TEST_06145,3.7406883,-0.6677069,0.642249
TEST_06146,2.1354146,-0.18497826,0.14622284
TEST_06147,3.4479957,-0.3939729,-0.6794562
TEST_06148,2.5282066,-0.55857885,0.66558236
TEST_06149,2.3100004,1.1840079,1.3983072
TEST_06150,4.2647586,-1.5701183,1.683075
TEST_06151,2.8664052,-1.326136,0.37457958
TEST_06152,1.1832416,0.48066023,-0.036149725
TEST_06153,2.6863453,0.1821563,0.78533375
TEST_06154,3.048179,-0.38449696,1.3050739
TEST_06155,2.1122897,-0.08226086,0.022033714
TEST_06156,2.237396,1.2339169,-0.49507007
TEST_06157,3.5014837,-2.22966,-0.8699586
TEST_06158,2.6028776,1.717908,-1.0221221
TEST_06159,0.992698,0.45959193,0.122039154
TEST_06160,2.9107933,-1.6472859,-1.2776642
TEST_06161,1.4383819,-0.50427157,-0.16671318
TEST_06162,1.4391066,-1.2427448,-0.29374495
TEST_06163,2.499089,-0.4821737,0.0068967286
TEST_06164,3.2684202,1.4976732,1.7206749
TEST_06165,1.3000901,0.19815415,-0.057833087
TEST_06166,1.8827851,-0.3207026,-0.13192534
TEST_06167,4.473212,0.10411283,0.0066392217
TEST_06168,2.5169382,-1.2218051,0.75586855
TEST_06169,2.7449381,-0.37326774,0.06463432
TEST_06170,1.6016272,-0.39323238,0.23035607
TEST_06171,2.7774074,-0.13713026,-0.20879772
TEST_06172,3.2879775,-1.1224021,1.0928726
TEST_06173,2.2933,0.5353793,0.33298895
TEST_06174,1.6287166,0.015070337,-0.51187676
TEST_06175,1.7978953,-0.33888072,0.17229684
TEST_06176,2.4113657,-0.9246853,-0.83423835
TEST_06177,3.1037805,-0.53406125,0.8585044
TEST_06178,2.56455,0.967032,1.2304115
TEST_06179,0.9713828,0.21419035,-0.26787123
TEST_06180,1.4763983,-0.15515183,-0.10366486
TEST_06181,2.818639,-0.2684902,-0.6421214
TEST_06182,1.950882,0.22990179,0.08037
TEST_06183,1.35169,0.15285867,-0.006334552
TEST_06184,1.2244298,-0.24311443,-0.13289613
TEST_06185,4.0236936,-0.96753603,0.29097837
TEST_06186,2.6761084,-0.13725996,0.03379688
TEST_06187,3.5979152,0.840829,0.86045015
TEST_06188,2.9037538,-0.4493722,0.078111224
TEST_06189,4.918037,-0.55360466,0.87830645
TEST_06190,3.0083778,1.6586926,1.3185848
TEST_06191,1.8482951,-0.93572426,-0.40733013
TEST_06192,3.3861969,0.0066818413,0.4954096
TEST_06193,2.5544298,0.2675322,0.09510798
TEST_06194,2.6157925,0.049993217,0.49387914
TEST_06195,0.8113126,-0.12802562,0.00792159
TEST_06196,2.9078848,-1.6114079,0.13561916
TEST_06197,2.2323394,-0.74950796,0.7967102
TEST_06198,2.9472642,-1.4118404,0.7052657
TEST_06199,4.8377757,-0.4621403,-1.2625722
TEST_06200,2.8984838,-1.5943701,-0.8051008
TEST_06201,3.5772367,-0.4840263,0.42776945
TEST_06202,1.4088563,-0.28486684,0.5586683
TEST_06203,2.6314502,0.6643668,-0.43387926
TEST_06204,2.2839425,0.29409853,0.99201876
TEST_06205,0.89747655,-0.17218336,-0.013910358
TEST_06206,1.3158908,0.5903707,-0.28394824
TEST_06207,4.864718,1.2612207,-0.16889797
TEST_06208,2.6549737,1.8238682,-0.6506408
TEST_06209,2.0025995,0.48835227,-0.14070258
TEST_06210,1.2234863,-0.3458124,-0.21594813
TEST_06211,2.24242,-0.58317477,0.67218435
TEST_06212,3.414717,1.2507256,0.37655297
TEST_06213,2.7027712,-0.4589868,0.16293797
TEST_06214,3.0191956,-0.1785234,1.4652432
TEST_06215,1.1763103,0.6108817,-0.3112072
TEST_06216,1.5324179,-1.079942,1.0015838
TEST_06217,2.3478463,0.73272794,-0.65577716
TEST_06218,3.8656962,-1.1516917,1.2122709
TEST_06219,3.9531605,1.3015671,-0.9752915
TEST_06220,1.2549596,0.2806233,-0.25224078
TEST_06221,3.574466,-0.30944452,0.60707384
TEST_06222,1.1653333,-0.07874426,-0.02802379
TEST_06223,3.368111,-0.14214939,-0.30665198
TEST_06224,1.7391039,0.59203845,-0.32781512
TEST_06225,3.1316645,1.4030737,0.5904185
TEST_06226,3.2027893,-0.048998125,-1.0613139
TEST_06227,1.70203,0.19972493,-0.098061815
TEST_06228,2.547149,-0.9177605,0.489794
TEST_06229,4.632315,0.9029034,-1.0204583
TEST_06230,2.2860682,0.35284987,-0.6678453
TEST_06231,2.3395822,-0.063520156,0.043035936
TEST_06232,3.7555661,-0.90559036,0.57542366
TEST_06233,2.663578,0.27930441,-0.4146005
TEST_06234,3.1423864,-0.28435948,0.12211408
TEST_06235,1.4985121,0.6117028,-0.5025332
TEST_06236,3.6662133,2.1944354,0.7616784
TEST_06237,3.6206412,1.7838663,0.8045446
TEST_06238,3.2567344,0.52458763,1.261983
TEST_06239,1.0603776,-0.41522557,-0.17231816
TEST_06240,3.9519563,-2.1214988,-1.1285312
TEST_06241,4.4437914,-0.0970055,0.22862281
TEST_06242,0.93263763,0.5882575,0.27686602
TEST_06243,3.990421,-1.1801822,-0.5440821
TEST_06244,3.4189372,-0.34796327,0.16294079
TEST_06245,1.5307574,0.4800493,-0.32838354
TEST_06246,3.4861727,1.0833516,1.1370754
TEST_06247,3.774824,1.4004333,0.54577696
TEST_06248,4.483488,0.9250131,0.61550903
TEST_06249,2.1790886,0.27777755,0.16879182
TEST_06250,3.1185114,0.6429221,-0.825944
TEST_06251,3.5098944,-0.13708071,-0.18544349
TEST_06252,1.9622246,1.5054803,-0.46885622
TEST_06253,3.097249,0.05141007,0.49544007
TEST_06254,1.1569983,-0.06532288,0.228764
TEST_06255,4.234162,0.3573553,0.83391225
TEST_06256,1.8262702,0.58389026,0.20409088
TEST_06257,3.227653,-0.4303541,-0.54531157
TEST_06258,3.1708424,1.1618413,-0.10797139
TEST_06259,4.167541,-0.8362784,0.993247
TEST_06260,2.251892,0.75319445,-0.73098534
TEST_06261,3.4602919,-0.47556534,-0.8428688
TEST_06262,1.9092085,-0.41315255,-0.3525467
TEST_06263,1.3791928,0.103336535,-0.5648258
TEST_06264,3.5581205,-0.5740891,0.2084322
TEST_06265,1.3490826,-0.5937368,-0.53997827
TEST_06266,2.4789748,0.22683151,-0.40476978
TEST_06267,1.487391,0.018809704,0.41923434
TEST_06268,2.191529,-0.93395835,0.0055414047
TEST_06269,0.95252013,0.31333992,-0.05263653
TEST_06270,4.911962,-1.1777451,1.2785226
TEST_06271,2.0701988,-0.44029126,0.11243426
TEST_06272,1.7321973,0.47347406,0.5527372
TEST_06273,2.5090206,1.4958632,-0.79739577
TEST_06274,3.0517054,0.043380048,0.9169064
TEST_06275,1.9094911,-0.57029545,-0.22913091
TEST_06276,4.6270313,0.87851447,-0.50196636
TEST_06277,2.1569645,0.64564097,0.29568014
TEST_06278,1.3061198,-0.47780615,0.60193497
TEST_06279,1.5795276,-0.9177598,-0.5613544
TEST_06280,3.1208513,0.288045,0.47379604
TEST_06281,4.2723107,-0.010132975,0.8199624
TEST_06282,3.4014132,-0.20488214,1.190332
TEST_06283,1.3088443,-0.96059936,0.12003871
TEST_06284,1.77904,-0.01759237,-0.19247569
TEST_06285,1.1278195,0.20798752,0.24806765
TEST_06286,4.5144935,0.1719658,0.2416032
TEST_06287,1.6918582,0.029197114,-0.15690896
TEST_06288,5.216679,-0.8258419,0.3449438
TEST_06289,2.9854884,0.34197265,-0.42549118
TEST_06290,3.3336399,0.20744261,-0.028410614
TEST_06291,1.2407886,0.16500737,0.227957
TEST_06292,1.6874872,1.161751,0.77545804
TEST_06293,2.9322004,-0.34314576,0.20993298
TEST_06294,2.3096206,-1.2940799,-0.18024036
TEST_06295,3.4886382,1.0215333,-0.63161343
TEST_06296,2.0056825,-1.3334091,-0.18620706
TEST_06297,1.8297931,0.14763458,0.15627056
TEST_06298,1.8101138,-0.5435716,-0.72253007
TEST_06299,3.1664045,-1.2290741,0.068683654
TEST_06300,1.7022903,-0.19688354,0.11431591
TEST_06301,3.5061324,-0.048223313,0.3502254
TEST_06302,1.219469,0.18646696,0.27930278
TEST_06303,1.887418,-0.37569568,-0.21237235
TEST_06304,3.828112,-0.2292799,0.3050591
TEST_06305,4.2063727,-0.4104558,-0.3769484
TEST_06306,2.4284832,0.26581272,-0.095734544
TEST_06307,3.6046035,-0.10777471,0.1028593
TEST_06308,2.596248,1.0092186,0.63190866
TEST_06309,2.9659593,-1.2909577,-0.20919664
TEST_06310,1.8842795,-0.4242848,-0.074182
TEST_06311,2.3621147,-0.01822609,-0.06351951
TEST_06312,2.537068,0.33774844,0.92650014
TEST_06313,2.1940024,0.30409285,0.41122428
TEST_06314,3.0623298,-0.28526586,0.8738718
TEST_06315,1.9637854,-0.032781035,0.044616833
TEST_06316,3.5099864,-1.7070119,-0.6704529
TEST_06317,1.9062572,-0.48549655,0.2105218
TEST_06318,3.8049078,1.3243234,-0.7394708
TEST_06319,4.1899014,-1.1562704,0.49879447
TEST_06320,1.7158748,1.1416026,-0.2539426
TEST_06321,4.5912547,-1.3530033,1.2837558
TEST_06322,3.7250135,-0.08377169,0.6150306
TEST_06323,3.5173056,-1.1182731,-0.14202131
TEST_06324,1.8606461,0.04189584,0.28719854
TEST_06325,2.2924585,-0.49113265,0.10647191
TEST_06326,2.6834922,-0.8564838,0.83165336
TEST_06327,2.8536534,-0.7684171,-1.0082427
TEST_06328,5.395061,-2.3925536,0.9308697
TEST_06329,3.376123,-0.30509284,-0.22965649
TEST_06330,1.4680027,-0.62322015,0.106205456
TEST_06331,1.351822,0.5298026,-0.100321695
TEST_06332,2.076089,-0.9886359,-0.2680491
TEST_06333,2.3456259,-0.28449228,-0.09336619
TEST_06334,3.57384,-1.2043096,-0.47627357
TEST_06335,2.3056934,0.589049,0.38213843
TEST_06336,2.1239371,-0.7122556,0.067872316
TEST_06337,3.041428,-0.71766657,1.2386208
TEST_06338,2.262557,-0.46411413,0.38312137
TEST_06339,4.243453,-0.9271523,-0.26202294
TEST_06340,2.950795,-0.41474545,-0.055960037
TEST_06341,1.1119038,0.083747506,0.1642787
TEST_06342,1.7130181,0.05164809,0.5176338
TEST_06343,2.8427022,-0.073584564,-0.14824905
TEST_06344,1.8434123,0.33029938,-0.34616545
TEST_06345,3.5771222,-0.83704287,-0.33178455
TEST_06346,2.4733706,-0.41270807,-0.620423
TEST_06347,3.992669,0.1692643,0.8182338
TEST_06348,2.756114,-0.4538655,0.5258744
TEST_06349,3.315139,-1.1390098,-0.59400845
TEST_06350,1.5272529,0.78403664,-0.31620267
TEST_06351,2.7931907,0.6051007,-0.5557315
TEST_06352,3.3682013,-0.9863367,-1.0189977
TEST_06353,3.913601,-0.7120911,0.5901461
TEST_06354,3.4170542,0.6590386,1.4415317
TEST_06355,1.0133541,0.098253444,0.32556155
TEST_06356,2.1081781,1.2770123,-0.31496137
TEST_06357,3.171745,0.9042996,0.27228612
TEST_06358,2.7709937,-0.63046634,-0.2639203
TEST_06359,4.8288426,0.5737808,0.39541948
TEST_06360,4.055617,-0.13369147,-0.1539897
TEST_06361,3.8176754,0.9636002,0.09512781
TEST_06362,4.260616,0.7358598,0.59701186
TEST_06363,4.0327826,-0.11766297,0.73463225
TEST_06364,1.9973148,0.97424954,-0.2174274
TEST_06365,2.1133695,-0.8471883,0.517577
TEST_06366,2.936437,-0.31780857,-0.17358504
TEST_06367,4.6213446,-0.44509616,1.2704812
TEST_06368,4.8986773,-2.013805,-0.6542353
TEST_06369,0.68979806,-0.053388212,-0.11074142
TEST_06370,1.966621,-0.70143676,-0.20785305
TEST_06371,1.2304078,0.15692474,-0.13914555
TEST_06372,2.027745,0.882597,0.67028594
TEST_06373,2.47602,-0.41637498,0.4762138
TEST_06374,2.8345096,-0.13954422,1.5969231
TEST_06375,2.1166658,-0.2093889,0.100695044
TEST_06376,2.5087895,-0.609564,0.65617275
TEST_06377,4.127779,-0.9228005,2.2171571
TEST_06378,3.5608332,1.0352079,-0.6321884
TEST_06379,4.3627777,0.06602449,1.1326544
TEST_06380,2.3134024,0.09586606,0.047763765
TEST_06381,2.0916247,-0.100206815,-0.88987255
TEST_06382,1.7441283,-0.42835122,-0.30874357
TEST_06383,2.1857321,0.05251882,0.7713694
TEST_06384,2.7357764,0.1954348,-0.0494775
TEST_06385,1.8471377,-0.22350678,0.53413135
TEST_06386,2.6339872,-0.27255288,0.3292631
TEST_06387,4.5029516,0.9596469,1.0997281
TEST_06388,2.4161127,-0.007583606,-0.66017056
TEST_06389,3.5903466,-1.4394068,1.1178172
TEST_06390,1.8876659,0.80612683,0.64211404
TEST_06391,2.3459816,0.69860667,0.3247177
TEST_06392,1.8058627,-0.1117584,-0.08413357
TEST_06393,2.0881307,0.5457361,0.5550806
TEST_06394,2.0892482,-0.44538018,0.5505295
TEST_06395,2.6417954,-0.47967246,-0.76607376
TEST_06396,1.8883687,0.12804404,-0.25532362
TEST_06397,2.5338845,1.0005325,-0.109237075
TEST_06398,3.2126825,-1.6145711,-0.591239
TEST_06399,3.8944576,-0.8877687,0.4362418
TEST_06400,4.4105453,1.2773664,1.1397679
TEST_06401,1.6500084,1.0544451,0.5661493
TEST_06402,1.4778478,0.15510696,-0.356011
TEST_06403,0.85980093,0.22875597,0.36399308
TEST_06404,3.264776,1.2523884,0.22875781
TEST_06405,2.10488,0.23939769,-0.1437769
TEST_06406,1.1955167,0.054032765,0.10280135
TEST_06407,3.8768976,0.009021755,0.0070428816
TEST_06408,5.341293,0.9686271,0.43085998
TEST_06409,3.9159303,0.19635682,-0.32635418
TEST_06410,1.5170724,0.47776496,-0.2086682
TEST_06411,2.1647842,0.4344208,-0.7782616
TEST_06412,1.1221188,0.13036643,-0.0058813365
TEST_06413,2.0249937,0.39582807,0.24596967
TEST_06414,1.7111065,0.83645463,-0.06458046
TEST_06415,2.8018143,-1.1407567,-0.31924978
TEST_06416,2.7879221,0.46844736,0.62107664
TEST_06417,2.4456213,-0.62653804,-0.5014756
TEST_06418,1.7868379,-1.0388147,-0.3095759
TEST_06419,1.7982634,0.43687612,-0.42398733
TEST_06420,2.9948015,0.67017376,-0.15424125
TEST_06421,2.787309,0.2815674,-0.63287574
TEST_06422,1.8123343,-0.22557336,0.29251793
TEST_06423,1.4163765,0.0118736345,-0.12673835
TEST_06424,0.9923841,-0.26474026,0.0606672
TEST_06425,3.5735939,-0.83306015,2.0610611
TEST_06426,2.1559474,-0.39651904,0.55406255
TEST_06427,1.6951721,0.42580768,-0.04612239
TEST_06428,3.2985406,-0.015586799,0.37932238
TEST_06429,3.260334,0.6656157,1.0065598
TEST_06430,4.34599,-0.029560393,1.2103331
TEST_06431,2.5638325,0.18738157,0.07932232
TEST_06432,3.364369,-1.0096383,-0.9558123
TEST_06433,3.2103338,-0.81550336,0.9386742
TEST_06434,1.4402692,0.0068083913,-0.09313672
TEST_06435,2.0507722,0.45069396,0.1679587
TEST_06436,2.3968315,1.3680395,0.29545736
TEST_06437,2.0399501,-0.7815857,0.5154204
TEST_06438,1.1024663,-0.49789217,-0.12271332
TEST_06439,5.077956,0.8875775,-1.1232811
TEST_06440,3.8694508,-0.5901154,0.42123833
TEST_06441,3.7681823,1.8553561,0.56806856
TEST_06442,3.6238601,-0.4703754,0.5980753
TEST_06443,2.5954282,2.22286,0.80132455
TEST_06444,2.919931,0.21911125,0.28434896
TEST_06445,2.034287,0.40601465,0.46492857
TEST_06446,4.982032,-1.1287963,0.45179084
TEST_06447,1.9008567,-0.23659778,-0.020396588
TEST_06448,5.0334616,-1.9370937,-0.66234803
TEST_06449,2.6976266,-0.33449304,0.33788535
TEST_06450,1.5876013,0.5418854,-0.16419062
TEST_06451,3.698796,-0.24674425,0.16031185
TEST_06452,1.5716128,0.7558216,-0.51655024
TEST_06453,2.5326562,0.09208344,0.49437195
TEST_06454,1.4020039,0.07661977,0.41779938
TEST_06455,3.0783925,0.23707011,0.19953112
TEST_06456,2.472792,0.5721023,0.9625207
TEST_06457,2.3795664,1.4451472,0.52823013
TEST_06458,2.3102946,-0.6321406,0.6522492
TEST_06459,3.350242,-0.49578193,0.5271694
TEST_06460,2.6546593,-0.51504785,-0.11182023
TEST_06461,2.4555163,-0.19442828,0.7185194
TEST_06462,1.8381284,0.7162034,0.39415234
TEST_06463,1.966035,0.71139294,0.3103554
TEST_06464,3.5702212,0.0021663348,0.14103492
TEST_06465,3.9679565,0.38389328,0.47272068
TEST_06466,1.4090639,-0.36128837,0.09624922
TEST_06467,1.826614,0.4905006,-0.05142526
TEST_06468,2.4571838,1.09578,0.35272425
TEST_06469,3.8521135,1.1422609,0.3767406
TEST_06470,4.06733,0.058223147,0.9155986
TEST_06471,1.4189574,-0.7211679,0.38087577
TEST_06472,2.631631,-0.22915918,-0.8949416
TEST_06473,2.7723837,-0.051344566,0.65785277
TEST_06474,3.1665514,-0.33062696,0.533013
TEST_06475,0.9837185,-0.21201526,-0.023936711
TEST_06476,1.5126628,-0.06095344,0.3573576
TEST_06477,3.6577036,-1.5071841,0.59942937
TEST_06478,1.5243583,0.52219373,0.072448984
TEST_06479,2.6806002,-1.6087214,-0.9051317
TEST_06480,2.8514593,0.1952173,0.7105221
TEST_06481,2.6664915,0.3480999,-0.25153744
TEST_06482,3.7829003,1.6017264,1.6281619
TEST_06483,3.9332242,-2.1340814,-1.0470344
TEST_06484,2.215843,-0.1731662,0.8302483
TEST_06485,2.6531994,-0.29346263,0.2637292
TEST_06486,4.3633175,0.14209126,0.18507367
TEST_06487,4.8830914,-1.3009515,0.18519364
TEST_06488,2.842213,0.69449157,0.47563154
TEST_06489,3.572481,0.031312425,0.06756557
TEST_06490,2.3325195,-0.026989723,0.054368608
TEST_06491,0.79159844,0.118896455,-0.1299256
TEST_06492,1.7670593,-0.6559633,-0.26432568
TEST_06493,1.6385884,0.2579782,0.15958352
TEST_06494,1.3193456,-0.52002555,0.09063779
TEST_06495,2.68877,0.93856645,-0.7804582
TEST_06496,2.1191435,0.35485858,0.051433932
TEST_06497,2.3703895,0.37585413,0.08792804
TEST_06498,2.230519,0.37484196,0.30559653
TEST_06499,1.5658609,0.33172023,0.29582444
TEST_06500,1.9491017,0.45834917,-0.36709493
TEST_06501,2.7074924,0.04451076,-0.06824107
TEST_06502,1.4801725,0.009397605,-0.18822189
TEST_06503,3.5176399,0.70536065,0.018336462
TEST_06504,3.8784468,-0.26462677,-0.06362119
TEST_06505,3.8904765,0.66354454,0.600017
TEST_06506,2.5693202,0.18852106,0.020288806
TEST_06507,3.7108645,-0.2948262,1.0185049
TEST_06508,2.9262319,1.2519025,0.0902911
TEST_06509,1.0461646,-0.1634004,-0.19577354
TEST_06510,1.0336256,0.20133702,0.029626224
TEST_06511,2.6790462,0.0042971736,-0.06755593
TEST_06512,2.122118,-0.13196744,0.36760455
TEST_06513,2.5612223,-0.635281,-0.7180379
TEST_06514,1.4271015,-0.20289996,0.25335577
TEST_06515,1.5810711,-0.6199942,0.3137025
TEST_06516,2.8578057,0.41915095,-0.06584162
TEST_06517,3.3856866,0.6517756,0.32110602
TEST_06518,1.7415963,0.20885935,0.20148616
TEST_06519,5.6504874,0.4451238,1.2974805
TEST_06520,4.366166,-0.36186376,-1.4662457
TEST_06521,4.3933077,0.7971882,0.20603782
TEST_06522,2.570912,0.08352836,0.055388436
TEST_06523,1.9753194,-0.7028225,0.24936624
TEST_06524,2.8385522,-0.32822528,0.007756498
TEST_06525,1.1432346,0.054511916,0.24715948
TEST_06526,1.7563015,-0.22156897,0.048466045
TEST_06527,4.3485246,0.6004587,1.2513721
TEST_06528,4.2016187,0.6125643,-0.37100145
TEST_06529,2.807797,0.652215,-0.17316587
TEST_06530,1.4152337,0.08716388,-0.12028441
TEST_06531,0.884776,0.06007849,0.043847285
TEST_06532,4.2317,-1.0346905,1.4612097
TEST_06533,1.6518512,-0.4011486,0.34321788
TEST_06534,2.1274383,-0.468284,0.11614283
TEST_06535,2.1448839,-0.13677296,-0.08899584
TEST_06536,2.0831385,0.59739655,0.89944804
TEST_06537,3.792321,-0.009034347,-0.3044365
TEST_06538,5.057395,-1.3274155,-0.20780557
TEST_06539,3.085185,1.253028,0.06249555
TEST_06540,2.2803676,-0.35140958,-0.84728295
TEST_06541,2.3339372,-0.00892267,-0.64287865
TEST_06542,1.2441338,-0.026873512,0.10828848
TEST_06543,4.2172103,-0.9657339,-0.998429
TEST_06544,4.399586,0.42525703,-0.8822172
TEST_06545,1.9910842,-1.7482518,-0.9189583
TEST_06546,2.1740708,0.5109679,-0.71305627
TEST_06547,2.1768575,-0.35807657,0.29120722
TEST_06548,2.9257479,0.38555577,0.43724346
TEST_06549,1.8324265,-0.33991158,0.5402717
TEST_06550,4.643622,-1.1714643,-0.7531083
TEST_06551,1.972461,-0.36324945,-0.1587806
TEST_06552,1.6902121,-0.1598563,-0.14697155
TEST_06553,1.9195443,-0.22957917,0.28739542
TEST_06554,2.3047404,-0.41158506,-0.09083484
TEST_06555,1.9812539,0.5371123,0.7016088
TEST_06556,2.960362,-0.45238808,0.29100743
TEST_06557,1.2734692,-0.018247563,0.37290543
TEST_06558,3.108247,1.7668387,-0.6295061
TEST_06559,3.565099,0.9774654,0.57784486
TEST_06560,2.8590677,1.6980711,1.1975245
TEST_06561,3.384357,-0.35353842,-0.4471162
TEST_06562,2.480592,0.14358203,-0.007737846
TEST_06563,3.8963304,1.2938442,0.680581
TEST_06564,1.7923646,-0.41278598,0.5796909
TEST_06565,2.9331183,-0.21097748,0.62040323
TEST_06566,2.204947,0.30542472,0.41967705
TEST_06567,2.8396523,1.32015,-0.73375577
TEST_06568,2.2340736,-1.374403,0.48712867
TEST_06569,2.9904962,0.25272828,-0.23028092
TEST_06570,3.3876686,0.30988026,0.47377786
TEST_06571,1.4089438,-0.4461839,-0.26270655
TEST_06572,2.0676217,0.033086695,-0.847918
TEST_06573,2.6328006,-0.1525268,-0.06786706
TEST_06574,2.2022464,-0.6543682,0.5047899
TEST_06575,2.8292267,0.11572518,0.8689149
TEST_06576,2.6215856,0.9492075,0.07113599
TEST_06577,2.8668315,0.25153488,0.58733624
TEST_06578,5.6601486,0.20824894,1.5631196
TEST_06579,3.083182,1.1916773,0.7975651
TEST_06580,1.7929684,0.22636236,-0.31156495
TEST_06581,2.5914433,0.22148448,1.0210338
TEST_06582,1.1959668,-0.23707725,0.18180948
TEST_06583,3.5937517,0.314149,0.0034605188
TEST_06584,2.8802066,-0.27210668,0.72274625
TEST_06585,5.4100437,0.6740672,0.84647495
TEST_06586,3.1003714,-0.42637488,0.5960515
TEST_06587,4.0744257,0.033881273,-0.8070537
TEST_06588,2.1776958,-0.61366487,-0.2909571
TEST_06589,2.8354585,0.9105507,-1.0607983
TEST_06590,4.520902,1.1449584,-1.0058018
TEST_06591,2.142255,0.14838822,-0.16872002
TEST_06592,2.187297,0.09824911,-0.80742544
TEST_06593,2.5084312,-0.70236963,-0.03317277
TEST_06594,1.6733626,-0.45339623,0.2331183
TEST_06595,1.0980713,-0.22777636,0.2441752
TEST_06596,2.8802376,-0.35493526,-0.6926008
TEST_06597,2.076398,0.13825311,-0.3775788
TEST_06598,1.3745294,-0.10227173,-0.28052363
TEST_06599,5.352179,0.26986334,1.9796712
TEST_06600,3.0843103,-1.2795656,0.26893517
TEST_06601,1.9395108,0.26109517,0.60737747
TEST_06602,1.9947141,-0.83582,-0.5081245
TEST_06603,1.9378526,1.0858885,-0.8745245
TEST_06604,2.6112115,0.63110095,0.91813046
TEST_06605,3.1063676,0.389507,-0.2345705
TEST_06606,4.864402,-0.4379132,-0.5461515
TEST_06607,1.6850618,0.49810266,0.025247747
TEST_06608,5.633981,-0.47672266,0.25341564
TEST_06609,3.4214332,-0.093100466,-0.2650219
TEST_06610,2.7321544,-0.048865918,-0.37834957
TEST_06611,2.20212,0.026302272,-0.68787926
TEST_06612,2.0603747,-1.5697141,0.96099085
TEST_06613,1.6498758,-0.3768309,0.26991358
TEST_06614,2.6752667,1.0480195,-1.0466163
TEST_06615,2.9841385,1.1749647,0.52977645
TEST_06616,3.2579434,-1.1066601,-0.34149188
TEST_06617,2.7636018,-0.9057491,1.525814
TEST_06618,2.0376384,-1.1084378,-0.67317766
TEST_06619,2.7336905,-0.48552758,0.37304226
TEST_06620,1.6226147,0.42751294,0.44914374
TEST_06621,1.3352263,-0.12639527,0.17576203
TEST_06622,1.8058664,-0.39186186,0.2438266
TEST_06623,2.9923377,-0.5203113,-0.18953386
TEST_06624,3.1850517,0.13226472,-0.21735762
TEST_06625,2.9411519,1.3740827,-0.88487434
TEST_06626,1.0741811,0.20555751,0.28282624
TEST_06627,3.534535,0.20250422,1.2322205
TEST_06628,2.310014,0.07751355,-0.1770748
TEST_06629,4.191585,-0.95674556,-0.27490553
TEST_06630,1.9641985,1.4828968,-0.6754201
TEST_06631,2.1009674,-0.038254037,0.039317474
TEST_06632,1.3579262,-0.6475786,0.70670706
TEST_06633,2.3473341,0.36158124,0.51007104
TEST_06634,1.221951,0.15528783,-0.26718777
TEST_06635,1.225186,0.23938318,0.3701732
TEST_06636,2.4276948,0.4325693,0.94354445
TEST_06637,3.5890846,-0.7611266,-0.37797654
TEST_06638,1.9828668,-0.48556122,-0.19333215
TEST_06639,3.8413737,1.0479506,0.23056963
TEST_06640,4.5968633,-0.028464558,1.4455816
TEST_06641,4.7696137,2.0833073,-0.83581066
TEST_06642,3.9608521,-0.7786964,-0.7587188
TEST_06643,2.7082467,-0.37195337,0.6772139
TEST_06644,2.8231056,0.65282255,-0.47694138
TEST_06645,2.2046928,-0.8597889,-0.1705306
TEST_06646,1.5107675,-0.6670286,0.39934343
TEST_06647,4.6998243,-0.7485017,-0.98606557
TEST_06648,4.4506655,-0.37799007,-0.03149938
TEST_06649,3.1425753,-0.09917104,0.30492654
TEST_06650,3.3210523,-0.08532283,1.1917114
TEST_06651,2.3958726,0.1712334,-0.008640622
TEST_06652,2.524133,-0.32097766,0.75192124
TEST_06653,1.2729961,0.4829361,0.039061833
TEST_06654,2.0314584,-0.3337706,0.9252484
TEST_06655,3.707592,-0.0918165,-1.0928491
TEST_06656,2.8379245,-1.0039006,-0.745253
TEST_06657,3.7463508,2.069155,2.2625728
TEST_06658,4.7487516,1.4891268,-0.76189196
TEST_06659,4.199607,-1.3323933,-0.18055767
TEST_06660,2.0737612,-0.95169765,-0.83989865
TEST_06661,1.8794779,-0.35426158,-0.1658007
TEST_06662,1.655852,0.32538044,0.05230638
TEST_06663,4.4749546,0.27117947,0.830354
TEST_06664,1.5966233,0.6696178,0.26845437
TEST_06665,4.2045517,-0.28146502,0.4985724
TEST_06666,3.1826503,-0.54352057,0.70632595
TEST_06667,2.622368,0.7633868,1.0064348
TEST_06668,2.6773798,-0.74094105,-0.010505268
TEST_06669,3.7968202,-0.6026372,0.5987333
TEST_06670,2.635681,1.3677882,-0.74398977
TEST_06671,1.8364985,-0.60602486,-0.3500751
TEST_06672,1.463182,0.20932102,-0.1333664
TEST_06673,2.6909463,-0.13944893,0.50166494
TEST_06674,3.6252031,0.08681243,1.1178603
TEST_06675,2.067944,-0.33469707,0.3381358
TEST_06676,2.7741168,-1.5941241,-0.5017225
TEST_06677,3.1421268,0.3454237,0.8682251
TEST_06678,1.4307543,0.1362208,0.12738796
TEST_06679,2.7020254,1.1613257,-0.33700094
TEST_06680,3.2041137,1.249612,0.1864542
TEST_06681,2.626326,0.83277434,0.4924015
TEST_06682,1.7784007,-1.1235011,-0.34500498
TEST_06683,2.350408,-0.47450387,0.8657004
TEST_06684,2.0076993,-0.28365347,-0.27067643
TEST_06685,2.6225827,-0.23775448,0.50805855
TEST_06686,3.382983,-0.559447,-0.78344977
TEST_06687,3.1875112,0.39289933,0.3512091
TEST_06688,5.719508,-1.4118533,1.2637599
TEST_06689,2.4742434,0.4866658,-0.03866032
TEST_06690,1.3617115,0.18639785,0.15305065
TEST_06691,1.423856,0.043511543,0.15191926
TEST_06692,2.538485,-0.9360232,0.17440109
TEST_06693,2.9025466,0.21258593,0.21974777
TEST_06694,1.4206581,-0.75857574,0.59496933
TEST_06695,0.90369433,0.28672627,0.23671487
TEST_06696,2.7392862,-1.5039157,-0.0887736
TEST_06697,3.7782025,-0.05426171,0.52254903
TEST_06698,3.1470253,-0.45106417,1.2641371
TEST_06699,3.959197,-0.47326678,1.1527604
TEST_06700,2.3575795,0.002885498,-0.23991458
TEST_06701,2.746946,0.107327,0.8611167
TEST_06702,1.2742835,0.007646236,0.42989215
TEST_06703,3.0947022,-0.09481362,-0.40544274
TEST_06704,2.7466047,-0.1704135,0.21110295
TEST_06705,5.2871146,0.31786898,-0.46207938
TEST_06706,1.902711,-0.12514785,0.21184693
TEST_06707,3.2701824,0.5183,0.496808
TEST_06708,2.5535698,0.4214677,0.22003384
TEST_06709,4.497595,-0.729875,0.041808918
TEST_06710,4.137396,-0.033925258,-0.52638084
TEST_06711,1.9902966,-0.9577667,0.1321438
TEST_06712,1.9754249,1.2107849,-0.8773834
TEST_06713,2.6935134,-0.036555823,-0.25578102
TEST_06714,1.2683754,0.16617624,0.04137796
TEST_06715,1.0617716,0.09689097,0.25598544
TEST_06716,1.4463372,-0.32600096,-0.21362278
TEST_06717,1.2344073,-0.28653014,-0.17472811
TEST_06718,1.3950502,-0.5971868,-0.27431184
TEST_06719,5.3868923,0.7291183,-0.091711335
TEST_06720,2.5948672,-0.5781635,0.41277507
TEST_06721,4.680688,0.70850205,-0.044924002
TEST_06722,4.6646028,1.3920478,-0.5052929
TEST_06723,1.7225451,-0.12144279,-0.09400382
TEST_06724,1.514998,0.52867144,-0.27487025
TEST_06725,1.3079743,0.6394076,0.3595654
TEST_06726,5.240776,-0.42582664,-0.24662997
TEST_06727,3.013788,0.3928867,0.46594438
TEST_06728,5.593603,-1.6207172,-0.8922006
TEST_06729,2.3593729,-0.26873106,0.006644784
TEST_06730,2.8635857,0.59711444,-0.15629901
TEST_06731,1.2315619,0.09397611,0.19756486
TEST_06732,4.2039485,0.11205311,0.3717285
TEST_06733,3.0621252,-0.35088095,0.5435781
TEST_06734,2.4171503,-0.26025274,0.30989137
TEST_06735,0.9129726,0.24943948,0.03754824
TEST_06736,1.6874547,0.110865146,0.4268875
TEST_06737,3.472139,0.22110613,0.7617127
TEST_06738,5.436021,1.1793774,-0.46109918
TEST_06739,2.5107203,1.3201855,0.06494762
TEST_06740,1.5527362,0.12608302,0.30849436
TEST_06741,1.2858638,0.026281143,0.20959331
TEST_06742,1.9721655,-0.2558654,-0.6817534
TEST_06743,2.9636524,0.7494527,-0.7490216
TEST_06744,2.316678,0.15763381,-0.5216381
TEST_06745,4.522978,1.8108073,-0.47320828
TEST_06746,3.2408226,0.8555249,0.59064555
TEST_06747,4.694915,-0.4401622,0.028537046
TEST_06748,2.532216,0.43579414,-0.34787104
TEST_06749,3.5448925,-1.5802498,-1.1744889
TEST_06750,1.1662173,-0.25359336,-0.04828865
TEST_06751,1.2062346,-0.9020803,-0.064176545
TEST_06752,2.7288933,1.473535,0.6219574
TEST_06753,2.2643323,0.45485696,-0.40506545
TEST_06754,2.2860415,0.28898188,0.088271014
TEST_06755,1.893723,-0.7037023,0.50902826
TEST_06756,3.1469066,-0.7645054,-0.37598267
TEST_06757,2.1295385,-0.03777021,-0.26095277
TEST_06758,3.352418,-1.3523551,0.74198204
TEST_06759,4.5606017,0.20026216,0.89256567
TEST_06760,3.092662,-1.5662748,-0.5767836
TEST_06761,4.288448,0.87370807,-0.7366589
TEST_06762,3.9866254,-1.5416248,-0.9401532
TEST_06763,1.5551652,0.13217267,0.6981743
TEST_06764,1.7641557,0.00034109212,-0.045209706
TEST_06765,1.4608215,-0.072702445,-0.3362834
TEST_06766,3.6823206,-0.743976,-0.5813089
TEST_06767,3.7903814,1.3392065,-0.93361306
TEST_06768,4.8763323,-1.6665753,-0.12159681
TEST_06769,2.4787931,-0.0485466,0.0043215496
TEST_06770,1.0766693,0.59667236,-0.24614137
TEST_06771,4.094658,0.15612793,1.0861965
TEST_06772,4.7207313,1.109321,1.0998212
TEST_06773,1.3522363,0.42088285,0.3565856
TEST_06774,3.3181071,0.9961206,0.9391273
TEST_06775,2.8472617,0.5825748,-0.12330041
TEST_06776,2.2529314,0.25980273,-0.19665451
TEST_06777,1.4981731,0.50054085,-0.35727984
TEST_06778,2.5546105,-0.21777463,0.13332804
TEST_06779,4.2680497,1.3075292,0.91457206
TEST_06780,1.4555051,0.17956029,-0.010258218
TEST_06781,3.0770438,-0.034633312,0.13026406
TEST_06782,2.251564,-0.086611785,0.08281982
TEST_06783,3.8684993,0.124341175,0.8700794
TEST_06784,3.1802864,-0.26050526,0.05934194
TEST_06785,2.3940043,-0.2804099,0.053159352
TEST_06786,2.574921,0.052535966,-0.027583042
TEST_06787,4.5421605,0.80193,-0.31189868
TEST_06788,2.00549,-0.62312907,-0.33679527
TEST_06789,4.666205,-1.1219558,-0.37440777
TEST_06790,1.6476283,0.1283881,0.5504073
TEST_06791,2.4151967,0.66077167,0.012125796
TEST_06792,3.2014508,-1.5700246,-0.8617696
TEST_06793,3.355228,0.99596566,1.0597329
TEST_06794,2.377206,0.33863407,-0.04434965
TEST_06795,2.525636,0.82200754,0.5155515
TEST_06796,4.5202036,-1.6268756,-0.41912988
TEST_06797,1.840775,-0.415345,0.5262576
TEST_06798,3.660568,-0.69925904,0.9788441
TEST_06799,3.9480662,1.8114015,-0.42680338
TEST_06800,2.603294,1.5510939,0.67123
TEST_06801,4.4634805,1.665978,-0.03540658
TEST_06802,1.7657348,1.1476753,1.0692025
TEST_06803,1.9149734,0.7652111,-0.14545001
TEST_06804,2.197406,-0.08996611,-0.124412395
TEST_06805,2.875868,-0.36498424,0.7724031
TEST_06806,3.7870858,-0.45123672,0.26938343
TEST_06807,3.759323,-1.4124807,-0.9015263
TEST_06808,5.661967,0.10953808,0.12174441
TEST_06809,3.1712182,0.2154291,0.22191063
TEST_06810,2.7429836,0.17295557,0.1571886
TEST_06811,2.4678445,-0.19610108,-0.16597292
TEST_06812,3.0645266,-0.103808895,1.212329
TEST_06813,2.5527337,0.037224963,-0.3928767
TEST_06814,2.7773573,-0.021407505,0.6630083
TEST_06815,2.2960598,0.46683058,-0.105106644
TEST_06816,2.9809046,0.5129309,0.9204773
TEST_06817,2.5013733,-0.7317101,1.3238555
TEST_06818,3.3863006,-0.9355162,1.1701797
TEST_06819,2.4032187,0.6860479,0.2896393
TEST_06820,2.3886447,-0.3597637,-0.076545194
TEST_06821,3.0645685,-0.11083709,0.2199734
TEST_06822,1.4949164,0.8137793,-0.058231317
TEST_06823,3.5441487,0.41286516,0.8320517
TEST_06824,1.7095408,0.27494538,-0.15327406
TEST_06825,3.35613,1.3876618,0.117711395
TEST_06826,1.4199528,-0.13847071,0.46031514
TEST_06827,3.2212799,0.19571485,0.457267
TEST_06828,1.4008145,0.29172128,0.18220946
TEST_06829,3.7703986,-0.15034087,-0.90195596
TEST_06830,3.8973424,0.2972458,1.2310145
TEST_06831,2.7864988,0.95728415,-0.30304202
TEST_06832,3.470776,0.22537534,0.56954354
TEST_06833,3.818235,-1.0568669,1.2771909
TEST_06834,3.1310313,0.019365037,-0.51648885
TEST_06835,1.0136014,0.3458823,-0.029907396
TEST_06836,2.7474456,0.17786287,-0.14225033
TEST_06837,0.99275005,-0.012952794,-0.13663815
TEST_06838,2.3803003,-1.1724923,-0.54804075
TEST_06839,3.8953097,-0.5390011,-1.0066429
TEST_06840,1.6382886,-0.31970295,0.30888337
TEST_06841,4.551699,-0.7589653,0.9594887
TEST_06842,2.0235581,0.01954634,0.08601984
TEST_06843,3.2182183,1.0262021,-0.7974511
TEST_06844,2.0367954,-0.7806395,-0.56961054
TEST_06845,1.2368263,-0.47112206,-0.099876635
TEST_06846,5.067504,0.6237433,-0.27396643
TEST_06847,4.0297003,-1.0912718,-0.7411434
TEST_06848,4.5458403,-2.2620096,0.82194006
TEST_06849,3.3863442,-0.47053295,-0.3135792
TEST_06850,3.0949414,-0.052868806,-0.57098955
TEST_06851,1.135379,-0.3025456,-0.017180057
TEST_06852,3.4989412,0.0034873053,-0.84644634
TEST_06853,3.0177083,0.33141488,0.3825222
TEST_06854,1.6608518,1.2333833,-0.6372011
TEST_06855,1.7863601,0.13762736,0.43915817
TEST_06856,2.8192601,-0.052044265,0.74031246
TEST_06857,1.9675623,-0.36558476,-0.11321815
TEST_06858,4.8349533,1.1646423,1.4127867
TEST_06859,1.2294486,-0.11630314,-0.13031512
TEST_06860,1.4564577,-0.2179038,-0.25001237
TEST_06861,1.2345212,-0.39725795,-0.10978429
TEST_06862,1.5423067,0.40090576,0.12624961
TEST_06863,1.2138325,-0.3576458,0.5010397
TEST_06864,3.6862576,-0.56373626,-0.5794399
TEST_06865,5.285822,-0.4953639,-0.15387335
TEST_06866,1.936597,-0.43681583,-0.36311927
TEST_06867,3.938803,-0.22389065,-0.09711129
TEST_06868,1.970013,0.45713463,0.33755448
TEST_06869,3.6221223,-0.7496001,1.3147837
TEST_06870,1.3349094,-0.64957994,-0.44495413
TEST_06871,2.7185988,-1.2250127,0.47597522
TEST_06872,1.479809,-0.7351386,0.13887487
TEST_06873,3.6385014,-0.05819652,0.69285464
TEST_06874,2.5257719,0.4423407,0.670995
TEST_06875,1.0036016,-0.12750618,-0.33709532
TEST_06876,4.202736,0.33339962,0.58854806
TEST_06877,2.6818647,1.1647998,0.13882297
TEST_06878,2.5750077,-0.41244575,0.44010404
TEST_06879,5.5021987,0.33690888,2.1112425
TEST_06880,2.1056883,-0.4752918,0.1036005
TEST_06881,4.300269,-0.04157883,-0.2596924
TEST_06882,4.3370748,0.9575221,0.21974872
TEST_06883,3.5450873,-1.1929437,1.0634991
TEST_06884,2.7521706,0.102994874,-0.52741796
TEST_06885,1.0205938,-0.32894036,0.17545956
TEST_06886,2.9576912,-0.08489163,-0.32695264
TEST_06887,4.3838277,0.116299324,-0.3339923
TEST_06888,3.771682,1.2802465,1.3573627
TEST_06889,4.5384364,-0.4332936,-1.0505419
TEST_06890,1.6535938,0.122423716,-0.11528721
TEST_06891,2.6258671,-0.14390013,-0.5894935
TEST_06892,4.6998963,-0.819915,0.20796083
TEST_06893,2.800819,-0.5642621,0.58178973
TEST_06894,1.6058877,0.111507215,-0.51038885
TEST_06895,3.9484215,0.57726216,-0.7596587
TEST_06896,3.4498658,0.06383201,-0.3152832
TEST_06897,1.4582589,-0.39747632,-0.34289584
TEST_06898,5.0619974,-0.38895947,-1.0501403
TEST_06899,3.8863864,-0.2471995,1.0354947
TEST_06900,2.3012369,0.40563405,-0.6814976
TEST_06901,3.1918828,0.06056855,0.4766145
TEST_06902,1.3091625,-0.5131349,0.31039852
TEST_06903,4.0849504,-0.6318478,1.0740434
TEST_06904,2.4597256,-0.4107237,-0.5065109
TEST_06905,4.9142747,-1.2303317,1.6692568
TEST_06906,2.1761038,0.097800724,-0.4897162
TEST_06907,2.314715,-0.12921658,0.90695745
TEST_06908,2.9047763,0.12733799,0.025097841
TEST_06909,4.883216,0.44341558,-0.32311696
TEST_06910,1.9261725,-0.9719762,-0.49828857
TEST_06911,2.1480346,-1.1887726,-0.47255763
TEST_06912,1.4608961,0.9132791,0.47475392
TEST_06913,2.816437,1.5381806,0.9660826
TEST_06914,1.781837,-0.009597872,-0.16212456
TEST_06915,2.2931714,-0.1957082,-0.2738213
TEST_06916,4.2680516,0.68691856,0.77991444
TEST_06917,1.4053339,0.26437268,0.22297345
TEST_06918,2.8710747,0.70709294,-0.57676804
TEST_06919,3.2570834,-0.7782946,1.9555995
TEST_06920,1.8324819,0.48603514,0.1815915
TEST_06921,1.1162262,0.2886454,0.064320244
TEST_06922,2.0510428,-1.0149084,0.06352551
TEST_06923,3.9866998,-1.205789,0.31339052
TEST_06924,2.0763388,-0.92670345,-0.5512094
TEST_06925,1.2521342,-0.3082878,-0.30378705
TEST_06926,1.5012627,0.70050126,-0.027928503
TEST_06927,4.214507,-0.36924082,0.99853015
TEST_06928,2.4173827,-0.23415104,1.3097898
TEST_06929,3.6366208,0.48994416,-0.08520663
TEST_06930,2.237847,0.28331426,0.41529465
TEST_06931,1.0354844,-0.42503455,0.09687986
TEST_06932,3.2479024,0.14641204,-0.103140436
TEST_06933,2.259564,0.17701446,0.5065408
TEST_06934,2.9179556,-0.1511324,0.28053364
TEST_06935,1.9726924,0.32506725,0.24310796
TEST_06936,1.5075547,0.5498416,0.452722
TEST_06937,3.4713585,0.34626135,0.68909514
TEST_06938,4.637788,1.0862772,-0.21017815
TEST_06939,3.6633296,0.44922248,0.07367413
TEST_06940,1.1649121,0.18476585,-0.34926325
TEST_06941,2.828588,-0.08574102,-1.0559021
TEST_06942,2.2871058,-0.6564753,0.18721226
TEST_06943,3.9308748,-0.55006814,-0.158091
TEST_06944,1.3107674,-0.41127273,-0.3338126
TEST_06945,1.7598039,0.41927326,0.47518823
TEST_06946,1.3867961,-0.038157523,0.6371237
TEST_06947,1.4949266,0.16418561,-0.16100354
TEST_06948,2.506798,-0.49362627,0.31211177
TEST_06949,1.3828584,-0.21198002,-0.32855025
TEST_06950,2.7229016,-0.16948405,-0.027865073
TEST_06951,2.3146641,-0.15547706,0.6088224
TEST_06952,1.1271166,-0.43311563,0.327565
TEST_06953,3.6771386,0.7781981,0.087338895
TEST_06954,2.8824153,-0.6324106,-0.039698243
TEST_06955,2.2443247,-0.28348485,-0.011555975
TEST_06956,4.2643814,1.457985,1.0485743
TEST_06957,3.0330005,-1.0268263,-0.34474143
TEST_06958,1.2671628,0.27045566,-0.39688203
TEST_06959,2.0603616,0.77065,-0.32325953
TEST_06960,2.6661565,-0.46236748,0.37709945
TEST_06961,3.0176876,0.1795173,-1.013024
TEST_06962,0.8820817,0.05479789,0.48137406
TEST_06963,3.6874375,0.27320746,0.37078363
TEST_06964,2.9802363,0.6575368,0.68192446
TEST_06965,2.1756606,-0.87083256,0.91053784
TEST_06966,4.9403305,-0.34555244,0.46668276
TEST_06967,1.3668662,0.35692465,-0.5507467
TEST_06968,4.1914415,2.2167346,0.6500639
TEST_06969,1.2593629,0.29687157,-0.0045720665
TEST_06970,1.6000905,-0.3102198,0.3861466
TEST_06971,1.9289769,0.6154965,0.057924103
TEST_06972,0.9931266,0.5567974,0.3927043
TEST_06973,3.227829,-0.45243415,0.017671235
TEST_06974,2.3918242,0.6361029,-0.8707867
TEST_06975,3.7154272,0.7834198,-0.65173113
TEST_06976,1.194061,-0.6211672,-0.14045861
TEST_06977,1.3117507,0.4348398,0.16104226
TEST_06978,4.3558064,0.26055095,-0.1450247
TEST_06979,4.3528643,1.6323316,1.5077214
TEST_06980,1.2186924,-0.6412269,-0.4517082
TEST_06981,3.550006,-0.5244419,-0.08997215
TEST_06982,2.5168648,0.5129521,-0.08503389
TEST_06983,3.0034218,0.21842872,-0.6769438
TEST_06984,3.249409,-0.34317288,0.45822874
TEST_06985,2.1436827,-0.16239993,1.1664317
TEST_06986,2.200723,0.37819645,0.10356941
TEST_06987,3.049159,0.071877584,0.2263383
TEST_06988,2.9524627,1.163839,0.15247248
TEST_06989,1.9319532,-1.1956997,0.4656184
TEST_06990,1.0370065,-0.28239092,0.1558533
TEST_06991,1.948043,-0.5270168,0.26997277
TEST_06992,1.9778664,-0.85129344,0.8031569
TEST_06993,2.6693642,-0.24587822,-0.42777458
TEST_06994,2.010968,0.6032331,-0.0037763717
TEST_06995,2.3574836,-0.61981094,-0.6861416
TEST_06996,2.159607,-0.6735703,-0.44174153
TEST_06997,2.7877927,-0.47544068,0.5581487
TEST_06998,1.2453902,-0.21574089,0.21596551
TEST_06999,4.8834295,-1.179557,0.4231244
TEST_07000,2.49023,0.60902554,0.28022185
TEST_07001,2.420579,1.512369,0.2718026
TEST_07002,1.9609388,-1.3138597,0.3003646
TEST_07003,1.9157891,1.2671105,0.5633277
TEST_07004,1.6127428,0.06341049,-0.18764885
TEST_07005,3.0084622,0.5724628,-0.24775237
TEST_07006,1.43882,0.5374077,0.24836339
TEST_07007,5.1377864,1.6796068,-0.53803164
TEST_07008,1.3389626,-0.7568194,0.5669852
TEST_07009,4.4362473,0.6861021,1.2633775
TEST_07010,1.4827532,0.21517012,0.35644382
TEST_07011,3.4485788,0.16024761,-0.013142992
TEST_07012,3.342557,0.19833626,0.03463046
TEST_07013,2.4896786,0.037603173,0.21695474
TEST_07014,2.6643996,-0.18753713,0.4967237
TEST_07015,3.7397935,0.9954627,-0.98118716
TEST_07016,1.7760266,-0.8680293,-0.7045317
TEST_07017,3.9528499,-1.5058688,-0.028646065
TEST_07018,4.0942173,1.6650257,-0.45958757
TEST_07019,2.2732794,0.6474444,0.021825789
TEST_07020,1.6739547,0.1270356,-0.3537882
TEST_07021,1.0727837,-0.19292572,0.030679278
TEST_07022,1.9029511,0.5056321,0.24669531
TEST_07023,2.470453,-0.7967629,0.242748
TEST_07024,2.314535,-0.19638443,0.46891198
TEST_07025,3.734206,1.6465898,0.11398209
TEST_07026,2.905797,0.35749224,-0.07231286
TEST_07027,2.0046227,0.6991768,-0.5494996
TEST_07028,2.9178174,-0.044440284,-0.08134184
TEST_07029,2.7440104,-1.4810907,0.040558413
TEST_07030,4.204619,-0.17776264,0.1502737
TEST_07031,2.5856197,-0.4941129,0.3370978
TEST_07032,3.4318345,1.4339104,0.33524448
TEST_07033,1.3201051,-0.66035575,-0.30938396
TEST_07034,1.8810381,-0.017364044,0.11661032
TEST_07035,2.2918866,-0.8897998,-0.48590234
TEST_07036,2.0767086,-0.22711092,-0.65354353
TEST_07037,2.6460173,0.04833629,0.35082713
TEST_07038,2.5472674,0.7411655,1.0934612
TEST_07039,6.194554,0.38181397,2.338682
TEST_07040,4.386856,1.1131318,1.6886687
TEST_07041,1.6849256,0.6479031,0.49910653
TEST_07042,2.7251701,0.40260825,1.1178985
TEST_07043,3.2401357,0.53780824,0.106978744
TEST_07044,3.3375332,0.15488814,0.2620441
TEST_07045,1.3883313,0.18941885,-0.33850634
TEST_07046,3.1557422,-0.4592608,0.48547137
TEST_07047,4.126848,-1.0021926,1.1158842
TEST_07048,4.723248,-1.0497634,1.3428036
TEST_07049,3.0249076,0.35190284,0.34457037
TEST_07050,2.6223207,0.26141185,0.24009147
TEST_07051,1.616845,-0.058115005,-0.3449553
TEST_07052,2.0569193,1.2746772,0.5739695
TEST_07053,3.0224624,-0.38300952,-0.2861344
TEST_07054,3.5027263,-0.15307784,0.73490626
TEST_07055,1.5777187,0.2509772,-0.114579394
TEST_07056,2.1604135,-0.14850861,-0.08508857
TEST_07057,1.697724,0.27464306,-0.5351097
TEST_07058,5.3645983,1.0804058,1.2821826
TEST_07059,1.7846426,0.06116744,-0.016146043
TEST_07060,2.8897588,0.44379336,-0.43836784
TEST_07061,0.96777564,0.4186826,-0.16095185
TEST_07062,1.5560039,0.34275666,0.0506963
TEST_07063,3.2301226,0.7075588,0.91333854
TEST_07064,0.9054316,-0.27451718,-0.13542694
TEST_07065,2.1071897,-1.0629728,0.7518784
TEST_07066,2.8214605,0.059450865,-0.2402154
TEST_07067,3.646567,0.5766722,-1.0498221
TEST_07068,2.3210752,1.2937658,-0.85252213
TEST_07069,1.4185265,0.362569,0.3828378
TEST_07070,3.5553164,-1.4344082,0.54567564
TEST_07071,3.3863935,0.82162243,0.56683403
TEST_07072,2.498073,0.1810798,0.10392519
TEST_07073,2.3690798,0.35728887,-0.27163905
TEST_07074,2.3299935,0.55488455,-0.5245602
TEST_07075,2.1838796,-0.0660153,0.058017157
TEST_07076,1.3926011,-0.07265274,0.45326555
TEST_07077,1.6647285,0.120490655,0.33183825
TEST_07078,3.617483,-1.4889928,0.17782028
TEST_07079,4.767691,0.17222065,0.6110169
TEST_07080,1.244919,0.49662298,0.091509946
TEST_07081,2.637397,0.18617383,-0.019182155
TEST_07082,3.2010589,-1.6460532,-0.22915544
TEST_07083,3.1715105,-1.4801766,1.299705
TEST_07084,3.2824376,-0.88403547,-0.7545033
TEST_07085,2.7917078,0.7056433,-0.037128236
TEST_07086,3.0620916,0.6601917,0.39090198
TEST_07087,1.252968,0.15676898,-0.03498734
TEST_07088,4.1053762,-1.9004266,0.5859907
TEST_07089,3.8925943,-0.2073028,0.06719663
TEST_07090,2.4465382,0.29787874,0.15811539
TEST_07091,2.9166384,-0.017563384,0.63406354
TEST_07092,4.88499,1.3683461,1.3291512
TEST_07093,1.2831365,-0.15613553,0.15758608
TEST_07094,1.6881354,0.42900765,0.5852944
TEST_07095,1.225394,0.06500128,0.40162393
TEST_07096,2.3613763,-0.88217604,0.76436543
TEST_07097,2.4224703,1.4597738,0.64227563
TEST_07098,2.0490198,1.4561836,0.7076146
TEST_07099,3.1640007,-1.698766,-1.4271352
TEST_07100,1.1601942,-0.35664946,0.18778488
TEST_07101,3.4048438,-0.11674493,0.60201925
TEST_07102,1.2729052,-0.6350538,0.2851474
TEST_07103,1.667447,-0.028410299,-0.040426362
TEST_07104,1.4553293,0.13768905,-0.008933975
TEST_07105,2.966897,0.94789135,-0.632853
TEST_07106,2.6778994,-0.5294093,0.69664705
TEST_07107,2.6595361,0.7867251,-0.7452204
TEST_07108,2.454891,-0.10879805,-0.047265995
TEST_07109,3.900226,-0.92582035,-0.43842125
TEST_07110,3.575544,-1.1064974,0.6732668
TEST_07111,1.5825374,0.63244396,-0.13470712
TEST_07112,3.2251334,0.897379,0.0064642406
TEST_07113,2.3780637,0.83303803,-0.23283218
TEST_07114,1.7353202,0.38325948,0.068869494
TEST_07115,1.2041701,-0.30655164,-0.119233385
TEST_07116,1.736785,0.10621298,0.21911137
TEST_07117,2.624456,0.2216694,-0.70027316
TEST_07118,2.7840044,-0.2163149,-0.49899474
TEST_07119,3.2589011,-1.8755431,-0.46809968
TEST_07120,2.0647464,-0.99145323,-0.6552947
TEST_07121,2.5193381,-1.2727073,-0.7180033
TEST_07122,3.7099411,-1.2843597,-0.0653958
TEST_07123,1.4515643,-0.49034688,0.2645641
TEST_07124,2.4931424,-0.15988502,0.60938716
TEST_07125,2.3876166,-0.52977806,0.25699612
TEST_07126,5.2270017,0.61819667,0.38356182
TEST_07127,4.3428473,0.64395005,0.0053986823
TEST_07128,5.1675053,0.8914429,-0.17161806
TEST_07129,1.7976421,0.06849309,0.30367613
TEST_07130,2.8691795,-0.37052032,-0.3977561
TEST_07131,1.8297763,0.3373593,0.048470415
TEST_07132,1.0456799,-0.25121823,0.2840067
TEST_07133,1.4926692,0.27246627,-0.11403324
TEST_07134,1.4893819,0.12514862,0.22983226
TEST_07135,2.0534787,-0.7909182,0.25237143
TEST_07136,2.3063815,-1.2351334,0.10715512
TEST_07137,4.2748394,-1.6334041,-0.68388456
TEST_07138,2.8930209,0.6794163,0.23903799
TEST_07139,4.6504307,-0.17694037,1.2781557
TEST_07140,2.8193521,0.40481314,0.39597288
TEST_07141,2.8945081,-0.1942044,-0.9589473
TEST_07142,1.1361607,-0.23013845,0.23522551
TEST_07143,1.4133039,-0.16911313,0.22156963
TEST_07144,4.2149568,-0.70403785,0.19064711
TEST_07145,4.0551476,0.7042162,0.999301
TEST_07146,2.077321,0.16720207,0.25131232
TEST_07147,4.7511725,0.01675916,0.016450766
TEST_07148,3.4537935,-0.4816577,0.56008714
TEST_07149,3.027656,-1.2351881,0.5609263
TEST_07150,4.9165606,0.58771616,-1.029854
TEST_07151,1.5293387,0.5335413,0.14185554
TEST_07152,3.3283577,1.112713,-0.26762375
TEST_07153,3.2878156,0.47227362,1.1027207
TEST_07154,2.340761,0.16738383,0.008164343
TEST_07155,1.3830189,0.26007548,-0.1528415
TEST_07156,2.9948149,0.87126994,0.5458666
TEST_07157,2.4443476,0.823886,0.44840762
TEST_07158,2.7723339,0.089395925,1.1470321
TEST_07159,5.576012,-1.0834464,2.248435
TEST_07160,2.141411,-0.414202,0.49017698
TEST_07161,3.3087242,0.3895355,1.0160056
TEST_07162,2.7749324,-1.6246142,1.172671
TEST_07163,1.528529,1.3794028,0.38042396
TEST_07164,2.3609657,0.22252326,0.0046292176
TEST_07165,1.6747111,-0.110497914,0.20214711
TEST_07166,1.6134455,-0.63799465,0.05312717
TEST_07167,1.8446271,0.06817856,-0.22388533
TEST_07168,2.2154763,0.6873116,0.85298765
TEST_07169,3.6670332,0.27670828,-0.017961217
TEST_07170,1.8468698,-0.18604213,-0.35208434
TEST_07171,3.8554788,-0.30257618,-0.73299146
TEST_07172,2.5950272,1.3844986,-0.18303023
TEST_07173,0.9140676,0.35322464,-0.043703463
TEST_07174,1.0832064,-0.38409582,-0.12907593
TEST_07175,2.1672676,0.0022929863,0.28496468
TEST_07176,1.186381,0.0664477,0.48339927
TEST_07177,2.5866785,-0.04347886,0.95317817
TEST_07178,3.0953562,-0.21162915,-0.96521336
TEST_07179,3.4113135,-1.5043919,0.48151448
TEST_07180,2.4454186,0.51439583,-0.796516
TEST_07181,1.0448471,-0.030819828,0.23340029
TEST_07182,1.8257501,-0.10641614,0.10244213
TEST_07183,4.367953,0.08886794,0.5756716
TEST_07184,2.872354,-0.13230106,0.011428398
TEST_07185,2.7203202,0.038077373,1.190466
TEST_07186,2.6504304,0.32057956,-0.50227773
TEST_07187,4.1255054,-0.17664354,0.6780337
TEST_07188,2.4207306,-0.670559,0.20387632
TEST_07189,4.3972898,-1.1564196,1.4027873
TEST_07190,3.9953146,-1.5898349,1.4696407
TEST_07191,2.5171738,-0.5121759,-0.22286324
TEST_07192,3.703271,1.3450894,1.4636542
TEST_07193,2.6938174,1.2922357,0.8696872
TEST_07194,2.5271285,-0.17814016,-0.4295799
TEST_07195,2.079701,-0.70173234,0.32471412
TEST_07196,1.926917,1.3302809,-0.30621812
TEST_07197,2.4804623,0.28752735,-0.26673123
TEST_07198,3.626836,-1.2509948,1.1861292
TEST_07199,3.5972657,-1.352497,0.9045133
TEST_07200,4.081816,-0.06973837,0.58031857
TEST_07201,3.807385,-0.5539896,1.1752756
TEST_07202,1.0208949,-0.3404593,0.466866
TEST_07203,2.1301436,1.4212544,0.089068875
TEST_07204,2.417956,-0.50586194,-0.15811457
TEST_07205,2.7368505,0.93315214,-0.40702647
TEST_07206,3.6294878,0.23495542,-0.3437671
TEST_07207,2.1888456,-0.3770339,-0.6867563
TEST_07208,5.670481,0.10806212,-0.40942848
TEST_07209,2.123136,-0.66931504,0.006686415
TEST_07210,2.7008562,0.500911,0.077194706
TEST_07211,4.4358716,-0.4591815,0.07964935
TEST_07212,0.88054526,-0.49929073,-0.2619464
TEST_07213,1.5312743,0.23719855,0.0790549
TEST_07214,1.83793,-1.3287597,0.4058456
TEST_07215,4.06299,1.2254857,-1.346069
TEST_07216,1.8587453,0.054236457,-1.0269501
TEST_07217,3.2289348,-0.23987052,0.94906706
TEST_07218,1.278631,0.7831952,-0.4657137
TEST_07219,2.2117896,-0.9240956,-0.24186172
TEST_07220,1.8775352,-0.64785606,-0.030014776
TEST_07221,3.4021842,-0.27368295,-1.1449372
TEST_07222,1.3399775,0.50967413,-0.12759873
TEST_07223,3.972009,-0.3227586,0.5717796
TEST_07224,2.799153,0.47054702,0.98803616
TEST_07225,3.5636318,0.8201754,0.7363712
TEST_07226,3.3790228,0.7345265,-0.10691251
TEST_07227,4.4352856,-0.34907785,-0.09035504
TEST_07228,2.1907532,0.6391501,0.12236512
TEST_07229,2.9165065,-1.2606853,-0.8551318
TEST_07230,2.9143922,0.1868436,-0.6071367
TEST_07231,1.9152254,0.3164944,-0.0659462
TEST_07232,3.3544364,-1.0831621,1.5934966
TEST_07233,2.7705293,0.40646094,0.9995357
TEST_07234,1.9709065,0.38696635,0.27753618
TEST_07235,2.0028472,-0.71943176,0.3710894
TEST_07236,2.8300798,-1.1405848,-0.46842468
TEST_07237,2.6553879,0.4301488,0.52956116
TEST_07238,3.635779,0.83246505,-0.20786363
TEST_07239,4.3144593,1.5526899,-0.9085214
TEST_07240,2.4974573,-1.8463875,-0.97744787
TEST_07241,4.2046804,1.5068108,0.74164593
TEST_07242,2.8192801,-1.0329337,-0.8414327
TEST_07243,3.9815085,0.29448912,0.24765511
TEST_07244,3.2366433,0.049588338,0.61523616
TEST_07245,2.364637,-0.045795117,-0.738136
TEST_07246,4.7009726,0.43831027,-0.9274777
TEST_07247,1.463295,-0.09838559,-0.24319561
TEST_07248,1.7791822,0.6565384,0.122056365
TEST_07249,3.5499985,0.5448332,0.13258152
TEST_07250,1.8199008,0.4386261,-0.14765449
TEST_07251,1.5445693,-0.056794383,0.26580253
TEST_07252,2.4761786,-1.3315501,-0.73078406
TEST_07253,1.0797664,0.0942849,0.1345502
TEST_07254,3.703331,1.2298764,-0.38570932
TEST_07255,2.2025366,-0.9011473,-0.058587823
TEST_07256,3.2357614,0.67438245,-0.5183079
TEST_07257,3.8476381,0.8261157,2.0235748
TEST_07258,4.1004033,0.58564895,-0.35915235
TEST_07259,1.1735623,-0.19278644,-0.46155813
TEST_07260,3.0381455,0.60377765,0.50570357
TEST_07261,2.8332758,0.017640678,0.28848773
TEST_07262,1.8279012,-0.1313839,-0.3296477
TEST_07263,3.0911887,-1.0536956,0.5616772
TEST_07264,2.7137911,0.04312068,0.26371557
TEST_07265,2.022406,0.048776507,-0.4482632
TEST_07266,1.9099042,-0.05400807,-0.43965563
TEST_07267,2.0144017,0.35884613,-0.03142727
TEST_07268,2.6696515,0.7522239,0.5902285
TEST_07269,4.8046474,0.2536508,1.2268218
TEST_07270,1.8023472,-0.22349,-0.2233339
TEST_07271,2.1298444,-0.41991246,-0.14592227
TEST_07272,1.1765058,0.3976541,-0.5083661
TEST_07273,1.9298106,-0.48671952,-0.4407101
TEST_07274,3.6082518,0.3657815,-0.49977311
TEST_07275,1.953503,-0.8570396,0.3351574
TEST_07276,1.3861376,0.91419667,0.4594384
TEST_07277,2.1991692,0.11737885,0.6690091
TEST_07278,2.8536665,0.86683285,1.1065353
TEST_07279,5.2830505,-1.3966496,-0.5293628
TEST_07280,1.5278897,0.3400612,-0.005875319
TEST_07281,4.848651,-0.36729866,0.54487777
TEST_07282,2.1353974,0.31473258,-0.6611887
TEST_07283,1.0473819,0.70736957,-0.12242034
TEST_07284,2.6385148,-0.35787824,0.08343376
TEST_07285,1.7750285,0.34941733,0.17402147
TEST_07286,2.0553463,0.45525926,-0.41386822
TEST_07287,4.7402596,1.5232582,-0.8962533
TEST_07288,5.98541,-0.9634416,1.6807753
TEST_07289,3.8375742,0.31151304,1.1557255
TEST_07290,2.0321097,0.19082803,0.42060414
TEST_07291,3.9152994,0.38673285,0.9575029
TEST_07292,5.0140004,0.4071546,-0.767819
TEST_07293,2.8222845,0.12327668,0.16533719
TEST_07294,1.7830491,1.1491897,0.3419291
TEST_07295,2.7120519,0.39154175,-0.30851543
TEST_07296,2.5502288,0.5947034,-0.66149586
TEST_07297,3.674085,-0.3370479,0.38090754
TEST_07298,5.7775126,1.532173,1.7831529
TEST_07299,1.3713621,-0.22357634,-0.1788717
TEST_07300,1.9578294,0.33284685,0.5037607
TEST_07301,1.0933167,-0.0315424,0.3197872
TEST_07302,1.5771496,0.16650896,-0.07873816
TEST_07303,1.8550105,-0.13654122,0.5633934
TEST_07304,1.1579992,-0.22868839,0.2985837
TEST_07305,3.2346003,-1.4232687,1.9572905
TEST_07306,2.0025163,0.27651796,-0.17193799
TEST_07307,3.0514016,-0.44286716,-0.9348468
TEST_07308,3.218137,0.30892995,-0.035837125
TEST_07309,4.4801855,-1.2795569,1.2991697
TEST_07310,3.7861907,0.34818307,-0.54801863
TEST_07311,2.1976125,0.8208084,-0.53544575
TEST_07312,2.9177012,-0.79077697,-0.9065488
TEST_07313,2.2159762,-0.42042246,0.22756007
TEST_07314,1.5905049,-0.3389615,0.08966049
TEST_07315,0.88985115,0.13915059,-0.1470166
TEST_07316,2.1147728,-0.61918247,0.048679367
TEST_07317,1.9126372,-0.67521024,0.40883252
TEST_07318,1.9697967,-0.8044627,-0.3066722
TEST_07319,5.7010894,0.58648026,0.5282052
TEST_07320,3.6620896,-1.3246611,-0.6534456
TEST_07321,3.1080542,0.22337587,-0.31115866
TEST_07322,3.541076,-1.8007072,0.69142526
TEST_07323,2.5645087,-0.93855166,0.95816153
TEST_07324,1.6891507,0.10794342,0.14399806
TEST_07325,1.3527321,0.33066934,0.26597136
TEST_07326,3.1562235,0.40750322,0.60478306
TEST_07327,2.395371,1.2521298,0.25889727
TEST_07328,4.5033255,-0.16298269,-0.9232775
TEST_07329,4.1086445,0.031333644,-0.30437753
TEST_07330,1.3638526,0.12964015,0.29764426
TEST_07331,2.8706756,0.2887658,0.24884152
TEST_07332,2.6589403,1.6233208,-0.7970477
TEST_07333,1.9670459,-0.26873878,0.31502756
TEST_07334,2.3080451,0.23895533,0.860433
TEST_07335,3.620562,0.796164,0.3941439
TEST_07336,2.1268263,-0.061239127,-0.20390193
TEST_07337,2.0714486,0.25275436,-0.24550837
TEST_07338,1.744144,1.2976544,0.30575237
TEST_07339,3.154247,-0.8242615,1.0071152
TEST_07340,1.6631005,0.24766989,-0.16189483
TEST_07341,1.1225427,-0.5353593,0.08525388
TEST_07342,2.0125897,-0.8437478,-0.7614172
TEST_07343,1.3467547,0.07637822,-0.35978478
TEST_07344,3.279775,0.15110452,0.089074515
TEST_07345,3.1455119,0.019964727,0.016849663
TEST_07346,1.6915249,-0.7442799,0.41434047
TEST_07347,3.0325994,0.21785477,0.9122576
TEST_07348,1.6658493,0.17943963,0.12398362
TEST_07349,2.4621587,-1.4125292,0.6113593
TEST_07350,4.477884,-0.21991353,0.79999316
TEST_07351,1.5626181,0.5451962,0.2461871
TEST_07352,1.200886,-0.47809994,-0.36374667
TEST_07353,1.987944,-0.08991447,0.33666134
TEST_07354,3.0153277,-0.43777168,0.07254309
TEST_07355,1.7102557,0.044024568,0.13170585
TEST_07356,1.9205438,-0.36413485,0.053052187
TEST_07357,2.486907,-0.49917513,0.35894066
TEST_07358,1.8812501,0.17991377,0.3438174
TEST_07359,5.7963076,-0.9126873,0.7835892
TEST_07360,2.7210312,1.2499276,-0.15216585
TEST_07361,2.3742807,1.4323853,-0.71904415
TEST_07362,0.8544518,0.5142791,0.32058
TEST_07363,3.4476671,0.72290593,-0.0958164
TEST_07364,2.354484,-0.34698144,0.50382876
TEST_07365,2.6648967,-0.80342156,-0.46864897
TEST_07366,4.433162,-1.1625057,1.1047512
TEST_07367,3.2284448,-1.5129274,0.09612766
TEST_07368,1.9664384,-0.34793887,-0.24957602
TEST_07369,1.7096237,-0.45688576,-0.16917808
TEST_07370,1.9879795,0.29197535,-0.05459317
TEST_07371,2.3203704,0.19154857,0.18192632
TEST_07372,3.5013185,1.2856828,-1.3042549
TEST_07373,1.3931632,-0.58125055,0.36262032
TEST_07374,2.7523935,1.4923317,-0.10018648
TEST_07375,3.4341729,0.8738542,0.46372953
TEST_07376,1.8412129,-0.05397508,-0.6977814
TEST_07377,1.4462819,0.37091574,0.80892444
TEST_07378,1.2779957,0.7193544,-0.2120702
TEST_07379,4.324413,1.5217084,1.3675084
TEST_07380,1.8551648,0.32666588,-0.305814
TEST_07381,2.4084544,0.2704258,0.11482047
TEST_07382,1.6133215,0.035843607,0.10844967
TEST_07383,2.0388367,0.5471989,0.089682534
TEST_07384,2.6597986,-0.32539803,-0.81038517
TEST_07385,3.374348,-0.29411176,0.27958634
TEST_07386,2.681558,-0.15110816,-0.9057594
TEST_07387,2.2910018,-0.080795355,-0.6860774
TEST_07388,1.8989747,-0.019062825,0.22999635
TEST_07389,1.289036,-0.5904907,-0.6699665
TEST_07390,3.8967628,0.89003146,-0.79569405
TEST_07391,2.1839817,-0.6089742,-0.2531167
TEST_07392,2.2358153,0.32744983,0.03965818
TEST_07393,2.524743,-0.00036423642,-0.19314012
TEST_07394,1.7159718,-0.3583616,-0.265653
TEST_07395,1.5316135,0.4351773,0.12552863
TEST_07396,2.6776385,1.1136413,0.7239627
TEST_07397,3.0201488,0.16208199,0.550892
TEST_07398,3.590102,1.8048415,0.5626844
TEST_07399,5.4868746,-0.7614243,0.79177487
TEST_07400,4.2193704,1.7414908,0.92765194
TEST_07401,1.3093262,1.0027183,-0.19449084
TEST_07402,2.3749163,1.1481144,-0.4299607
TEST_07403,2.5723455,0.28960815,0.91653675
TEST_07404,1.1619003,0.25960633,-0.10258091
TEST_07405,2.1163235,-0.083733164,0.28671625
TEST_07406,4.396957,1.1911265,1.1840705
TEST_07407,4.642328,-0.9044632,0.8986165
TEST_07408,5.641525,0.98115003,0.4164451
TEST_07409,2.6085303,-0.18865237,0.06904256
TEST_07410,2.9411757,-0.3054142,-0.25509772
TEST_07411,2.4311867,-0.07392245,0.5573406
TEST_07412,2.8638494,0.48139885,-0.4183347
TEST_07413,1.0636894,0.22058013,0.18452063
TEST_07414,1.2172374,-0.6878369,-0.25308838
TEST_07415,2.170754,-0.7017247,-0.08026752
TEST_07416,2.5411253,-1.126454,0.3344039
TEST_07417,3.2569582,-0.3035933,0.99101394
TEST_07418,1.877201,1.1442102,-0.9053713
TEST_07419,3.4202716,-1.518457,0.9623068
TEST_07420,2.3646376,-0.89729536,-0.117343925
TEST_07421,3.1034632,-0.051701043,0.1299811
TEST_07422,1.4791769,-0.19904938,0.10037633
TEST_07423,1.3835204,-0.0041505103,0.47272652
TEST_07424,1.996507,0.283927,0.87754536
TEST_07425,4.2013965,0.01724645,1.5108151
TEST_07426,2.5380082,-0.2799709,-0.1336021
TEST_07427,2.2450185,-0.24475642,0.060676526
TEST_07428,2.9318466,-0.044479497,0.039023366
TEST_07429,0.79333484,0.23390914,-0.013088678
TEST_07430,2.6828623,-0.57696533,0.887336
TEST_07431,1.9101919,-0.9586791,0.022041587
TEST_07432,2.0116658,-0.15093449,-0.31722817
TEST_07433,3.0912461,-0.065520376,0.5723238
TEST_07434,2.0356941,-0.6481632,0.2999511
TEST_07435,2.0184538,0.13549535,0.115794234
TEST_07436,1.2625057,0.25548235,0.127143
TEST_07437,2.645595,0.57239366,0.1643791
TEST_07438,3.4904203,-1.7703843,0.22968131
TEST_07439,3.792391,-0.29261452,-0.74128944
TEST_07440,2.4354312,-1.5543276,-0.42984137
TEST_07441,4.5349884,0.79296124,-0.9927721
TEST_07442,1.9466686,-1.4736094,0.6394893
TEST_07443,3.46038,1.5165993,-0.42471588
TEST_07444,1.7995446,-0.1380104,0.5403694
TEST_07445,1.3189089,0.5131594,0.3271872
TEST_07446,4.1264653,0.77906793,0.8425369
TEST_07447,4.393625,-0.7454559,-0.00871234
TEST_07448,4.709312,1.3367869,1.0272136
TEST_07449,4.109896,0.2555569,0.85851824
TEST_07450,1.6908706,0.027176717,-0.32824692
TEST_07451,4.3134937,-0.3536002,-0.9128629
TEST_07452,4.3935046,1.1854535,1.3756872
TEST_07453,3.0920706,-0.41854876,0.15820327
TEST_07454,2.1806664,0.7730096,0.18709792
TEST_07455,3.0242114,0.93146837,-0.033080157
TEST_07456,2.8215358,1.0238459,1.5945866
TEST_07457,1.4583721,-0.46006268,-0.052866247
TEST_07458,2.9821608,-0.25134835,-0.9498994
TEST_07459,2.909993,0.40576595,0.05018642
TEST_07460,1.5908792,-0.3122163,0.28209475
TEST_07461,2.7682576,-0.47121862,-0.8807094
TEST_07462,1.8609453,-0.49561945,-0.31995824
TEST_07463,2.3726332,-0.58394676,-0.08605025
TEST_07464,2.007435,0.11188624,-0.0016098659
TEST_07465,1.3101872,0.31668848,-0.37411064
TEST_07466,1.9524873,-0.10133689,0.38446787
TEST_07467,3.4105692,0.5034009,0.5171975
TEST_07468,2.1165054,0.098421566,0.5479355
TEST_07469,4.389909,-0.14896573,0.99326336
TEST_07470,1.5019382,-0.040149555,0.42266688
TEST_07471,1.6537967,-0.7088386,0.015241524
TEST_07472,2.7433593,-1.0187333,-0.18031262
TEST_07473,4.224662,0.26639757,-0.3904728
TEST_07474,2.479094,0.28164658,0.08863831
TEST_07475,1.5048207,0.43373454,-0.024209619
TEST_07476,2.5145488,0.75416374,0.69206804
TEST_07477,3.0421748,0.33147123,-0.094042264
TEST_07478,2.2384527,-1.1808716,-0.21200277
TEST_07479,5.6048636,-0.28085425,-0.29177192
TEST_07480,4.2739625,1.9179131,-0.8923805
TEST_07481,4.2561665,-1.2070594,0.41020626
TEST_07482,1.0157021,0.027758855,0.52081704
TEST_07483,3.8726358,-0.37319005,1.138247
TEST_07484,3.0231128,0.048884396,1.3799535
TEST_07485,1.4205743,0.14475872,-0.40682676
TEST_07486,3.4163804,-0.46080214,0.6595608
TEST_07487,4.3940268,0.8453192,0.5376723
TEST_07488,4.2578535,-2.1195834,-0.16957112
TEST_07489,3.639899,0.49551842,0.8985377
TEST_07490,1.3350309,-0.54410166,-0.27382702
TEST_07491,2.7430685,-0.621865,-0.9939014
TEST_07492,4.6186476,0.18109424,-0.56384397
TEST_07493,2.123403,0.1257694,-0.1571869
TEST_07494,1.613219,0.5206663,0.38885677
TEST_07495,2.0105007,-1.1356604,-0.13090773
TEST_07496,2.1519825,-0.42652348,1.0191277
TEST_07497,3.9722075,-0.48784444,-0.37923774
TEST_07498,3.890093,-1.3531868,0.020681718
TEST_07499,2.2603362,-0.022218112,-0.13458794
TEST_07500,1.3902699,-0.43459758,0.05844672
TEST_07501,3.5997484,-0.58584976,-0.81312907
TEST_07502,1.202717,-0.3961964,-0.35818925
TEST_07503,1.5684593,0.35538706,-0.5031226
TEST_07504,4.3470798,-0.07272981,1.2245331
TEST_07505,5.1223774,-0.472745,-0.18456663
TEST_07506,2.092814,-0.36737135,-0.9651034
TEST_07507,3.745637,0.014198046,-0.22102046
TEST_07508,2.237287,-0.30915853,0.32359418
TEST_07509,4.023225,-1.5802479,1.0836637
TEST_07510,2.4657035,-0.47205552,-0.76463586
TEST_07511,2.7605321,-0.56392515,-0.422911
TEST_07512,3.8030596,0.81224644,2.0963428
TEST_07513,2.412461,-0.88506204,0.19778952
TEST_07514,2.4618542,0.2520651,0.047879748
TEST_07515,1.8193756,-0.071268626,0.3179012
TEST_07516,3.5670154,-0.03698007,-0.39351913
TEST_07517,3.0100088,-0.036746863,0.7736347
TEST_07518,2.6948848,1.3753182,-0.01384317
TEST_07519,5.655757,0.5375034,0.06267045
TEST_07520,4.1599936,0.1968418,0.24055222
TEST_07521,3.1738164,2.0242171,0.6355093
TEST_07522,3.660339,-0.029851103,0.18943353
TEST_07523,2.1683936,-1.1409628,0.36146653
TEST_07524,1.9504716,-0.46697634,-0.5687415
TEST_07525,2.0306735,-0.026216056,-0.6496675
TEST_07526,2.6479943,-0.719524,-0.4552236
TEST_07527,4.0791044,0.5003497,0.17203382
TEST_07528,4.9355083,0.99323565,-0.8767213
TEST_07529,3.1228154,0.20620342,-0.1612275
TEST_07530,2.620594,0.40352842,0.2238452
TEST_07531,3.509154,-0.6711456,-0.7759856
TEST_07532,3.5738444,-0.060425732,1.5933673
TEST_07533,1.0989803,-0.16360237,0.100082
TEST_07534,3.000727,0.5808295,0.017962221
TEST_07535,1.7291452,-0.91655266,0.043032583
TEST_07536,2.3947346,-1.0076964,0.9334518
TEST_07537,2.2361534,0.6581896,0.055520598
TEST_07538,3.983106,1.2829347,1.4423643
TEST_07539,2.4517887,0.23342425,-0.782124
TEST_07540,2.7058275,-0.54601514,0.24827008
TEST_07541,2.7277045,-0.077627584,0.29133207
TEST_07542,1.4959117,-0.200353,0.29030192
TEST_07543,1.6055969,-0.84543926,0.0005294577
TEST_07544,3.2006388,-0.14344846,0.096402325
TEST_07545,3.3019469,-0.13044742,1.0347588
TEST_07546,2.59812,0.17504463,0.007752232
TEST_07547,2.9340553,0.4911457,-0.4986994
TEST_07548,3.239822,0.08261919,-0.1322359
TEST_07549,4.1559124,-1.3303523,0.28517044
TEST_07550,2.5050004,-1.3653541,-0.493821
TEST_07551,1.2532791,-0.12670565,0.010278282
TEST_07552,3.383878,1.6309172,-0.4583277
TEST_07553,3.6193898,-1.9061999,-1.0600542
TEST_07554,1.8661731,-0.47881153,0.10809935
TEST_07555,1.8306348,-0.8682052,-0.66772294
TEST_07556,1.9848417,-0.35607058,0.21500394
TEST_07557,2.6438932,-0.90271443,0.051317822
TEST_07558,2.1881366,-0.0006391369,-0.206546
TEST_07559,4.892683,-0.39105558,-0.10589059
TEST_07560,4.376366,-0.93799007,0.7811992
TEST_07561,4.6921906,1.4862417,1.0337979
TEST_07562,2.2928014,-1.7183282,-0.7475669
TEST_07563,3.8863199,0.90319043,-1.3507981
TEST_07564,2.459004,0.05793125,0.9336422
TEST_07565,1.2404153,0.19254392,0.013993314
TEST_07566,4.8394475,0.5860388,1.2090343
TEST_07567,3.151681,-0.23965283,-0.6268475
TEST_07568,1.4400281,-0.8013062,0.34258994
TEST_07569,3.89746,0.0708832,-0.68677014
TEST_07570,2.4361475,-0.72988164,-1.022697
TEST_07571,3.2741644,-0.2900933,0.40682712
TEST_07572,3.5113404,-0.8697582,-0.6543669
TEST_07573,2.270857,0.0856239,-0.16171989
TEST_07574,2.169277,1.0762799,-0.32036564
TEST_07575,3.9178183,0.7639695,-0.2292501
TEST_07576,1.6191919,0.6789882,0.41021594
TEST_07577,3.7307029,-0.7773499,0.58523303
TEST_07578,1.408458,1.4030614,0.53318006
TEST_07579,3.8100936,-0.09151919,-0.7524586
TEST_07580,3.277577,-0.43542725,0.85184675
TEST_07581,0.9351277,-0.29496136,-0.062533304
TEST_07582,1.3432583,0.5974276,-0.16676544
TEST_07583,4.389632,0.6249128,0.9077288
TEST_07584,0.92413443,0.36761954,0.01559763
TEST_07585,2.925531,1.2218778,0.8923415
TEST_07586,2.3159025,0.18714419,-0.45937666
TEST_07587,1.4642504,0.062213346,0.07451363
TEST_07588,3.0079,0.18869154,-0.40814078
TEST_07589,3.7217898,-0.8606292,1.0245395
TEST_07590,3.007711,0.9091959,0.49067026
TEST_07591,1.5318438,-0.97225285,-0.17407121
TEST_07592,2.9943993,1.444472,1.3682506
TEST_07593,3.3471105,-0.5444946,0.87237823
TEST_07594,2.2378716,0.35244113,-0.02364152
TEST_07595,2.3190775,0.5507494,0.64540935
TEST_07596,3.6138232,-1.3503958,-0.47187373
TEST_07597,2.9823675,-0.2341476,0.5724327
TEST_07598,2.9001741,-1.1659144,-0.4813494
TEST_07599,4.8144884,0.6895255,0.21718566
TEST_07600,1.967339,0.24846226,0.083563976
TEST_07601,2.814285,-0.5564972,0.8744045
TEST_07602,3.3284461,-0.14814931,0.43683386
TEST_07603,2.8076844,-0.60158944,-1.324426
TEST_07604,1.4106272,0.15918949,-0.18039022
TEST_07605,2.3944857,0.49153292,-0.7255556
TEST_07606,2.1356266,0.13252875,-0.31977007
TEST_07607,4.7017813,0.8643698,1.1976756
TEST_07608,1.3882523,0.7159635,0.33811226
TEST_07609,2.1499982,0.71314627,0.13598755
TEST_07610,3.2050986,-0.47594646,0.61164284
TEST_07611,1.3435808,0.104017965,0.21670304
TEST_07612,3.2080755,0.9588352,-1.1994847
TEST_07613,1.4058074,-0.4028394,-0.046693817
TEST_07614,3.6387408,0.89509296,0.31379795
TEST_07615,1.4974991,0.14945707,-0.016412714
TEST_07616,1.7154728,-0.5435964,-0.65160453
TEST_07617,3.0397274,-0.59025294,0.79803395
TEST_07618,1.8651338,-0.94439375,-0.54200345
TEST_07619,3.3968158,-0.059767567,-0.04415207
TEST_07620,1.5631534,-0.10893701,0.38289404
TEST_07621,2.4214947,0.05559138,0.16033956
TEST_07622,2.077357,-0.7733892,0.74065435
TEST_07623,2.3714535,0.26485497,-0.56376445
TEST_07624,3.2163234,-0.063534826,0.040789206
TEST_07625,1.578005,0.8523113,-0.24909909
TEST_07626,3.583719,-0.65629476,-1.1483501
TEST_07627,2.134744,-0.42449865,0.29010835
TEST_07628,2.6043208,-0.38957566,0.054125506
TEST_07629,4.516891,-1.8731194,1.7558119
TEST_07630,4.3706937,0.44611958,1.6518718
TEST_07631,1.6218756,-0.12645343,-0.019774817
TEST_07632,1.9673742,-0.91088176,-0.12796552
TEST_07633,3.4244485,1.482056,0.08326837
TEST_07634,3.1293454,0.51613116,-0.13888861
TEST_07635,1.3034523,-0.010920317,0.42013967
TEST_07636,4.7031083,-1.7186526,-0.39824766
TEST_07637,1.6377631,0.46035698,0.11477692
TEST_07638,1.5456531,-0.40413216,0.5622017
TEST_07639,5.113096,-0.9934476,-0.2900843
TEST_07640,1.3368258,0.66006815,-0.1890715
TEST_07641,4.943283,2.0565135,0.73806685
TEST_07642,2.5263216,0.29566565,-0.44323045
TEST_07643,4.0796127,-1.0035378,-1.2908276
TEST_07644,2.049131,0.18639997,0.06254327
TEST_07645,0.8280411,-0.25246823,-0.12759593
TEST_07646,4.682757,1.1424288,-0.56902236
TEST_07647,4.694127,1.3311198,0.7551531
TEST_07648,1.9177139,-0.8462659,0.12039394
TEST_07649,4.530503,-0.4567396,-0.5849752
TEST_07650,0.8082596,-0.14936672,-0.042123735
TEST_07651,1.7538648,0.37332055,-0.28522065
TEST_07652,3.3900847,1.1375439,0.6230423
TEST_07653,1.7056,-0.39264834,-0.04171456
TEST_07654,2.9639547,0.18124428,-0.6533282
TEST_07655,3.2698104,-0.17039864,-0.44441745
TEST_07656,1.4119499,0.22224416,0.41425312
TEST_07657,2.464851,0.7293934,0.3188649
TEST_07658,3.71107,-0.45374122,-0.29558796
TEST_07659,3.2076871,-1.4824433,-1.2628862
TEST_07660,1.590763,-0.44799492,0.25633067
TEST_07661,2.9584846,0.29122108,0.9066473
TEST_07662,1.9450833,-0.36753267,0.6458906
TEST_07663,1.2757366,-0.20592563,0.014018255
TEST_07664,2.728319,0.27399662,0.6378101
TEST_07665,5.4410124,-0.41470724,-0.6017986
TEST_07666,2.7354307,-0.103344336,-0.8366017
TEST_07667,2.2544866,-0.2194318,0.79731387
TEST_07668,1.6136807,-0.5297183,0.25581154
TEST_07669,2.2811272,-0.3704793,1.349168
TEST_07670,4.519875,0.670258,0.7941401
TEST_07671,3.0415983,0.4218044,-0.14183743
TEST_07672,1.8792288,-0.9428098,0.1504874
TEST_07673,3.976626,0.24288003,0.884196
TEST_07674,2.7790496,0.3286986,0.0043712356
TEST_07675,2.3655372,-1.0801917,1.1028517
TEST_07676,3.9119997,1.1259142,0.60970575
TEST_07677,2.4440682,-0.3162923,0.29775918
TEST_07678,1.7487152,-0.92151624,-0.92270315
TEST_07679,3.2464013,-1.0766537,-1.0542042
TEST_07680,1.9361587,1.7144607,-0.80289555
TEST_07681,2.7844882,1.3654429,-0.23266824
TEST_07682,3.0995493,0.89067656,1.2806531
TEST_07683,2.2684813,1.3148247,0.3880213
TEST_07684,2.7876127,0.15589127,-0.0025332088
TEST_07685,2.7652733,-0.6144631,-0.78072524
TEST_07686,1.4473093,-0.32923803,0.16267356
TEST_07687,4.8002057,-0.68386763,0.8597906
TEST_07688,5.7171073,0.57595956,-0.5497579
TEST_07689,1.6951855,0.36910552,0.0029827345
TEST_07690,1.8762702,0.17101565,-0.096990086
TEST_07691,1.5264708,-0.37964916,0.2854851
TEST_07692,2.5649476,0.6749344,0.39180046
TEST_07693,2.0231926,0.16862752,0.2053937
TEST_07694,2.7833724,0.73777276,0.82161367
TEST_07695,3.4207563,0.49700096,-0.1958598
TEST_07696,1.6093566,-0.06806471,-0.6073582
TEST_07697,3.606584,-1.1354078,1.918865
TEST_07698,5.686461,1.2180742,-0.059750594
TEST_07699,4.441512,-1.724756,0.12805775
TEST_07700,0.9614969,0.3478428,0.11656711
TEST_07701,3.4788854,-0.09562075,0.36590213
TEST_07702,2.1390707,-0.44441003,0.93307877
TEST_07703,3.4900017,-0.17385373,0.2540507
TEST_07704,3.5569682,-0.17191328,0.42003205
TEST_07705,1.1905183,-0.11108402,-0.15934391
TEST_07706,3.056613,-0.34733656,-0.89134413
TEST_07707,2.1169198,-0.03340539,-0.5276666
TEST_07708,3.2206001,-0.44108453,-0.13900338
TEST_07709,1.3025086,-0.35073343,-0.43802807
TEST_07710,1.270281,-0.30106175,-0.11427005
TEST_07711,2.0817747,-0.63634294,-0.3693506
TEST_07712,2.6710756,1.5151466,0.67959213
TEST_07713,3.2261877,0.13141523,0.29031605
TEST_07714,3.2611132,-0.20761319,-0.33205462
TEST_07715,1.1086146,-0.24647592,-0.11321947
TEST_07716,3.64442,0.16285805,-0.5815597
TEST_07717,3.583485,0.8910092,0.6440952
TEST_07718,1.4076807,0.9329392,0.59944177
TEST_07719,5.2219,0.57873756,0.85221356
TEST_07720,3.4027483,-0.31692582,0.74280655
TEST_07721,1.8167464,0.41076463,-0.36100048
TEST_07722,3.6999955,-0.09048268,0.9670694
TEST_07723,3.2882066,-0.21159606,-0.00027867427
TEST_07724,2.2432036,-0.44190875,0.69153494
TEST_07725,0.9922965,0.27097175,-0.04776909
TEST_07726,2.5966907,-0.055963393,-0.2759777
TEST_07727,1.3543059,0.8327714,0.4053755
TEST_07728,1.0978376,-0.49926314,-0.20248555
TEST_07729,2.436558,-0.26670983,0.3126734
TEST_07730,2.6075542,0.66830426,0.7463112
TEST_07731,2.8830595,0.38640928,0.74558806
TEST_07732,0.87782574,0.01981289,0.0030666618
TEST_07733,1.9648271,-0.20923321,0.11756981
TEST_07734,1.4465482,0.6445211,0.63579637
TEST_07735,2.7902174,0.6693895,-0.57121164
TEST_07736,3.1749408,-1.1209284,0.91310745
TEST_07737,1.5547005,0.7629433,0.7427812
TEST_07738,2.462114,-1.2250518,-0.7854754
TEST_07739,2.9565873,-0.12643722,-0.731356
TEST_07740,3.055285,0.28097126,0.15127347
TEST_07741,1.976036,-0.32374337,-0.040701423
TEST_07742,1.4213009,-0.65027404,-0.563774
TEST_07743,3.8230498,0.59694207,1.0316105
TEST_07744,4.0520625,-0.6608617,0.56767374
TEST_07745,2.0683076,1.4183776,1.1298486
TEST_07746,3.2627335,-0.5124744,-0.6280693
TEST_07747,3.4708135,0.25181895,-0.81091505
TEST_07748,1.756969,-0.3853406,0.061832797
TEST_07749,2.9512684,1.1126052,-0.8427278
TEST_07750,1.1386831,-0.20780195,0.22526298
TEST_07751,2.78118,-0.53519195,-0.72382087
TEST_07752,3.2893589,0.4595342,-0.41163385
TEST_07753,3.4246745,0.9226903,-0.96231645
TEST_07754,1.4524705,-0.12780799,0.087119766
TEST_07755,0.9612064,0.1240011,0.26481286
TEST_07756,4.3761444,-0.2966925,1.0997467
TEST_07757,2.5067363,0.88262063,-0.30817646
TEST_07758,2.021481,-0.2500317,0.49968794
TEST_07759,4.2825894,1.8465933,1.2542652
TEST_07760,4.624669,-0.9287594,0.4188382
TEST_07761,2.7690234,2.1686769,-0.11197121
TEST_07762,3.5377564,-0.051935364,-0.15488309
TEST_07763,3.5665781,1.2937843,-1.0475961
TEST_07764,1.5508949,-0.07426364,0.03550243
TEST_07765,1.3781193,0.65255713,-0.16258661
TEST_07766,4.3337464,0.92723733,0.30191025
TEST_07767,2.33674,1.5083245,-0.75275445
TEST_07768,4.845097,-1.6945287,-0.57593006
TEST_07769,2.99013,0.3434187,0.3166339
TEST_07770,2.454243,0.102880426,-0.1467701
TEST_07771,2.9482796,0.26680803,-0.43424654
TEST_07772,1.5565759,-1.01819,0.5780496
TEST_07773,2.8291185,0.56756437,0.062396724
TEST_07774,1.0773307,0.3572971,0.26286077
TEST_07775,3.0595949,0.70730656,0.0048021376
TEST_07776,3.0202184,0.6836547,1.3600986
TEST_07777,1.6867979,0.8586029,-0.30827254
TEST_07778,3.4595706,-0.7970925,0.7080061
TEST_07779,3.5151694,-0.75189054,0.70676476
TEST_07780,3.1630352,-0.6795798,-0.6327273
TEST_07781,3.68757,-0.121190496,-0.33325055
TEST_07782,1.4749033,0.17693254,-0.067568876
TEST_07783,3.166513,-0.12732169,0.12336622
TEST_07784,4.131755,-0.20846544,-0.5740927
TEST_07785,5.4810038,-1.6624106,1.4761683
TEST_07786,1.6863467,-0.37575406,0.12775744
TEST_07787,1.5330266,0.004122139,-0.20521276
TEST_07788,1.5375688,-0.6205024,-0.13189693
TEST_07789,1.9455653,0.23952156,-0.40826312
TEST_07790,2.7970662,1.5731195,0.033663657
TEST_07791,2.0012574,0.5381679,0.18296792
TEST_07792,3.070851,-0.7477723,0.6529548
TEST_07793,2.502559,0.025629083,-0.2756732
TEST_07794,1.9523257,-0.16172847,0.049654383
TEST_07795,0.9986039,0.46914673,-0.3833713
TEST_07796,1.5423254,-0.1977312,0.42070815
TEST_07797,3.175448,0.43962482,0.68562996
TEST_07798,3.0406291,0.41025496,-0.17823254
TEST_07799,3.3686624,1.1250947,-1.4275348
TEST_07800,4.9199286,-0.4991331,-1.2498091
TEST_07801,1.3396956,-0.054537255,-0.06377672
TEST_07802,0.9295558,0.31558698,0.10982542
TEST_07803,2.294443,-0.24172458,-0.76022965
TEST_07804,2.9309213,0.18815607,-0.6042938
TEST_07805,2.3317666,-0.0048383456,0.0067825485
TEST_07806,1.1670339,-0.22247787,0.24802391
TEST_07807,4.234396,0.4780669,-0.8639611
TEST_07808,0.7891973,0.21552972,-0.00034572693
TEST_07809,1.6319888,0.3372661,0.10481334
TEST_07810,3.0322647,0.04466013,0.14303668
TEST_07811,1.7897757,-0.14066586,-0.23578964
TEST_07812,4.573273,0.99609303,-0.35005024
TEST_07813,2.2422996,0.06717496,-0.056775253
TEST_07814,2.6537871,0.65092814,-0.08337238
TEST_07815,1.2681981,0.50248593,-0.09419476
TEST_07816,1.596096,0.93485993,0.08133627
TEST_07817,3.2444255,-0.66668475,0.63910073
TEST_07818,4.0916123,-1.1915989,-0.013966725
TEST_07819,1.4429251,0.5305034,-0.19666713
TEST_07820,1.628168,-0.116254225,-0.30146572
TEST_07821,1.4233978,-0.11057017,-0.3604948
TEST_07822,1.5912639,-0.25568914,0.011358031
TEST_07823,2.3543859,-0.17385274,0.60161525
TEST_07824,1.9968178,0.38693953,-0.47318465
TEST_07825,2.6759305,-0.7349679,0.009978667
TEST_07826,3.1203675,0.4434612,-0.27065703
TEST_07827,3.0078378,0.5029853,0.108039856
TEST_07828,2.7725756,0.0452273,-0.005474791
TEST_07829,1.479929,-0.12706043,-0.21248643
TEST_07830,2.4789088,0.08165995,0.88837886
TEST_07831,1.5185986,1.2122369,-0.03073393
TEST_07832,1.0619779,-0.24424571,-0.0066136797
TEST_07833,3.8579795,-1.0186918,0.44919795
TEST_07834,3.6445622,0.631675,1.2927573
TEST_07835,1.944676,-0.065537974,0.31941095
TEST_07836,3.1332757,-1.4203544,1.1314508
TEST_07837,2.1906943,0.205194,0.59664345
TEST_07838,3.0391304,0.7166707,0.77488357
TEST_07839,3.60556,-0.21885377,0.60856223
TEST_07840,3.5781593,-0.27164778,1.4292654
TEST_07841,4.7659593,2.125524,1.1953628
TEST_07842,1.4265978,-1.4716219,-0.5838858
TEST_07843,1.3822213,-0.17116381,-0.7279225
TEST_07844,1.552303,-0.71408814,0.2556769
TEST_07845,1.6977155,-0.43610966,-0.34967205
TEST_07846,4.830195,0.6095868,0.77958655
TEST_07847,3.608006,0.283454,0.049180135
TEST_07848,5.4968505,-2.2358358,0.10499001
TEST_07849,1.9236853,0.63865215,0.1900225
TEST_07850,1.6839617,0.37042972,-0.30518463
TEST_07851,1.3754345,0.29785624,0.18612286
TEST_07852,2.0567124,0.75833374,-0.020644251
TEST_07853,1.365154,0.10422227,-0.15396103
TEST_07854,2.475365,-1.277578,0.5785194
TEST_07855,3.3019512,-0.7029688,0.8888947
TEST_07856,2.7953517,0.0187528,0.50122917
TEST_07857,2.3233998,-0.007890302,0.15184122
TEST_07858,3.810923,-1.5825937,0.7352513
TEST_07859,2.779855,1.159,-0.15552111
TEST_07860,0.90305537,-0.13428338,0.4323794
TEST_07861,1.1960919,0.5456941,0.2911057
TEST_07862,2.0366657,0.7011559,0.5747091
TEST_07863,1.3645185,-0.32680926,-0.070527144
TEST_07864,3.2199607,-0.25534186,-0.16763897
TEST_07865,1.0982018,0.5685009,0.566274
TEST_07866,1.412405,0.019348439,-0.007860702
TEST_07867,1.1081307,0.111056335,0.08964156
TEST_07868,3.2260833,-0.82893646,-0.48756373
TEST_07869,0.98539096,0.61986744,-0.11887546
TEST_07870,3.1098208,-1.0188758,0.91445905
TEST_07871,1.8902792,-1.1929973,0.08269608
TEST_07872,1.7407706,-0.34756517,0.5197408
TEST_07873,3.7551477,-0.6646225,-0.16401081
TEST_07874,3.0943873,0.34322768,-0.34927088
TEST_07875,1.1022357,-0.18302974,0.057071526
TEST_07876,3.0588417,-1.4090022,1.1755097
TEST_07877,2.1904597,-0.50893265,0.28618997
TEST_07878,1.2355664,0.015033675,0.35468644
TEST_07879,4.4901414,-0.84577155,1.7384765
TEST_07880,4.366341,1.4995879,-1.0181329
TEST_07881,2.7248087,-2.3750746,0.58084553
TEST_07882,3.1753328,-0.3562814,-0.004775087
TEST_07883,2.63885,0.75137115,-0.44313014
TEST_07884,2.5237901,0.5107097,0.28938964
TEST_07885,1.9808251,-0.33691803,-0.524465
TEST_07886,3.7481267,-0.43205073,-0.6669746
TEST_07887,3.0900965,0.23411871,-0.313911
TEST_07888,1.9999768,0.20721477,0.8001026
TEST_07889,2.9145114,-0.22401041,-0.28855506
TEST_07890,2.591206,-0.276233,0.47226763
TEST_07891,3.7673638,-0.47653085,-0.4126002
TEST_07892,3.0802214,0.43016627,1.2097919
TEST_07893,2.9698396,0.08077412,0.027621377
TEST_07894,2.75463,1.4201999,0.2672944
TEST_07895,1.9000232,0.6883765,0.024772663
TEST_07896,1.9715483,0.10472264,0.39698526
TEST_07897,3.861261,0.38384464,1.4928666
TEST_07898,2.8788905,-0.93178487,-1.0009164
TEST_07899,1.8881421,-0.5415929,0.6530107
TEST_07900,2.6135232,-0.2171001,0.52995086
TEST_07901,1.5427531,-0.2793544,-0.20460998
TEST_07902,1.547447,0.007476471,0.2855325
TEST_07903,3.2829142,0.51951295,0.47642553
TEST_07904,3.4871457,-0.23974918,0.9292394
TEST_07905,4.2100053,-0.95765007,1.3524117
TEST_07906,3.0861597,-0.12402103,0.4808909
TEST_07907,3.000461,0.8706513,-0.6966774
TEST_07908,2.6082795,-0.069367245,-0.118801
TEST_07909,3.5952895,1.2254902,1.3692727
TEST_07910,4.2788196,-0.09785239,1.935506
TEST_07911,2.9900947,0.24805951,-0.03769659
TEST_07912,1.1521677,0.47364405,-0.36162314
TEST_07913,1.6049215,-0.54727393,0.5692753
TEST_07914,3.0070121,0.37706158,-0.59282106
TEST_07915,1.1105336,0.049885746,-0.30577165
TEST_07916,1.6606975,0.7571714,0.19154377
TEST_07917,3.0208318,-1.6545476,0.8264273
TEST_07918,2.4774356,1.1024158,-0.8008936
TEST_07919,3.6017678,-0.24891017,-1.4222146
TEST_07920,2.4886127,0.89215124,0.1339599
TEST_07921,3.6539526,0.5541595,0.0027548075
TEST_07922,4.080174,-0.10879454,-0.49420467
TEST_07923,4.273073,-2.0847232,0.5949513
TEST_07924,2.839514,0.4581294,0.47412273
TEST_07925,1.1867783,-0.31242448,0.15616354
TEST_07926,4.666892,-0.7387351,0.4041997
TEST_07927,2.1040266,-0.8433902,-0.08316944
TEST_07928,3.3565571,-2.1462293,-0.6014459
TEST_07929,3.9682174,0.2558026,-0.30256736
TEST_07930,2.4863303,0.26873335,-0.32858917
TEST_07931,2.6979215,0.22062597,0.15940566
TEST_07932,3.4801474,-0.76388204,-0.7051441
TEST_07933,0.8671205,-0.20426017,0.008261536
TEST_07934,1.5657594,-0.29201236,0.25769904
TEST_07935,2.6587398,-0.15040097,0.085291386
TEST_07936,1.709555,-0.8092356,0.102938555
TEST_07937,2.422075,1.0587791,1.2619752
TEST_07938,3.1908574,1.5130554,-0.13637675
TEST_07939,2.5685287,0.46657982,0.61727256
TEST_07940,2.0901482,-0.7471155,-0.40277958
TEST_07941,2.0752683,0.32594928,0.1378072
TEST_07942,1.402621,-0.28708875,-0.44925252
TEST_07943,4.0234723,0.47079614,-0.22504805
TEST_07944,1.9445937,0.43717432,0.8807767
TEST_07945,5.726905,-0.29637453,1.4249598
TEST_07946,2.0340543,0.16470462,0.3261713
TEST_07947,3.72259,-0.8361701,0.5972351
TEST_07948,2.9515243,-1.0553912,-0.045650803
TEST_07949,3.7801077,0.67810047,0.18003836
TEST_07950,4.959319,-1.5842355,-0.93265736
TEST_07951,1.2179534,-0.6361811,-0.092975885
TEST_07952,2.0471795,0.87845516,0.25078493
TEST_07953,2.8768897,1.5360043,-0.6809135
TEST_07954,3.1479008,0.17729448,0.05446862
TEST_07955,1.4069165,0.2175615,0.24497539
TEST_07956,3.1829987,-2.0222735,0.33533096
TEST_07957,1.7120252,0.010727915,0.16011332
TEST_07958,3.491845,0.09474835,0.02230509
TEST_07959,6.0832562,-0.6148484,1.5791328
TEST_07960,4.3686676,0.7261704,0.95796573
TEST_07961,3.0962627,1.7460444,1.1351894
TEST_07962,2.7406683,0.84733486,-0.5568735
TEST_07963,1.4165651,-0.14366284,-0.5629107
TEST_07964,2.397944,0.4876837,0.617898
TEST_07965,0.7591904,-0.060129773,-0.28600743
TEST_07966,3.6601152,1.0668486,-0.91914064
TEST_07967,0.8868428,-0.45812815,0.34268492
TEST_07968,3.960842,-0.6776136,0.22409543
TEST_07969,2.2227142,0.18694034,0.12318122
TEST_07970,2.202475,0.0041559883,-0.37261686
TEST_07971,4.5335903,0.25444123,-0.48756835
TEST_07972,3.1786923,-1.6160334,-0.580428
TEST_07973,2.956145,-0.5176879,0.2215093
TEST_07974,2.3918684,0.3896907,-0.65664506
TEST_07975,3.0809538,1.0683696,0.8079346
TEST_07976,2.648301,-1.1830775,-0.016940005
TEST_07977,4.088363,0.42359978,-0.34739223
TEST_07978,4.629529,-0.73053783,-0.62322843
TEST_07979,3.0321984,0.034530334,0.46956614
TEST_07980,2.2937331,0.74206454,0.40905234
TEST_07981,1.4696013,-0.008187454,-0.58552235
TEST_07982,1.9487922,0.54553765,0.67025656
TEST_07983,1.2708427,-0.20251817,-0.39952257
TEST_07984,1.8775948,-0.17886801,-0.31110796
TEST_07985,4.83933,-0.9572781,1.7697328
TEST_07986,1.787926,0.24327476,-0.6976114
TEST_07987,4.4339375,0.9600352,-0.01970589
TEST_07988,2.2750778,0.56656796,-0.3373056
TEST_07989,1.2612752,-0.14437737,0.2998535
TEST_07990,3.5096018,1.7240025,0.5230126
TEST_07991,1.0975674,0.12748332,0.024689352
TEST_07992,3.3903,1.4657567,1.3909792
TEST_07993,3.2783034,1.8889292,0.25265542
TEST_07994,3.4466178,-0.1253684,0.5111449
TEST_07995,1.5985465,0.3775347,-0.48009738
TEST_07996,4.364517,-0.16015771,0.07582814
TEST_07997,2.4247,0.25807348,0.5490767
TEST_07998,1.4606605,0.75175357,0.4312096
TEST_07999,5.0880704,1.5822644,2.0774891
TEST_08000,4.2083583,1.8303918,-1.4075446
TEST_08001,2.1119025,-1.6043264,0.53635377
TEST_08002,3.9608674,0.9882149,0.6331349
TEST_08003,3.4442537,-0.68533707,0.09777684
TEST_08004,1.6412698,0.24274227,0.08434296
TEST_08005,1.8343679,-0.66609687,-0.5714101
TEST_08006,4.8992167,0.19495715,-0.10139032
TEST_08007,2.7988026,1.4853281,0.2257298
TEST_08008,4.292732,0.35435846,0.65201926
TEST_08009,3.4778774,0.57344705,0.46313757
TEST_08010,2.1048732,-0.25165492,-0.046590224
TEST_08011,3.3471766,0.096947834,0.2020531
TEST_08012,2.5160208,1.52855,-0.77187437
TEST_08013,2.4573708,0.53537965,-0.34761775
TEST_08014,2.5967708,0.28002045,1.3912256
TEST_08015,2.6753304,-0.7350805,0.2647714
TEST_08016,1.7278628,1.2530538,-0.0563907
TEST_08017,3.182374,-0.058561124,0.64144015
TEST_08018,3.4298854,-0.83283484,0.34319326
TEST_08019,4.640924,0.5442216,0.06506604
TEST_08020,1.9261687,0.04031127,0.35675392
TEST_08021,2.5262983,0.3491885,-0.37102816
TEST_08022,1.6869787,0.13851109,0.05420901
TEST_08023,2.4688973,0.12297085,-0.55226094
TEST_08024,3.035731,0.3658094,0.73480475
TEST_08025,3.6700013,-0.078824356,0.10227185
TEST_08026,2.2093902,-0.17355524,-0.48276752
TEST_08027,3.2632284,-0.5180377,-0.5675463
TEST_08028,2.8014612,0.5141458,0.25131857
TEST_08029,2.8451664,-1.2653714,0.7063337
TEST_08030,1.957824,0.04901104,0.7914171
TEST_08031,2.9925494,0.99376553,-0.61865586
TEST_08032,1.8661364,-0.67287195,-0.4014271
TEST_08033,3.0004668,-1.0707214,0.6383349
TEST_08034,2.046865,0.3778539,0.28886002
TEST_08035,1.9414574,-0.20357347,-0.23326907
TEST_08036,1.4441987,0.45881933,0.5098954
TEST_08037,2.0807047,-0.2564331,0.5495973
TEST_08038,1.9751636,-1.092394,0.5879276
TEST_08039,4.5680714,0.3166498,1.7317421
TEST_08040,2.5913632,-0.109137535,0.26981857
TEST_08041,1.919458,-0.74904215,0.17365247
TEST_08042,1.6788927,-0.14637254,0.0035607845
TEST_08043,1.7676433,0.9038618,-0.85745436
TEST_08044,2.9740796,-0.49246037,0.95304185
TEST_08045,1.0217263,-0.030334927,0.12348706
TEST_08046,1.9909058,-0.016626704,0.07775318
TEST_08047,1.6229416,-0.26563245,-0.10680179
TEST_08048,4.6906366,-1.006894,1.2314819
TEST_08049,1.7941432,-0.10102815,-0.2597233
TEST_08050,2.135387,0.23470764,0.0056967656
TEST_08051,1.4213337,0.66736054,-0.13225383
TEST_08052,3.5111241,-0.16651471,-0.37866974
TEST_08053,2.092226,0.61710835,-0.32032385
TEST_08054,1.261389,-0.3597729,0.09765892
TEST_08055,1.1941389,-0.035014372,0.02538711
TEST_08056,3.1357548,0.39124843,0.31991944
TEST_08057,1.0862893,0.27812636,0.50385827
TEST_08058,1.8713082,-0.6641356,0.69595075
TEST_08059,1.8246635,0.2877697,-0.23955391
TEST_08060,1.4746654,-0.17599615,-0.42338163
TEST_08061,3.1174436,0.3006532,0.010678806
TEST_08062,1.8034035,-0.025661081,-0.0144594945
TEST_08063,3.7435362,0.2176728,0.27819073
TEST_08064,3.2188334,-0.097015,0.13602464
TEST_08065,4.342709,-0.06275672,-0.47872922
TEST_08066,2.3174682,-0.2796384,-0.7940929
TEST_08067,2.7175374,0.11852675,-1.0197558
TEST_08068,2.4964888,-0.7888776,-0.123494886
TEST_08069,3.8993638,-1.1273949,-0.5854696
TEST_08070,3.7742589,-0.9559712,0.9383549
TEST_08071,1.5359733,0.06798104,-0.11442079
TEST_08072,2.6912825,0.5451715,0.15365008
TEST_08073,4.123251,0.19595313,-0.9715491
TEST_08074,2.565932,-0.4014784,0.3873364
TEST_08075,1.1042237,0.12694453,0.14291972
TEST_08076,4.671289,-0.90820044,-0.26745784
TEST_08077,1.5100952,-0.8487318,-0.53802764
TEST_08078,2.701402,-1.3362937,-0.105163895
TEST_08079,5.7412047,0.7892381,0.12013118
TEST_08080,2.2092054,-1.6182554,-0.32957685
TEST_08081,4.816854,2.2451987,0.929101
TEST_08082,4.5510936,-1.4966068,-0.67276114
TEST_08083,3.1939714,-0.7525389,-0.89811206
TEST_08084,3.4043877,1.2084353,1.7100884
TEST_08085,2.203426,0.8185091,0.040371127
TEST_08086,4.6287003,0.09638536,0.7265464
TEST_08087,1.1788065,-0.19908042,0.33711752
TEST_08088,3.4727757,-0.91168624,0.22604303
TEST_08089,1.8097125,0.10480645,0.20020314
TEST_08090,1.5237912,-0.4061273,-0.16506849
TEST_08091,2.952909,0.25598374,-0.09145362
TEST_08092,3.5190682,-1.234777,1.4944012
TEST_08093,2.0426497,0.43027985,-0.086995006
TEST_08094,3.4490006,-0.07892581,-0.303376
TEST_08095,1.5085033,0.45479408,-0.045402493
TEST_08096,3.5221393,-0.41117424,0.6704208
TEST_08097,3.1958072,-0.1792876,1.9076912
TEST_08098,4.5754657,0.8587435,-0.6882926
TEST_08099,1.3730447,-0.2639833,-0.12689106
TEST_08100,2.4815927,0.48258445,0.21230774
TEST_08101,1.7799824,-0.16077036,0.36794335
TEST_08102,1.5267309,-0.015240011,-0.017840184
TEST_08103,4.4647074,0.24419808,0.6317683
TEST_08104,4.23633,-0.38825852,-0.2339653
TEST_08105,2.1412537,-1.5347763,-0.6099516
TEST_08106,3.1031804,0.38089707,-1.1555307
TEST_08107,2.8817854,-0.14341715,0.19059955
TEST_08108,3.3686502,1.380268,-0.23859188
TEST_08109,1.065093,0.17619558,0.035894666
TEST_08110,4.8374496,-1.3867257,0.0031496882
TEST_08111,1.8523562,-0.9813985,-0.19755605
TEST_08112,3.1126945,-0.24835628,0.32339785
TEST_08113,2.1300766,-0.26896748,-0.6178239
TEST_08114,2.0187213,-0.10945783,-0.045567703
TEST_08115,1.0593599,0.57071555,0.5153539
TEST_08116,2.3078144,0.96493775,-0.8333603
TEST_08117,1.6652968,0.6015791,0.320687
TEST_08118,3.8049238,-0.9808548,-0.8941872
TEST_08119,3.7614505,-1.7718712,-0.9108727
TEST_08120,3.6229963,1.8036376,1.2089112
TEST_08121,3.126684,-1.4858594,-0.8259665
TEST_08122,4.13214,-0.5855282,-0.32070532
TEST_08123,2.2599785,1.3274182,-0.4815691
TEST_08124,3.0213053,-0.12843022,0.33031473
TEST_08125,2.3508048,0.5156576,-0.40801924
TEST_08126,1.0310632,0.002219039,0.3129271
TEST_08127,2.2827992,-0.012409547,0.6904054
TEST_08128,5.1221514,1.3086227,0.47045696
TEST_08129,2.9108074,-0.3428767,0.41012478
TEST_08130,1.5637959,-0.7304657,0.2684818
TEST_08131,1.2950904,0.24342698,0.36321068
TEST_08132,4.6059256,-0.9040231,0.66171527
TEST_08133,2.4719274,-0.05033089,0.23454937
TEST_08134,3.401958,1.0350921,0.1507147
TEST_08135,2.2136836,0.12607592,0.16842633
TEST_08136,3.100637,-0.48936093,1.3472415
TEST_08137,3.590592,-1.271345,0.18422131
TEST_08138,1.6832861,1.8092041,0.7971807
TEST_08139,4.173672,0.4246478,-0.13869685
TEST_08140,2.160564,-0.19588885,-0.0009347733
TEST_08141,2.195248,-0.4263571,-0.29747343
TEST_08142,2.160401,0.5802521,-0.5954024
TEST_08143,3.8909104,0.27776214,-0.18213353
TEST_08144,3.1168303,-0.34668386,-0.38384715
TEST_08145,2.3284657,0.051017527,0.020603478
TEST_08146,1.6477491,0.6094764,0.11846558
TEST_08147,3.2210186,0.15437698,-0.43141618
TEST_08148,2.452645,0.6010791,0.33120483
TEST_08149,1.4613162,0.79290015,-0.60955244
TEST_08150,4.7880206,-0.023549883,0.78953344
TEST_08151,2.86878,-0.5304175,0.64334995
TEST_08152,3.3187196,1.1949955,-0.4585388
TEST_08153,3.5744832,-0.57557887,0.058150455
TEST_08154,2.6877837,0.016940532,0.6501751
TEST_08155,1.8954309,0.72818065,0.81356317
TEST_08156,3.0192924,-1.1741147,1.2431275
TEST_08157,1.5774707,-0.44702962,0.24668254
TEST_08158,1.3233815,0.7830966,0.19397558
TEST_08159,4.905769,0.33363396,-0.9713189
TEST_08160,3.4222696,-0.46240893,0.031210817
TEST_08161,4.1022773,1.0082629,-0.006854677
TEST_08162,3.00769,-0.54336166,1.3963071
TEST_08163,1.6173003,0.007488222,-0.15326905
TEST_08164,2.0607684,-0.42816153,0.025736896
TEST_08165,2.5669026,1.0016431,0.8257757
TEST_08166,2.527289,1.0162923,-0.5651007
TEST_08167,2.5453165,0.7250466,0.07024879
TEST_08168,5.716883,-0.39281365,1.0977241
TEST_08169,2.8070748,0.39643875,0.050021727
TEST_08170,2.135553,-0.13490735,-0.044933997
TEST_08171,1.2504413,-0.1720775,0.14118582
TEST_08172,3.7571976,-0.042367566,1.1315196
TEST_08173,2.402454,0.22625789,0.2900008
TEST_08174,2.5003972,0.2671482,0.34259236
TEST_08175,2.767139,-0.92750794,-0.6101853
TEST_08176,1.1823646,0.5029155,-0.29031816
TEST_08177,3.9732118,0.3671667,-0.45980275
TEST_08178,1.8469237,0.73643756,0.7364121
TEST_08179,3.3458598,0.028190877,0.2543995
TEST_08180,2.4370782,0.74472034,-0.4192759
TEST_08181,1.3538854,-0.0020749217,-0.20464708
TEST_08182,2.0864305,0.5062871,-0.051144127
TEST_08183,4.4014125,0.0015856245,0.35222524
TEST_08184,3.7816687,-0.3962485,-0.7462616
TEST_08185,1.2068629,-0.5985191,0.41742346
TEST_08186,2.190972,-0.24984127,-0.42404363
TEST_08187,3.825039,-0.16969334,0.41019467
TEST_08188,2.8661258,-0.6477297,0.7058167
TEST_08189,3.7139223,-0.13139684,0.0652212
TEST_08190,1.7827282,1.0705758,-0.5194896
TEST_08191,1.7785645,-0.39620158,0.15467463
TEST_08192,1.6549647,0.73585266,0.4556932
TEST_08193,2.7456288,-0.19491236,0.6849319
TEST_08194,2.9006712,0.6043228,-0.72479564
TEST_08195,1.2011968,-0.041788854,-0.0100893015
TEST_08196,2.998387,0.7190399,0.6348027
TEST_08197,3.5708892,-1.9249741,-0.45793512
TEST_08198,2.5990024,1.2945309,-0.76564986
TEST_08199,4.3423414,-1.3628441,0.83021235
TEST_08200,3.7171843,-0.1304327,0.04443852
TEST_08201,2.6535838,1.7302638,-0.39621288
TEST_08202,2.021233,0.008871773,0.8984925
TEST_08203,3.9509034,0.6942404,-0.5984776
TEST_08204,3.188165,1.4160638,0.67922837
TEST_08205,1.1127981,0.060074348,0.23083396
TEST_08206,2.5994937,-0.6083851,0.42363346
TEST_08207,2.5617707,0.95999706,0.020125268
TEST_08208,1.9355037,1.2701366,0.9779728
TEST_08209,3.4099157,0.4452146,0.6367647
TEST_08210,1.9103569,0.3989323,0.15065503
TEST_08211,1.6389385,0.21672292,0.30991307
TEST_08212,4.5779543,0.30499884,-0.9281548
TEST_08213,1.0452337,-0.19381641,0.14706126
TEST_08214,2.988702,1.2077345,-0.26233608
TEST_08215,1.9752306,0.59291613,0.16947046
TEST_08216,0.899679,-0.55851877,-0.21290259
TEST_08217,2.1189024,0.23952894,0.7015733
TEST_08218,4.5271163,-0.39570272,0.46871528
TEST_08219,3.026307,0.4803728,0.996225
TEST_08220,2.5911222,-0.047270678,-0.0074559515
TEST_08221,3.2524931,-0.096186325,-0.0666729
TEST_08222,2.2518048,0.3512905,0.08619981
TEST_08223,4.393737,-0.6487938,0.6366946
TEST_08224,3.1142657,0.3132415,0.42847788
TEST_08225,4.714037,-1.356685,0.91117656
TEST_08226,1.4848853,0.06395273,-0.46975234
TEST_08227,2.0784218,-0.3803128,0.008456308
TEST_08228,3.0216534,0.109234095,0.17966267
TEST_08229,3.9134696,0.18430002,0.7381928
TEST_08230,1.1352582,0.6223015,-0.049546234
TEST_08231,2.3587003,0.07267412,-0.10848787
TEST_08232,2.9873347,-0.4671802,0.8418138
TEST_08233,3.815188,-0.954666,1.77683
TEST_08234,1.3630223,-0.11618142,-0.24762532
TEST_08235,2.0768378,-0.28446805,0.54845184
TEST_08236,3.8112254,0.6448782,0.8275391
TEST_08237,2.6600099,-0.63081306,0.6686823
TEST_08238,1.4019952,0.6470185,0.63073736
TEST_08239,3.3679922,-0.4712576,-1.1100463
TEST_08240,4.017151,2.3476975,-1.2770454
TEST_08241,5.3752513,2.1831086,0.735451
TEST_08242,2.822421,1.1402633,-0.656889
TEST_08243,1.710973,-0.841101,0.34353527
TEST_08244,1.9225081,-0.66564316,0.40077206
TEST_08245,1.6422589,0.19993018,0.3930408
TEST_08246,3.0221817,0.70012385,0.12836054
TEST_08247,1.5186484,-0.52705616,-0.3605763
TEST_08248,4.819032,1.8416266,-0.47045913
TEST_08249,4.1165137,0.41948277,-0.91636586
TEST_08250,0.9649263,0.23091266,0.0224114
TEST_08251,3.3572295,0.33784056,-0.38745955
TEST_08252,3.4752543,1.3638061,1.551354
TEST_08253,2.6726573,-0.18355735,0.007667208
TEST_08254,1.5614035,-0.7047024,0.74853015
TEST_08255,2.727882,0.091607824,0.21347469
TEST_08256,1.2140759,-0.31344822,0.029631307
TEST_08257,3.1421542,1.7366761,-0.4264919
TEST_08258,1.4442493,0.68921465,0.19793983
TEST_08259,2.5379379,-0.9914733,0.5568329
TEST_08260,1.2026943,0.01606935,0.30422944
TEST_08261,1.7830238,-0.15597159,-0.08384798
TEST_08262,2.2606835,-0.29176012,-0.1351962
TEST_08263,1.0030706,0.3398032,0.3451337
TEST_08264,2.6511188,0.098732464,0.008752627
TEST_08265,5.516543,1.4239125,0.4607576
TEST_08266,1.5827774,-0.11974101,0.33982354
TEST_08267,3.2474508,-0.4489689,0.14634654
TEST_08268,2.3438475,1.0878968,0.281277
TEST_08269,3.5693767,-0.33127955,0.077198185
TEST_08270,3.8592942,-0.22427243,1.7460482
TEST_08271,2.6732304,-0.95714676,-0.016846443
TEST_08272,1.6046956,-0.41459602,-0.48860395
TEST_08273,2.868924,-0.70856166,0.5936417
TEST_08274,2.2288969,-0.49931872,0.6336593
TEST_08275,0.7346261,0.37817523,-0.13437988
TEST_08276,1.1822389,-0.4602318,-0.26783404
TEST_08277,1.2908096,0.38435146,0.13189644
TEST_08278,2.758438,1.5567464,0.38890344
TEST_08279,5.1139174,-1.2815204,0.847419
TEST_08280,3.2214117,1.312734,0.08777676
TEST_08281,2.7193146,0.28131178,0.013273349
TEST_08282,2.155259,0.43128976,1.4833189
TEST_08283,3.5666907,-0.19267057,0.9958907
TEST_08284,1.9179825,0.12167348,-0.16727182
TEST_08285,1.670986,0.29567555,-0.19016197
TEST_08286,4.979132,-0.5472415,-0.12854502
TEST_08287,4.7961273,0.9320673,0.64424473
TEST_08288,4.7451353,1.4872358,-0.7752739
TEST_08289,3.4449813,0.22712654,0.18109234
TEST_08290,1.6625011,-0.5558847,-0.101610504
TEST_08291,0.97721803,0.19326195,-0.18336144
TEST_08292,2.3516805,1.2619205,-0.06844166
TEST_08293,1.3865378,0.40962964,0.02331285
TEST_08294,3.4545946,-1.2018672,1.9798219
TEST_08295,1.567907,0.5404395,0.40928605
TEST_08296,2.91886,0.7807502,1.56818
TEST_08297,1.8581488,0.6964634,-0.6083329
TEST_08298,3.886108,0.9614191,0.27402884
TEST_08299,4.0486455,1.2266142,0.9288483
TEST_08300,2.6555707,-0.16095868,-0.46258342
TEST_08301,2.634959,-0.41479358,-0.11769699
TEST_08302,1.3991607,0.24590966,0.28495666
TEST_08303,1.4178274,-0.7595654,-0.018956402
TEST_08304,3.936094,0.20376818,0.46444476
TEST_08305,1.5062693,-0.44020268,0.11611719
TEST_08306,2.8704355,0.096280895,0.36540443
TEST_08307,1.2722745,-0.19491434,0.0001525969
TEST_08308,3.399074,0.47729284,-0.70528954
TEST_08309,4.73104,-1.0734471,0.78137976
TEST_08310,1.6579912,1.0746872,-0.76414514
TEST_08311,1.925333,-0.6842889,-0.09962355
TEST_08312,3.4999323,0.71326125,1.2935323
TEST_08313,2.9265993,-0.6711712,-0.49364796
TEST_08314,2.220714,0.396886,-0.045394763
TEST_08315,2.1554558,-1.0408006,0.91028255
TEST_08316,3.3073757,-0.25853753,-0.3097811
TEST_08317,3.2852385,1.7961799,-0.13122284
TEST_08318,3.2689216,-1.4401984,-0.62938946
TEST_08319,5.5384593,-0.81649876,0.95444804
TEST_08320,1.6770895,-0.4145302,0.17088924
TEST_08321,5.0039062,0.53031075,0.9317538
TEST_08322,1.0705314,0.35805872,0.6471934
TEST_08323,3.1006746,0.42832527,0.5718439
TEST_08324,2.6801631,-0.03248704,-0.92035013
TEST_08325,1.8731323,0.2667665,0.14029415
TEST_08326,4.0401845,0.16982944,0.16076297
TEST_08327,3.4592712,-0.44210312,0.9212745
TEST_08328,3.6875727,-1.9385823,-0.14109384
TEST_08329,3.435795,0.4248504,0.8018628
TEST_08330,2.6826892,0.5294095,-0.6444562
TEST_08331,3.3787477,0.38217983,-1.0571446
TEST_08332,2.4060698,1.2424148,0.36694488
TEST_08333,2.1646101,0.3518466,-0.07765388
TEST_08334,2.0444157,-0.24714766,-0.13536118
TEST_08335,2.9136078,-0.0017124698,-0.16398594
TEST_08336,3.0745385,0.87851393,-0.015198682
TEST_08337,3.6502216,-0.6426782,0.9398825
TEST_08338,4.3877497,0.9402862,-0.77582574
TEST_08339,1.9509544,0.6009351,0.29751557
TEST_08340,1.9915816,-0.8682179,-0.5438515
TEST_08341,2.348591,-0.49865505,0.25269684
TEST_08342,2.2411113,0.6209389,0.03647652
TEST_08343,0.95018154,-0.18540443,0.24889283
TEST_08344,1.2043669,-0.2870749,-0.040924728
TEST_08345,1.913713,0.08214741,-0.378985
TEST_08346,3.305888,0.26343355,0.45963097
TEST_08347,4.1968913,-0.43929872,1.0268551
TEST_08348,2.117224,0.5331326,0.10302072
TEST_08349,4.665564,1.0085088,-0.8470985
TEST_08350,5.130472,-0.74957615,-0.41079322
TEST_08351,2.9468863,0.26360777,-0.11678592
TEST_08352,3.1889198,0.5143799,1.285708
TEST_08353,2.5629804,-1.1743221,0.2388737
TEST_08354,2.6052618,0.4978897,0.088722035
TEST_08355,2.1527758,-0.2037852,-0.737077
TEST_08356,1.7558537,-0.2741145,0.46634293
TEST_08357,2.18344,-0.1654287,0.63336575
TEST_08358,1.7289928,0.35461128,-0.19263412
TEST_08359,5.5250654,-1.082407,-0.31786242
TEST_08360,2.7842155,-1.18784,0.6269944
TEST_08361,1.0669272,0.20383343,-0.31283006
TEST_08362,3.5938344,-0.72603315,0.54216474
TEST_08363,3.3285296,0.8759417,-0.08205295
TEST_08364,2.004343,0.52399504,-0.4244436
TEST_08365,1.6285529,-0.11451972,-0.32205188
TEST_08366,4.1632366,-0.14661321,-0.78629863
TEST_08367,3.7484305,-1.3910717,1.056491
TEST_08368,1.6084704,0.29258478,0.22541878
TEST_08369,3.5465999,-0.03511704,-0.006803845
TEST_08370,2.0077362,-0.46391708,-0.41475376
TEST_08371,2.662354,-0.13292083,0.90083784
TEST_08372,1.5050064,0.7739178,-0.63488317
TEST_08373,1.9562851,0.49912062,0.25949213
TEST_08374,2.1842728,0.33501923,-0.07444796
TEST_08375,2.3465307,0.08758958,0.42468458
TEST_08376,2.6604378,-0.45823056,0.97195
TEST_08377,2.296103,-1.1057532,-0.06388181
TEST_08378,3.9876506,-0.2641196,0.22813085
TEST_08379,2.7229323,0.61114305,0.6351453
TEST_08380,2.512536,0.8797728,0.50195503
TEST_08381,3.755903,-0.2598272,1.238796
TEST_08382,1.496564,0.5120131,0.21864866
TEST_08383,1.6605248,-0.37635067,0.029710475
TEST_08384,1.1074681,0.45775908,-0.07367233
TEST_08385,3.4005322,-1.8839514,-0.24429554
TEST_08386,2.682633,-0.5774273,-1.0258805
TEST_08387,2.288917,-0.68060696,-0.18715796
TEST_08388,2.3113413,-0.03788061,0.00013553683
TEST_08389,3.3416293,-1.212663,-0.14017019
TEST_08390,4.6524553,-1.4099746,0.60087883
TEST_08391,1.1558782,-0.13656762,-0.07185593
TEST_08392,3.5397081,1.1806372,-0.7628742
TEST_08393,2.533484,-0.016960764,-0.40367025
TEST_08394,2.3165152,-0.38809967,0.051854275
TEST_08395,1.505905,-0.32235882,-0.078364916
TEST_08396,3.0794265,0.17733805,0.8098136
TEST_08397,2.2703521,-0.050339364,0.12559491
TEST_08398,1.6662395,-0.08345499,0.39287326
TEST_08399,5.0857267,-1.0631582,0.0065797153
TEST_08400,3.9271314,-0.30464464,-1.1345965
TEST_08401,2.2033,1.39074,-0.1097482
TEST_08402,3.7345552,-0.98306125,1.0876075
TEST_08403,3.9035501,-0.5332493,0.17574556
TEST_08404,2.8651583,-0.41817412,0.04046959
TEST_08405,1.1894337,0.23175612,-0.101118684
TEST_08406,4.7008076,-0.8838403,0.13733622
TEST_08407,2.0176427,1.1036915,0.45564157
TEST_08408,3.394723,1.472396,-0.6611179
TEST_08409,2.868327,0.19877177,0.93000513
TEST_08410,3.1809745,0.4856784,-0.6828339
TEST_08411,0.95626944,0.079215765,-0.18210286
TEST_08412,4.33691,0.2914937,-0.19044773
TEST_08413,1.4433392,0.44558942,-0.17456517
TEST_08414,2.9406703,0.23971865,0.81399447
TEST_08415,2.313309,0.5789208,-0.27360392
TEST_08416,1.9524646,-1.2719016,0.13578558
TEST_08417,3.2761462,0.13837162,-0.14101958
TEST_08418,2.1288385,1.0563791,-0.51105595
TEST_08419,2.7889884,-0.62553185,-0.5798625
TEST_08420,2.2996192,-0.22400445,0.89288056
TEST_08421,3.125057,-0.082194105,0.4062242
TEST_08422,2.2290626,0.58596927,0.39663842
TEST_08423,1.3743576,0.10767794,-0.09149567
TEST_08424,3.1300375,0.44504154,0.41738382
TEST_08425,4.218986,0.703982,-0.66631866
TEST_08426,1.9088557,0.23361827,-0.089470774
TEST_08427,3.549989,-0.35989687,0.35413414
TEST_08428,2.6730468,-0.6784073,-0.3779184
TEST_08429,3.9037156,-1.6122075,0.064488426
TEST_08430,3.2698538,1.0034513,-0.32526973
TEST_08431,2.464373,-0.9813445,-0.01745948
TEST_08432,1.4080142,0.3129204,-0.41546902
TEST_08433,2.236098,-0.25613883,-0.45173985
TEST_08434,2.650514,0.29335484,0.10909187
TEST_08435,2.2359178,-0.56134707,-0.99763936
TEST_08436,4.4594593,0.71578294,0.26745376
TEST_08437,3.315083,0.8296848,1.0377166
TEST_08438,1.5035292,0.31104162,-0.2296824
TEST_08439,4.2356205,0.36922354,0.6372026
TEST_08440,3.8841925,-0.39379245,-0.23636673
TEST_08441,4.133866,0.436045,0.582187
TEST_08442,4.246948,-0.9281636,0.6680404
TEST_08443,3.5545518,0.24633723,-1.0624639
TEST_08444,3.290532,1.2454791,-0.053888235
TEST_08445,1.4892503,0.23056163,-0.17444216
TEST_08446,3.4213905,0.18490805,-0.15742111
TEST_08447,3.613571,-1.0789373,-0.015979556
TEST_08448,4.0478544,1.7944465,0.0740596
TEST_08449,2.92061,0.057656627,-0.41430447
TEST_08450,1.3187114,0.43671948,0.12511355
TEST_08451,2.868088,-0.12352399,0.3405515
TEST_08452,2.2925994,1.3205839,0.6116536
TEST_08453,3.1619298,0.28979713,-0.12169569
TEST_08454,1.4205981,-0.046579376,0.037205838
TEST_08455,1.3068871,0.6645648,-0.22281536
TEST_08456,3.2408519,-1.2640258,-0.03684617
TEST_08457,2.6220427,-0.1875137,1.3584733
TEST_08458,5.1023135,-0.124482654,1.0626432
TEST_08459,1.7480463,0.18349007,-0.3918893
TEST_08460,2.3520625,0.047837365,-0.44496602
TEST_08461,3.1768453,-0.15183195,0.37940648
TEST_08462,1.7149979,-0.6511794,0.60159695
TEST_08463,1.6844682,0.54450125,-0.11588699
TEST_08464,1.1511921,0.012477029,-0.23822623
TEST_08465,2.5592833,-0.065978415,1.0913678
TEST_08466,2.6538472,-0.017440282,-0.035940062
TEST_08467,4.2784605,-0.45749807,-0.7549775
TEST_08468,2.6631653,-0.14266865,-0.08241036
TEST_08469,3.1930764,-0.83598167,1.1988682
TEST_08470,3.5357141,0.68691546,0.767051
TEST_08471,1.8397273,-0.6711516,0.41202983
TEST_08472,3.221491,0.8475922,0.46479452
TEST_08473,3.2567885,0.5904551,1.1910733
TEST_08474,1.7010787,-0.076330826,0.18264715
TEST_08475,1.7894057,-0.327519,0.16026165
TEST_08476,1.84407,-1.0163096,0.018135058
TEST_08477,3.6949306,-1.8130183,-0.039988823
TEST_08478,3.6243064,-1.3910075,0.9830441
TEST_08479,4.9337516,-1.010815,-0.52961975
TEST_08480,1.546793,0.9416353,0.18488805
TEST_08481,2.1526608,1.1620682,-0.2600366
TEST_08482,4.2625904,-0.17603537,1.516308
TEST_08483,3.6735704,0.07271005,0.40690935
TEST_08484,1.7100052,0.327315,0.29421246
TEST_08485,1.675653,-0.31255886,0.41814092
TEST_08486,4.204823,-0.6008842,-0.8510161
TEST_08487,3.371354,1.6931056,1.1539156
TEST_08488,4.4901276,2.2808418,-0.32681185
TEST_08489,4.210328,-0.030826237,-0.47515473
TEST_08490,2.801177,0.28803715,0.20535631
TEST_08491,1.5837575,0.017492404,0.41166794
TEST_08492,3.644808,0.8424443,0.325256
TEST_08493,2.3356788,-0.18238576,0.03721726
TEST_08494,1.8308558,1.0945443,-0.5647486
TEST_08495,2.6496508,-0.17440698,0.17866217
TEST_08496,3.672084,0.61702365,0.43521625
TEST_08497,2.8564785,-0.14670593,0.03116742
TEST_08498,1.0988454,0.037610427,0.33130205
TEST_08499,2.2814057,0.5660132,-0.08002969
TEST_08500,2.9889588,0.38467926,-0.15397872
TEST_08501,1.9978843,-0.02419865,-0.5610572
TEST_08502,1.1259037,-0.35696536,-0.3019353
TEST_08503,4.047211,0.22842766,0.8234529
TEST_08504,2.6340609,-0.12614179,0.12497835
TEST_08505,5.448154,1.7190038,2.0173068
TEST_08506,2.209677,0.45728472,0.85654694
TEST_08507,3.1590192,-0.19738406,-0.8607094
TEST_08508,2.2373421,-0.6348082,0.1960908
TEST_08509,1.1344831,0.17792034,-0.31901425
TEST_08510,2.10501,0.14390174,0.6713733
TEST_08511,1.3330353,-0.64845634,0.0053062527
TEST_08512,3.1525636,0.27803472,0.63098216
TEST_08513,1.9710547,-0.59083647,-0.21165685
TEST_08514,2.2750428,-0.234695,-0.011638384
TEST_08515,1.5445274,0.6327294,0.15312286
TEST_08516,4.237969,1.9725984,0.7571215
TEST_08517,3.493981,-0.60530436,0.09718421
TEST_08518,3.7582245,1.4846321,0.43793002
TEST_08519,4.187704,1.0838462,-1.17223
TEST_08520,3.322251,-0.25323483,-0.30810937
TEST_08521,3.322859,0.21447812,-0.49393034
TEST_08522,3.8632698,0.66755,1.1080418
TEST_08523,4.0567145,-1.7695634,-0.5743726
TEST_08524,2.5088258,-0.40882167,-0.6764904
TEST_08525,1.4406697,-0.056658555,0.12798074
TEST_08526,3.217353,0.14546937,-0.7376407
TEST_08527,3.9458091,-1.1335566,-0.9958405
TEST_08528,2.953995,2.2093859,0.43491393
TEST_08529,3.488117,0.32474023,-0.5918189
TEST_08530,2.8465552,-0.178876,-0.13519268
TEST_08531,2.2856913,-0.3800587,0.137993
TEST_08532,4.6965895,0.34997278,-0.17932728
TEST_08533,2.4475927,0.080987304,0.17311391
TEST_08534,1.528935,0.050769188,0.033468787
TEST_08535,1.246083,-0.53672427,0.31119713
TEST_08536,2.0550568,-0.18906593,0.41948903
TEST_08537,2.5784202,0.60074973,0.088794135
TEST_08538,3.8977923,0.72747827,-0.9908854
TEST_08539,2.783655,-1.70806,0.5811595
TEST_08540,1.423034,-0.20963238,-0.45559373
TEST_08541,2.1571555,0.040352445,0.11224685
TEST_08542,1.45386,0.48166856,0.14417617
TEST_08543,1.0483032,0.39234877,-0.25892267
TEST_08544,3.353316,-0.054648343,-0.047181472
TEST_08545,3.009024,0.345901,0.35778627
TEST_08546,2.9079387,0.20345902,0.3821479
TEST_08547,2.601978,0.3204455,0.08100618
TEST_08548,1.967017,0.04315517,-0.3428594
TEST_08549,2.7588508,1.5585581,0.8179928
TEST_08550,5.2524967,-0.213648,0.20475024
TEST_08551,1.844914,0.612376,-0.13177647
TEST_08552,2.695125,1.8543123,-0.3750199
TEST_08553,3.5188205,1.088228,-0.23352322
TEST_08554,2.76806,0.09912073,0.6703959
TEST_08555,1.738938,-0.05459332,-0.42641267
TEST_08556,2.5944135,0.7008571,0.25222972
TEST_08557,2.133365,0.71707594,-0.3145445
TEST_08558,3.023183,1.6210312,-0.4151915
TEST_08559,5.01092,1.6360761,-0.22309999
TEST_08560,2.9016266,-0.2728973,0.8848267
TEST_08561,2.1449406,1.3535793,-0.12538621
TEST_08562,1.2598039,-1.009195,0.24105081
TEST_08563,1.0297598,-0.09132481,0.08935003
TEST_08564,2.2210443,-0.014287934,0.41753194
TEST_08565,1.7202278,-0.08409981,-0.15296769
TEST_08566,4.147199,-0.4594969,0.2538974
TEST_08567,4.6133504,-1.0664221,0.5534699
TEST_08568,2.125191,1.2978348,0.5763001
TEST_08569,1.0696427,-0.31049618,0.12692772
TEST_08570,1.9756254,-0.2616909,-0.042885795
TEST_08571,1.5622318,-0.041093215,-0.073172934
TEST_08572,4.097945,0.08952085,1.0286877
TEST_08573,2.4306803,0.2772381,0.5499347
TEST_08574,3.4461024,1.3062351,1.4408717
TEST_08575,2.249665,1.0573831,0.20841672
TEST_08576,2.408744,-0.7842737,-0.023855226
TEST_08577,3.2621422,0.92142075,0.53228694
TEST_08578,3.6271794,0.37846893,1.0605117
TEST_08579,3.7302897,-0.3633906,0.72961336
TEST_08580,2.311524,0.926335,-0.37669212
TEST_08581,3.2730565,-0.15144213,-0.27590925
TEST_08582,1.8319813,0.09970713,0.2668195
TEST_08583,4.23856,-0.6680468,1.0973728
TEST_08584,3.743915,-0.5377311,0.31289256
TEST_08585,2.7023132,1.140864,0.21024783
TEST_08586,1.0725318,0.21585658,-0.38811868
TEST_08587,4.505177,0.40997335,-0.26366633
TEST_08588,3.614194,0.8607429,-0.30511647
TEST_08589,3.6847887,-1.537291,-1.3030175
TEST_08590,2.4309719,-0.6663622,-0.78036296
TEST_08591,2.5805297,-0.71380496,0.61171603
TEST_08592,1.5917268,1.0769976,-0.7290781
TEST_08593,2.78501,0.9695865,0.9967471
TEST_08594,2.2701135,0.079105616,0.039150164
TEST_08595,1.8718011,-0.7296945,0.43913382
TEST_08596,3.3671777,-0.2061828,0.825761
TEST_08597,2.4359543,0.028970288,-0.07005291
TEST_08598,1.7287126,0.8742429,-0.5894502
TEST_08599,1.3767724,-0.6065199,0.21700074
TEST_08600,3.1619084,-1.5144125,1.1943562
TEST_08601,1.1224657,-0.123924464,0.22998817
TEST_08602,2.9508865,1.5377042,1.4090459
TEST_08603,1.982869,-0.12605757,-0.4030095
TEST_08604,2.2183993,-0.25434437,-0.040993758
TEST_08605,1.979659,-0.95885825,-0.76299965
TEST_08606,1.838045,0.16431938,-0.5520513
TEST_08607,1.3059886,-0.31622106,-0.35237643
TEST_08608,4.3787656,1.9067227,-0.9789924
TEST_08609,4.011865,-0.45948762,0.4547032
TEST_08610,1.852636,0.7815523,-0.3149151
TEST_08611,4.1089664,-0.31683797,0.321574
TEST_08612,3.3507364,0.9237481,0.8452703
TEST_08613,2.7015638,-0.28017762,-0.0032557945
TEST_08614,1.3404517,0.8008121,-0.19637695
TEST_08615,2.0490198,-0.7415093,0.47027624
TEST_08616,2.9627213,0.6329345,0.65598947
TEST_08617,2.2623925,0.48350495,0.51230174
TEST_08618,2.8882434,1.3103956,0.11135466
TEST_08619,1.223496,0.08856479,-0.15953475
TEST_08620,1.8888003,0.20807369,-0.23187158
TEST_08621,2.8736115,-0.19641532,0.32431272
TEST_08622,1.7661179,0.0040354677,0.10748313
TEST_08623,2.7327702,0.81056505,-0.8584929
TEST_08624,2.9156013,-0.22614889,0.32649142
TEST_08625,4.117168,1.2006718,-0.5756651
TEST_08626,2.1151304,0.28924802,0.045772757
TEST_08627,1.1595824,0.063167304,0.3258749
TEST_08628,2.9953,-0.35547322,-0.09854498
TEST_08629,4.1883287,1.475446,1.2859671
TEST_08630,1.1105983,-0.2129565,0.12708227
TEST_08631,2.870495,0.8434074,0.2561852
TEST_08632,2.5739481,0.5951623,0.10181245
TEST_08633,3.278679,-1.7277669,-0.48932362
TEST_08634,1.2523557,0.25561425,-0.03627501
TEST_08635,1.2074031,0.40329885,-0.35880107
TEST_08636,3.9745493,-1.0516883,-0.017546618
TEST_08637,3.4063368,-1.3390423,0.8129603
TEST_08638,2.493937,0.8939641,1.2187848
TEST_08639,5.586652,-0.3079047,0.31838292
TEST_08640,2.5873306,0.45988092,-0.30455413
TEST_08641,3.4185345,-1.008276,-0.8880539
TEST_08642,4.4674506,0.59122103,0.39694408
TEST_08643,2.1363788,-0.91819805,-0.88003343
TEST_08644,2.0760052,0.7105043,0.37270314
TEST_08645,1.7421933,-0.27210382,-0.46304095
TEST_08646,3.8712432,1.1288265,-0.7184254
TEST_08647,2.2948904,1.3361236,0.06288374
TEST_08648,5.183168,0.8195632,0.32627183
TEST_08649,1.9473746,-0.04790895,0.26443774
TEST_08650,1.8947189,0.48435956,0.06344732
TEST_08651,3.3513262,0.43274826,0.33303162
TEST_08652,3.8512685,0.07837074,0.63458896
TEST_08653,3.100597,0.67204833,-0.5402332
TEST_08654,2.9695086,-1.596726,-1.121454
TEST_08655,4.2828164,-0.5567521,-0.23100397
TEST_08656,1.7598164,-0.2733547,0.06813252
TEST_08657,3.627982,2.0423844,0.042335823
TEST_08658,2.0313816,0.36608452,-0.29492384
TEST_08659,2.9365072,-1.2557423,0.49839517
TEST_08660,1.989657,-1.037722,1.0316995
TEST_08661,0.7622983,-0.22249755,-0.2511921
TEST_08662,1.6168772,0.31624636,0.31466824
TEST_08663,3.3894083,0.14332905,-0.9128393
TEST_08664,1.9433182,0.057291295,-0.39870074
TEST_08665,4.3226013,0.51629007,-0.36895996
TEST_08666,1.361795,0.15274984,-0.5687676
TEST_08667,2.5893257,-0.46391016,0.26946145
TEST_08668,2.7621663,-0.6199333,0.31723836
TEST_08669,2.4661753,1.4364923,0.5952727
TEST_08670,1.0689963,-0.6308926,-0.16253783
TEST_08671,3.242026,0.11074936,-0.12279206
TEST_08672,2.6879299,-0.21306491,-0.1956049
TEST_08673,2.5639899,-0.0866387,0.49717262
TEST_08674,3.4379997,-0.4238992,0.65072244
TEST_08675,1.3480365,0.48615375,-0.18916614
TEST_08676,3.922627,1.5809262,0.7031954
TEST_08677,2.1147394,0.91717756,0.21231847
TEST_08678,3.2909875,-1.8257805,-0.9147543
TEST_08679,4.3349957,-1.3232583,2.2221782
TEST_08680,4.7365513,2.108568,-0.9129589
TEST_08681,2.3333204,0.7849457,-0.2878116
TEST_08682,1.3756268,-0.5669146,-0.33980262
TEST_08683,3.7647624,2.0656347,0.8893322
TEST_08684,2.6790838,-0.36743966,-0.1973786
TEST_08685,1.420732,-0.24014741,0.018192193
TEST_08686,3.270078,-0.4034815,-0.087125644
TEST_08687,2.9976013,0.38702065,-0.64347583
TEST_08688,0.78429693,0.41894683,0.21432813
TEST_08689,2.7351804,0.31393763,-0.08682047
TEST_08690,3.1591086,0.07771932,1.2143854
TEST_08691,2.784282,0.16003475,-0.14853874
TEST_08692,2.412628,0.94155663,0.10482673
TEST_08693,1.3141878,0.22515082,-0.067834504
TEST_08694,3.1968102,0.06335887,1.4093735
TEST_08695,3.581138,0.57641476,-1.0038975
TEST_08696,3.0851676,-0.4867047,1.5503871
TEST_08697,3.827633,-0.59843767,0.7521952
TEST_08698,3.4095075,0.4671899,-0.9734881
TEST_08699,2.3978393,1.2485633,-0.3709763
TEST_08700,3.406488,0.9835876,0.8617419
TEST_08701,3.6317537,0.34597525,-0.68680984
TEST_08702,1.8066957,0.13685127,-0.09723489
TEST_08703,2.4951167,-0.17593743,0.12728952
TEST_08704,1.617033,0.5938518,-0.22314827
TEST_08705,2.9155447,-1.4683425,-0.61497754
TEST_08706,3.3017943,-0.5055836,0.48221284
TEST_08707,2.147292,-0.15341388,0.45476404
TEST_08708,2.986203,0.66461945,-0.60584944
TEST_08709,4.4134417,-0.98648256,0.9150635
TEST_08710,1.8384166,0.106171094,0.60531807
TEST_08711,2.475803,-0.8795965,0.2480767
TEST_08712,1.8410813,-1.1318632,0.82964987
TEST_08713,2.4509854,0.14099483,0.1666419
TEST_08714,3.400874,-0.49274263,-0.34025237
TEST_08715,1.3316237,-0.18137231,0.14050822
TEST_08716,2.980871,-0.39121667,0.7170388
TEST_08717,3.08346,-0.15527824,-0.45006388
TEST_08718,3.6400883,-0.104628555,1.1682628
TEST_08719,5.442626,0.8949063,2.0462875
TEST_08720,3.785405,0.40170294,0.7639469
TEST_08721,3.9858491,0.09149695,0.63463604
TEST_08722,3.8200889,0.76393384,1.6030186
TEST_08723,1.8259097,0.46950737,0.6517915
TEST_08724,2.8266728,0.43342745,0.23813872
TEST_08725,1.0791351,-0.3627267,-0.023773419
TEST_08726,1.5003408,0.050117433,0.14747654
TEST_08727,2.9738772,0.24302278,0.82154816
TEST_08728,1.0147551,-0.88221264,0.26141256
TEST_08729,1.7173771,0.43727916,0.040227275
TEST_08730,1.5680298,-0.052018993,0.3177418
TEST_08731,3.719813,0.38352972,0.24642001
TEST_08732,2.9016194,0.6016374,1.3691858
TEST_08733,3.0319338,0.0022648345,0.3101818
TEST_08734,3.2481086,-0.47096303,-0.4334058
TEST_08735,1.6111523,0.34436718,0.4069384
TEST_08736,1.5779736,-0.18736854,0.82600814
TEST_08737,2.8924518,-0.24873169,0.732197
TEST_08738,3.2107472,1.4930688,1.7314233
TEST_08739,2.3879366,0.3365498,-0.22942485
TEST_08740,1.5619365,0.23586802,-0.45537093
TEST_08741,3.5997992,-0.09587859,0.24866603
TEST_08742,1.4974102,0.43637744,-0.012219415
TEST_08743,1.6581842,0.7548717,0.31701842
TEST_08744,3.8313763,0.18927227,-0.4924822
TEST_08745,1.5167075,-0.6146402,-0.5625573
TEST_08746,2.6385963,-0.15641187,-0.8864991
TEST_08747,2.9266877,0.16360044,-0.24223062
TEST_08748,1.6467637,-0.16047452,0.18657468
TEST_08749,2.9666173,-0.56982875,-0.43147632
TEST_08750,3.8271782,1.5393293,1.541849
TEST_08751,1.3237798,0.21521609,0.0827992
TEST_08752,2.1933005,-0.9364514,0.054600127
TEST_08753,2.0939777,-0.5824754,0.039395403
TEST_08754,1.9026717,-0.4009403,0.29323256
TEST_08755,1.6334153,-0.5903567,-0.15756111
TEST_08756,3.3854282,-0.15635727,1.0500118
TEST_08757,3.517615,0.5626608,0.7653052
TEST_08758,0.91758096,0.06866093,0.013497677
TEST_08759,0.97842115,-0.115241975,-0.2683195
TEST_08760,1.8485878,0.19480488,0.3562313
TEST_08761,2.5482128,1.5019488,0.07804275
TEST_08762,3.2255902,0.69232726,0.47842833
TEST_08763,3.1122215,1.1260095,0.0122225825
TEST_08764,2.2392836,-0.6817083,-0.35468957
TEST_08765,0.7984736,-0.15681769,-0.18101001
TEST_08766,2.5245526,0.10618507,-0.37934464
TEST_08767,2.216018,1.0990115,-0.7448254
TEST_08768,3.9384,-1.0209578,0.25014296
TEST_08769,1.8621312,0.6694735,0.08499693
TEST_08770,1.3429554,0.08443127,-0.093319274
TEST_08771,1.5336374,-0.17762996,-0.23079473
TEST_08772,4.543439,0.029900553,-1.0014393
TEST_08773,2.532047,0.16194484,0.1581207
TEST_08774,2.312646,-1.378822,-0.6565199
TEST_08775,2.5650947,0.017493848,0.660994
TEST_08776,2.126136,-0.16824082,0.4018018
TEST_08777,3.7907817,0.7363101,1.0568129
TEST_08778,4.7665014,0.56967336,-0.94388443
TEST_08779,2.5583386,-1.1709626,-0.45776993
TEST_08780,2.2643535,-0.25040698,0.6411667
TEST_08781,2.3369398,0.14579082,-0.57008594
TEST_08782,1.4487987,-0.23497151,-0.07984993
TEST_08783,4.430504,0.12613541,-0.92467487
TEST_08784,3.3753188,0.038608473,-0.5932665
TEST_08785,4.744494,1.3072598,-0.028616173
TEST_08786,1.4156555,-0.18355492,-0.5054813
TEST_08787,3.3895366,0.147634,0.77350575
TEST_08788,2.3716457,-0.03552979,-0.032951765
TEST_08789,3.0623794,-1.5297748,1.0427632
TEST_08790,1.4132915,-0.43898162,0.49844408
TEST_08791,2.8353803,-0.018735893,0.16593434
TEST_08792,2.1403842,0.7191905,-0.7565343
TEST_08793,1.8650223,0.14580317,-0.29334176
TEST_08794,1.3332337,0.14614756,0.03709595
TEST_08795,0.9654904,0.04708126,-0.009406801
TEST_08796,1.9445698,0.078546286,0.1478139
TEST_08797,2.7555997,1.5387683,0.29678866
TEST_08798,1.9848505,0.44747722,-0.15515886
TEST_08799,5.403938,-0.79471344,0.3057609
TEST_08800,2.3910484,-1.1058356,0.3142543
TEST_08801,4.5607333,-1.4727309,-0.70485115
TEST_08802,3.0187287,1.3401393,0.26114324
TEST_08803,2.7943792,-0.082053065,0.57583785
TEST_08804,2.2802966,-0.97517425,0.74395263
TEST_08805,2.853945,0.8023707,0.73136014
TEST_08806,3.7404463,1.3350514,-0.14791131
TEST_08807,1.994877,0.12947497,-0.09448025
TEST_08808,2.6412127,0.17481543,0.55228555
TEST_08809,1.9922024,0.04117216,-0.125389
TEST_08810,2.136664,0.19231604,0.26978
TEST_08811,2.4098222,-0.018339375,-0.6630193
TEST_08812,1.767364,-1.0631325,-0.7254646
TEST_08813,1.1306136,-0.094089255,-0.09065405
TEST_08814,1.2961252,0.5475856,-0.45385033
TEST_08815,1.4249042,-0.44956604,0.15239245
TEST_08816,1.1549506,-0.20229405,-0.37017968
TEST_08817,2.4770694,0.23171881,0.58011097
TEST_08818,4.468519,0.40449142,-0.60905373
TEST_08819,1.8485184,-0.81793576,0.5057325
TEST_08820,2.3077185,0.05428273,-0.5220616
TEST_08821,3.3606415,0.24865542,0.025748793
TEST_08822,1.9506071,-0.39844972,-0.29610258
TEST_08823,1.5689183,0.31856558,0.14246535
TEST_08824,2.6782176,-0.18656464,0.18164729
TEST_08825,1.6796583,-0.52465963,0.94490814
TEST_08826,3.4069824,0.26395288,-0.80142087
TEST_08827,1.4616591,0.33896798,0.13353117
TEST_08828,2.3615744,-0.27269214,0.1421457
TEST_08829,0.89533937,0.3570346,0.47196102
TEST_08830,2.6211214,0.70706743,-0.75867516
TEST_08831,1.7958103,-0.34341624,-0.05802471
TEST_08832,2.6410897,0.51240546,0.33942026
TEST_08833,3.5545323,0.8825977,0.47871664
TEST_08834,1.7138107,0.30602697,-0.1286697
TEST_08835,1.5850588,0.42129534,0.51069677
TEST_08836,3.31916,-1.4552264,1.2062596
TEST_08837,2.9730868,-1.6229191,-0.38103798
TEST_08838,3.1565578,-0.10915305,1.0526642
TEST_08839,5.3931017,-0.48651683,1.3416271
TEST_08840,3.734606,1.4472469,0.5825136
TEST_08841,1.0123764,0.2059761,0.1968194
TEST_08842,3.8641727,1.4395984,0.7130967
TEST_08843,2.6634672,-1.6853123,-0.7328912
TEST_08844,2.8206155,0.018181304,0.19594865
TEST_08845,2.6130323,0.6083859,-0.16303189
TEST_08846,3.2936413,-0.33935356,-0.59935933
TEST_08847,1.9781765,1.2681127,-0.92973465
TEST_08848,6.195427,1.8089734,-0.69718593
TEST_08849,1.5962273,-0.36783278,-0.08285504
TEST_08850,2.899881,-0.018321425,-0.71317065
TEST_08851,0.9435398,0.20604311,-0.23694058
TEST_08852,1.1356025,-0.88350576,0.33824095
TEST_08853,1.3246076,-0.16223548,0.011172553
TEST_08854,1.9163982,0.6204056,-0.19067448
TEST_08855,3.723337,-0.58693755,0.563393
TEST_08856,1.5215032,-0.39742392,-0.1986282
TEST_08857,3.9985702,-0.19907947,1.9738947
TEST_08858,2.629141,0.7474357,-0.7822332
TEST_08859,1.9376713,0.38424975,-0.5106249
TEST_08860,0.9196007,0.27499923,-0.040634878
TEST_08861,3.2961543,-0.25781336,0.8738943
TEST_08862,1.41216,-0.24726354,0.1613264
TEST_08863,2.1244268,0.37831917,0.070457906
TEST_08864,3.3103943,0.097683705,0.14294058
TEST_08865,3.6082654,0.9564531,1.7521579
TEST_08866,1.6846943,-0.44536364,-0.42958695
TEST_08867,2.3276775,0.4928587,-0.29276
TEST_08868,2.328285,0.73508203,-0.45611587
TEST_08869,3.159791,-0.73316765,0.87417316
TEST_08870,4.8048463,-0.721392,1.5107621
TEST_08871,1.0688035,0.09555592,-0.013533136
TEST_08872,0.9090903,-0.1832804,0.25988534
TEST_08873,1.8485178,-0.34620455,-0.17202364
TEST_08874,2.3756032,0.20056239,0.0965656
TEST_08875,2.342172,0.38974285,-0.022102075
TEST_08876,1.4794573,-0.29082724,0.20375498
TEST_08877,3.8033586,0.6891146,-0.24538383
TEST_08878,2.3082936,0.83532727,-0.40213558
TEST_08879,5.397368,0.086554766,1.1529293
TEST_08880,3.7793858,0.87846714,0.99774826
TEST_08881,3.7627387,-1.5085393,0.30179507
TEST_08882,1.023007,0.079434134,0.37207383
TEST_08883,2.6840138,1.7515999,1.1356606
TEST_08884,3.0813594,-0.15939307,0.2923871
TEST_08885,1.0159098,0.24372673,0.02489932
TEST_08886,1.7092923,0.2652422,-0.06370778
TEST_08887,3.2297552,0.49785957,-0.0008536998
TEST_08888,2.5733244,0.50990254,-1.1817138
TEST_08889,1.4753419,0.22417879,0.10135882
TEST_08890,2.986794,0.33403766,-0.369818
TEST_08891,1.5715958,-0.04516445,-0.2953206
TEST_08892,1.0078987,0.15203238,0.32670134
TEST_08893,2.9674706,-0.19538131,0.31919357
TEST_08894,2.734164,1.526654,1.1118786
TEST_08895,2.396346,-0.43602476,-0.018104475
TEST_08896,1.9866047,-0.60951424,1.2177136
TEST_08897,4.1193767,-0.24391277,-0.7387529
TEST_08898,1.290327,-1.1663147,-0.48552722
TEST_08899,0.9588953,0.3218951,-0.12631178
TEST_08900,2.370436,-0.3995469,0.4282274
TEST_08901,1.850718,0.08119951,-0.31360248
TEST_08902,2.049924,0.38988906,-0.17815103
TEST_08903,3.3710544,-0.68218654,0.911009
TEST_08904,2.4158096,-0.41446635,0.38637373
TEST_08905,1.4434307,0.16210034,0.25593334
TEST_08906,2.7486582,0.27432236,-0.13389526
TEST_08907,2.4837189,0.43343028,-0.16786723
TEST_08908,2.2682269,-0.89195824,0.5436026
TEST_08909,4.024191,1.4368608,0.7665389
TEST_08910,3.0193403,-1.6284947,0.81916463
TEST_08911,1.2729031,-0.2234872,-0.21047403
TEST_08912,1.9981654,-0.14890893,0.5378844
TEST_08913,2.8522258,0.383159,-0.9414671
TEST_08914,2.9967427,-0.3041052,0.61129653
TEST_08915,1.3647832,0.054278787,-0.1262161
TEST_08916,2.9521203,-0.09744346,0.34949303
TEST_08917,3.5926101,-2.1567736,-0.5111093
TEST_08918,3.8129752,-1.4290497,-0.2390242
TEST_08919,2.317616,-1.4369596,0.6302748
TEST_08920,4.863548,-0.115031846,0.36591607
TEST_08921,4.9392414,1.9878973,0.0011649403
TEST_08922,3.7558775,-0.20941195,0.6102838
TEST_08923,3.00295,0.014860254,0.42816916
TEST_08924,1.5065328,-0.32774264,0.60635
TEST_08925,2.1933663,0.45817623,0.36526042
TEST_08926,2.7231832,-0.28152764,-0.8065377
TEST_08927,2.9627542,-0.14629418,0.48925647
TEST_08928,5.442865,0.037464317,0.6378666
TEST_08929,4.312344,-0.07286547,-1.108114
TEST_08930,2.7228856,0.4663161,-0.7598453
TEST_08931,3.7175665,-0.5498951,-0.727927
TEST_08932,4.1286016,0.93268615,-1.2348537
TEST_08933,0.9110641,0.41838247,-0.108305335
TEST_08934,2.2449286,1.6680228,-0.43898323
TEST_08935,1.213633,0.41400975,0.25772712
TEST_08936,1.5300839,0.2767416,0.15208533
TEST_08937,3.9528093,-1.6492648,0.7803394
TEST_08938,5.764557,0.398108,-1.1614349
TEST_08939,1.1160716,-0.072546765,0.18389073
TEST_08940,2.32834,0.6795175,0.43034393
TEST_08941,1.1499982,0.13485362,0.23568037
TEST_08942,1.7032509,0.7807309,0.5373093
TEST_08943,1.8235875,-0.108129844,-0.29723927
TEST_08944,2.8515158,0.46946323,-0.18697299
TEST_08945,4.59187,1.6886221,0.027518043
TEST_08946,3.3876948,-0.2011511,0.12850219
TEST_08947,1.3315179,0.38525018,-0.4603543
TEST_08948,3.1728492,0.24002314,-0.29564068
TEST_08949,4.549918,0.6078395,0.9056743
TEST_08950,2.6050975,1.6342326,0.5610031
TEST_08951,2.5988379,0.78577036,0.4341125
TEST_08952,3.1829946,1.7248944,1.6953118
TEST_08953,3.8504763,0.46273234,1.071075
TEST_08954,1.7580768,0.37395182,0.36648116
TEST_08955,1.1173154,0.27433908,-0.1979757
TEST_08956,3.7859282,-1.4917928,0.4917814
TEST_08957,1.8152978,0.46315208,0.13604657
TEST_08958,1.8096107,-0.9683925,0.04208993
TEST_08959,2.665439,-0.9088885,0.8662559
TEST_08960,1.4991467,-0.116917714,0.06807041
TEST_08961,5.178748,0.97935575,1.0803441
TEST_08962,1.3989509,-0.60572433,0.3303592
TEST_08963,1.5420641,1.103654,-0.58382076
TEST_08964,2.741368,-0.041773103,0.09468562
TEST_08965,2.4465547,0.035901096,-0.3312358
TEST_08966,5.187995,0.5327305,0.5496824
TEST_08967,2.366205,1.2805526,0.15793563
TEST_08968,4.982133,-0.3159857,1.0208584
TEST_08969,4.0353565,0.18050282,-0.81031215
TEST_08970,1.5121192,0.017897094,-0.21346192
TEST_08971,4.027778,-0.5010668,-0.630028
TEST_08972,4.5505366,-1.2346522,-1.0043701
TEST_08973,0.9087187,-0.27153778,0.27275202
TEST_08974,3.1846693,-1.3684512,1.2625873
TEST_08975,2.9080822,-0.66887057,0.45487216
TEST_08976,2.753551,-0.5172225,1.6582509
TEST_08977,3.2102475,-0.26781687,0.9360319
TEST_08978,2.2829847,-0.73813087,1.347037
TEST_08979,2.9422152,-1.3778799,-0.8237114
TEST_08980,2.0503385,-0.24442981,0.4193882
TEST_08981,3.4846456,0.13576968,0.45573008
TEST_08982,2.0460753,0.03923897,-0.22353424
TEST_08983,2.8113837,-0.1209527,0.106511936
TEST_08984,3.0569334,-0.06071632,0.84840584
TEST_08985,1.9990205,-0.27180165,0.61183435
TEST_08986,1.9000953,0.75205594,0.3728657
TEST_08987,3.6042764,-0.077108234,-0.02129646
TEST_08988,2.732267,-0.18264566,0.015001118
TEST_08989,3.221753,-1.0305289,0.848842
TEST_08990,1.2629485,0.23284024,-0.2373816
TEST_08991,2.4287863,0.023824532,0.03333489
TEST_08992,2.1395338,-0.6980924,-1.0827423
TEST_08993,3.5112584,1.7619659,0.54093283
TEST_08994,2.7820852,-0.27325344,0.13070758
TEST_08995,0.8072903,0.13623591,0.17196263
TEST_08996,2.4288514,0.4957031,0.32709232
TEST_08997,0.9852906,-0.42290512,0.32558614
TEST_08998,3.0967517,-0.79335207,0.68953395
TEST_08999,3.9481392,-0.58056855,-1.1926466
TEST_09000,4.4229198,-1.1687227,0.45442465
TEST_09001,2.5042863,-0.19132814,0.34282455
TEST_09002,1.7339565,0.27130982,0.79624784
TEST_09003,2.8058457,-2.3806846,-0.53830355
TEST_09004,2.6323152,0.032773145,0.24960662
TEST_09005,1.3087748,0.61278737,-0.17655595
TEST_09006,4.4428015,-1.0431815,0.83057255
TEST_09007,4.058338,0.4750346,1.1846744
TEST_09008,5.554384,-0.6996434,0.10598158
TEST_09009,1.0005245,0.3132331,0.17460138
TEST_09010,1.0723618,-0.18357997,0.116260976
TEST_09011,1.6426009,0.08868669,-0.07783645
TEST_09012,3.6054578,-0.013549764,0.38968295
TEST_09013,1.4511707,0.04539533,-0.17191449
TEST_09014,1.6443495,-0.057223056,0.71841127
TEST_09015,3.0564196,0.4652937,0.48560068
TEST_09016,2.1368396,0.14766417,-0.8379055
TEST_09017,1.3101186,0.6893884,0.6186525
TEST_09018,3.2072513,0.9229461,-0.69371194
TEST_09019,2.2437081,-0.9785493,0.63383555
TEST_09020,2.1103055,0.18312591,-0.95573115
TEST_09021,3.3251305,-0.3519215,0.81804687
TEST_09022,2.1878443,-0.14267002,0.06862647
TEST_09023,3.2657793,-0.058953267,-0.32921764
TEST_09024,1.9389731,0.08351608,-0.15004316
TEST_09025,3.9772146,1.2360595,0.89700854
TEST_09026,1.2041557,-0.0634384,-0.43403873
TEST_09027,3.9627287,-0.49308756,-0.14656411
TEST_09028,2.993327,-0.013176831,-0.09281991
TEST_09029,4.6102314,0.7830187,-0.5449611
TEST_09030,5.260515,-1.0708702,1.7556736
TEST_09031,2.0363014,-1.0981579,-0.121271044
TEST_09032,2.1655357,0.45849752,0.25212637
TEST_09033,2.1706157,0.27327153,0.6007101
TEST_09034,1.54805,0.2929891,0.20799905
TEST_09035,1.434496,0.2907086,0.20326129
TEST_09036,1.6297576,-0.6707857,-0.15100332
TEST_09037,3.990712,0.6952828,-0.57009584
TEST_09038,0.8953263,-0.26452917,0.41160166
TEST_09039,4.7307315,1.7378117,-0.9302649
TEST_09040,1.6424992,-0.60395527,-0.120665774
TEST_09041,1.2468178,0.2523848,-0.29719156
TEST_09042,3.3387191,-1.594919,0.8949724
TEST_09043,1.22523,-0.5016264,-0.049451187
TEST_09044,3.4901865,0.2541152,-0.18613468
TEST_09045,2.1309092,0.98313546,0.7096719
TEST_09046,1.5069288,0.9822089,0.07506271
TEST_09047,2.2372928,0.50478923,-0.0063788593
TEST_09048,3.944251,1.6403878,0.3024163
TEST_09049,2.900558,0.50151837,-0.21416378
TEST_09050,1.4384633,0.19875708,0.10388777
TEST_09051,1.7101498,-0.21722254,0.17346977
TEST_09052,2.06812,-0.13698187,-0.23756312
TEST_09053,3.0459113,0.22328813,-0.31448114
TEST_09054,3.4952672,-1.7365601,-1.1186831
TEST_09055,1.2046409,-0.35474184,-0.012418381
TEST_09056,2.7061894,-0.26945013,0.7070963
TEST_09057,3.177903,-1.1190242,0.8757333
TEST_09058,4.2595854,0.043383263,-0.63231695
TEST_09059,1.3966855,0.70501035,-0.19379349
TEST_09060,2.7935746,0.5224398,-0.956376
TEST_09061,1.6051124,-0.5113267,0.37419865
TEST_09062,1.3816779,-0.4243878,0.30862588
TEST_09063,2.136117,-0.3636753,0.45649174
TEST_09064,2.0215514,-0.019905696,0.36129767
TEST_09065,2.7357976,-0.08603697,-0.5166334
TEST_09066,2.697695,0.33601493,0.030897263
TEST_09067,3.5304897,0.59809613,0.09143803
TEST_09068,3.2675328,0.7127082,0.6393216
TEST_09069,3.0458899,-1.3232085,-0.78247863
TEST_09070,2.2286851,-0.36396363,-0.6181043
TEST_09071,2.1004977,0.11992304,0.332829
TEST_09072,3.4915242,0.52294767,0.4134256
TEST_09073,2.218221,-1.3502312,0.23532592
TEST_09074,2.6289656,-0.5699513,0.3708193
TEST_09075,1.2982237,0.09318471,-0.043833695
TEST_09076,4.2614727,0.72641104,-0.8425656
TEST_09077,2.257095,-0.028195681,0.34844783
TEST_09078,2.7537756,-0.75073284,0.26546213
TEST_09079,1.9336802,-0.77614456,0.25665405
TEST_09080,4.4682264,1.0380737,-0.16261548
TEST_09081,5.1095233,-2.0662475,-0.6246329
TEST_09082,1.4523464,-0.983074,0.593893
TEST_09083,1.1163472,-0.2313703,-0.02519041
TEST_09084,3.2811015,-0.33194286,0.5429767
TEST_09085,2.1489491,0.74220186,-0.21684022
TEST_09086,3.9153314,-0.2545307,1.0844738
TEST_09087,2.013185,1.4160705,0.60275674
TEST_09088,4.1491466,2.228897,0.3296642
TEST_09089,3.1299772,0.55542064,-0.26487547
TEST_09090,2.3897202,0.43892047,0.25824407
TEST_09091,2.5698395,-0.12147425,-0.21162793
TEST_09092,4.322586,0.02058146,0.37757137
TEST_09093,2.5615203,0.080093466,0.122324936
TEST_09094,2.9255931,-0.84110355,0.8744361
TEST_09095,2.289813,0.9602122,0.85677475
TEST_09096,3.3227744,0.5771544,0.7427861
TEST_09097,1.7431419,0.15910205,-0.3703648
TEST_09098,5.0941067,-1.4629337,0.067467816
TEST_09099,3.350205,0.96731156,-1.1673158
TEST_09100,1.554796,-0.26811373,-0.090264045
TEST_09101,1.8605417,0.273783,-0.5160232
TEST_09102,2.1706686,0.16310209,0.6284876
TEST_09103,3.42682,0.29301888,-0.15196623
TEST_09104,1.4275004,0.11640208,0.4073785
TEST_09105,3.9574533,-0.5119201,0.35944512
TEST_09106,2.5363977,0.72873235,-0.53680193
TEST_09107,1.2541405,0.046406277,-0.20832603
TEST_09108,2.8297002,-0.42010334,0.18656753
TEST_09109,1.5668702,-0.29097015,0.5914871
TEST_09110,5.306441,-0.5796201,-0.75411046
TEST_09111,2.662971,0.94184387,-0.6597515
TEST_09112,1.9451663,0.6019191,0.61799526
TEST_09113,3.628579,0.878985,0.9733552
TEST_09114,1.8651468,-0.652938,-0.19500715
TEST_09115,2.0924253,0.4640632,-0.45281187
TEST_09116,4.462768,0.53512025,-0.18638875
TEST_09117,2.6612499,1.0332954,-0.6111986
TEST_09118,1.5362931,-0.075697504,-0.2604747
TEST_09119,4.716205,-1.0583062,-0.7368004
TEST_09120,4.1934576,2.4675171,0.25353038
TEST_09121,4.069447,-0.91737926,0.94959056
TEST_09122,1.9256377,0.9742638,0.30116108
TEST_09123,2.7343564,-2.2340505,-0.12258227
TEST_09124,1.4028584,-3.952502e-06,-0.25388175
TEST_09125,2.4395235,0.47575587,0.33021098
TEST_09126,4.9618087,-0.5971644,-0.27571815
TEST_09127,1.692086,0.11727359,-0.44687626
TEST_09128,2.0017726,0.15002714,0.58484405
TEST_09129,1.9542636,0.74360925,-0.15970734
TEST_09130,1.0683745,-0.055309225,0.279098
TEST_09131,2.1605225,0.4809228,-0.2838087
TEST_09132,1.2227451,-0.5269944,-0.362163
TEST_09133,1.6797771,-0.302597,0.34508482
TEST_09134,2.4262202,-1.6151811,1.2099801
TEST_09135,1.4555497,-0.64513606,-0.084476724
TEST_09136,2.1724215,0.3348824,0.93610734
TEST_09137,3.628826,1.7064176,0.86293405
TEST_09138,3.0853183,0.04641656,0.5520569
TEST_09139,4.37913,-0.6781874,-1.0978903
TEST_09140,2.2083402,0.7071705,-0.84284073
TEST_09141,3.1409404,0.26589605,-0.42120248
TEST_09142,1.5669205,0.045094974,0.42915758
TEST_09143,3.2643828,0.17388774,0.17466716
TEST_09144,3.6368124,0.29593006,0.5100513
TEST_09145,4.4104533,-0.14250995,-0.7106012
TEST_09146,2.6143174,0.3505354,0.19247633
TEST_09147,1.8333172,-0.66842383,0.016817544
TEST_09148,2.829972,-0.31245655,-0.5403604
TEST_09149,3.537468,0.66073966,0.08920417
TEST_09150,2.9954057,0.41423368,0.86536205
TEST_09151,2.7957797,-0.3948787,0.00918427
TEST_09152,2.9297245,-1.3300205,-0.40752274
TEST_09153,2.750582,0.9333875,-0.7045891
TEST_09154,2.241874,0.20032927,-0.17424537
TEST_09155,1.0681986,0.005096978,-0.116174854
TEST_09156,1.5495878,0.31726196,0.5021543
TEST_09157,3.2788665,-0.5825648,-0.56301975
TEST_09158,2.822344,-0.15116134,0.1946354
TEST_09159,5.6440997,0.7673168,1.3892392
TEST_09160,4.5263305,-1.3494555,-0.10266989
TEST_09161,1.9741585,0.2375452,0.2557972
TEST_09162,1.7371248,-0.030412445,-0.49301574
TEST_09163,2.089841,0.16226268,0.44575304
TEST_09164,2.356362,0.4286863,0.16685653
TEST_09165,2.5330458,0.76229864,-0.10618154
TEST_09166,1.4542232,-0.46020368,0.20677584
TEST_09167,4.5560703,-1.3845817,1.0762482
TEST_09168,1.6831881,-0.84003335,0.21871227
TEST_09169,1.1841909,0.33940983,0.2507755
TEST_09170,2.502939,0.40322435,0.8915017
TEST_09171,2.3183866,-0.29260522,0.07849102
TEST_09172,2.0976157,0.17125326,-0.013072239
TEST_09173,2.5075998,0.027785022,0.11367451
TEST_09174,3.523806,0.05596567,-0.7152233
TEST_09175,1.2850132,0.081338026,-0.33385098
TEST_09176,1.0274488,0.005999691,0.02782168
TEST_09177,4.1679544,0.11986034,1.5985674
TEST_09178,1.6845977,-0.019763093,0.4508642
TEST_09179,3.7306948,0.055667657,0.6993495
TEST_09180,2.5798545,-0.26147836,0.7700855
TEST_09181,0.8296749,0.2504381,-0.012949875
TEST_09182,2.0959616,0.647199,-0.05076624
TEST_09183,1.2385951,-0.5145444,0.13831119
TEST_09184,3.2305458,0.17682627,-0.19861577
TEST_09185,2.098754,0.88830566,0.7451336
TEST_09186,3.262303,0.44101745,0.09608546
TEST_09187,3.9847755,-0.1736866,-1.2493602
TEST_09188,3.3772364,1.1203079,-1.1596671
TEST_09189,3.981797,0.25720087,0.7743398
TEST_09190,4.034942,-1.2641822,0.94706386
TEST_09191,2.9762998,0.067091994,0.3780936
TEST_09192,3.0438297,0.08663806,-0.50404525
TEST_09193,3.0180297,0.67840934,-0.31151438
TEST_09194,1.76171,0.33499715,0.06591504
TEST_09195,1.856913,-1.0248345,-0.71977925
TEST_09196,4.2729893,-1.356775,-0.44924417
TEST_09197,1.6352696,-0.42143297,0.095851935
TEST_09198,2.095943,0.593585,0.7748842
TEST_09199,2.1185195,-0.23409735,1.1113834
TEST_09200,2.797156,-0.981872,0.52451926
TEST_09201,4.0794177,-0.224449,1.0976593
TEST_09202,1.9316428,1.6811179,0.16314387
TEST_09203,1.7446755,-1.8772156,-0.63848656
TEST_09204,1.772125,0.5698832,-0.49552813
TEST_09205,1.6834923,-0.44770002,0.5671075
TEST_09206,4.217982,-0.14579444,0.37418622
TEST_09207,3.6545181,-0.2682889,0.35483938
TEST_09208,2.9209752,2.2894437,-0.3686442
TEST_09209,3.1319597,0.14959863,0.38723668
TEST_09210,2.834412,-0.29133558,0.0028504662
TEST_09211,1.4294115,0.17219047,-0.2119294
TEST_09212,4.389627,1.188031,0.43319112
TEST_09213,3.0886393,-0.37044537,-0.6769319
TEST_09214,1.5175227,0.37945166,-0.18091802
TEST_09215,3.365245,0.72205734,-0.44809115
TEST_09216,1.2747815,0.085426375,-0.2991137
TEST_09217,2.5869942,-0.020493107,0.6930106
TEST_09218,2.2037463,-1.7236497,0.1918042
TEST_09219,3.3971393,0.3423944,0.022072373
TEST_09220,2.3802004,-0.18634625,0.26862097
TEST_09221,3.064076,0.092937455,-0.16174698
TEST_09222,1.5470407,-0.367117,-0.2585947
TEST_09223,4.445521,-0.4773954,1.1010535
TEST_09224,3.0631075,0.26086512,1.172365
TEST_09225,2.8912504,0.15283082,-0.88942426
TEST_09226,3.1365263,0.2757912,-0.020865286
TEST_09227,2.3135393,-0.6404506,-0.17853384
TEST_09228,2.7225587,0.034021657,-0.6373916
TEST_09229,2.756458,1.4752333,0.69462645
TEST_09230,4.1109815,1.1902788,1.676969
TEST_09231,2.2461503,0.60365146,0.00077054027
TEST_09232,1.2132019,0.3204092,0.36781844
TEST_09233,3.7544255,1.9157611,1.1681519
TEST_09234,2.5488482,-0.030431515,-0.034051552
TEST_09235,1.5531173,-0.070211574,0.33869255
TEST_09236,2.1627297,0.007523226,-0.78492165
TEST_09237,1.6033535,0.26785228,-0.1211942
TEST_09238,1.1779658,0.13956745,-0.23491547
TEST_09239,4.937981,0.7835282,1.3761793
TEST_09240,2.1772883,0.42461377,0.3796116
TEST_09241,2.637906,-1.5762842,-0.3356209
TEST_09242,2.329594,-0.9434031,0.41775197
TEST_09243,2.9077988,-1.1944726,0.6590883
TEST_09244,2.6862042,0.0469399,0.29380986
TEST_09245,1.8868222,-0.63757664,0.059131667
TEST_09246,5.0626807,1.318111,-0.9452913
TEST_09247,3.3884523,0.014248823,0.4998148
TEST_09248,3.7170007,-0.6275359,0.5278559
TEST_09249,4.620824,0.7408606,-0.20693438
TEST_09250,1.3199179,-0.022625115,0.17646076
TEST_09251,3.047931,0.1929194,-0.14711751
TEST_09252,3.9581811,1.108349,-0.11233117
TEST_09253,2.7092755,-0.026314387,0.174584
TEST_09254,3.5108674,-1.5389384,-0.29370534
TEST_09255,2.4565012,-0.39519837,-0.6023008
TEST_09256,3.0527425,-1.484327,-0.74425274
TEST_09257,1.5827857,0.47403705,0.5849603
TEST_09258,4.0911474,-0.57188696,0.54292464
TEST_09259,1.6461413,-0.99340796,0.46556264
TEST_09260,1.243704,-0.07110572,-0.25602397
TEST_09261,1.0101868,-0.012764462,0.1528693
TEST_09262,2.0586836,0.3085693,0.038992744
TEST_09263,2.2097979,0.1579184,0.5268668
TEST_09264,3.3763056,-0.56378955,0.88862455
TEST_09265,2.0415826,-1.105508,-0.8592272
TEST_09266,2.8027284,-0.47020993,0.6192206
TEST_09267,3.0261643,-0.22123049,-0.10048624
TEST_09268,2.1051316,-0.30436993,-0.0042474247
TEST_09269,1.917123,0.34568605,-1.3132558
TEST_09270,2.2751226,0.46590143,-0.36340764
TEST_09271,1.7496997,-0.43854406,0.10421864
TEST_09272,2.0806854,-0.4818843,-0.55389893
TEST_09273,2.223345,0.5202927,-0.15863872
TEST_09274,3.4992325,-0.7809361,0.81558764
TEST_09275,1.9374572,-0.383786,0.10207697
TEST_09276,2.0101388,0.14525667,-0.067963555
TEST_09277,3.5245225,0.7061306,0.29564956
TEST_09278,3.1462567,-0.4046942,0.19287091
TEST_09279,4.750528,-0.037814375,0.40484765
TEST_09280,3.0243945,0.6894394,0.76986045
TEST_09281,1.810785,1.2318094,-0.1336716
TEST_09282,2.2614481,-0.3386345,0.42658466
TEST_09283,2.6547458,1.2269622,0.38508752
TEST_09284,2.427626,0.21616124,-0.12852018
TEST_09285,1.5902125,-0.012649122,0.24483222
TEST_09286,5.1097474,0.81432664,0.6973289
TEST_09287,2.6501608,-1.3651296,-0.38156188
TEST_09288,3.3500788,0.9437613,-0.700901
TEST_09289,4.2272468,0.044402804,0.83300173
TEST_09290,1.8283392,0.12197216,0.2890449
TEST_09291,1.548508,-0.29723987,-0.40708223
TEST_09292,1.2441652,-0.08546393,-0.079729214
TEST_09293,1.115272,0.14239301,0.123603754
TEST_09294,2.2546651,0.49659517,-0.6694337
TEST_09295,3.0699637,-1.1267647,-0.41152233
TEST_09296,1.0044963,0.58230704,-0.3694407
TEST_09297,1.9654057,-0.15060483,-0.29456213
TEST_09298,4.393532,-0.98961574,-0.61067456
TEST_09299,1.7252632,-0.3305032,-0.3315507
TEST_09300,2.8831992,-0.4374908,-0.124602355
TEST_09301,2.1086056,-0.44381264,-0.4508425
TEST_09302,1.3950379,0.310213,0.36540794
TEST_09303,3.2381775,-0.21260443,0.11418904
TEST_09304,2.6142244,0.053920783,-0.1279337
TEST_09305,3.3976436,-0.22770946,0.025160732
TEST_09306,1.6203504,0.44731152,0.18225707
TEST_09307,4.2445273,0.14551358,-0.70660865
TEST_09308,1.9400815,0.5055192,0.048397258
TEST_09309,3.006135,0.8170575,0.08413075
TEST_09310,4.449287,1.4841864,0.6247315
TEST_09311,3.035235,-0.63731873,-0.49741617
TEST_09312,1.4442061,-0.049597885,-0.0022673039
TEST_09313,2.1956296,-0.98518676,0.5723877
TEST_09314,3.351106,0.5321813,-0.63769066
TEST_09315,1.3696206,0.68922013,0.33842716
TEST_09316,4.5237675,-1.8716042,0.42549568
TEST_09317,1.6408299,0.10236115,0.44832224
TEST_09318,2.2303815,0.16971181,-0.80345494
TEST_09319,4.2846465,-1.2917385,2.3053892
TEST_09320,3.9389296,0.33825102,1.1022037
TEST_09321,4.7684927,-2.48538,1.585643
TEST_09322,3.5014064,-1.7191976,-0.69005257
TEST_09323,1.3129966,1.0402374,0.33375314
TEST_09324,2.2360713,-0.24958366,0.55583483
TEST_09325,2.5109012,0.46863633,0.32252887
TEST_09326,1.3900341,0.35053098,-0.17794628
TEST_09327,4.6535406,0.014732934,0.073681556
TEST_09328,4.7228823,0.49242914,0.28305468
TEST_09329,2.0954435,0.32122973,0.09402265
TEST_09330,2.7534564,0.045001734,0.6447344
TEST_09331,3.1195023,0.26397666,-0.5171712
TEST_09332,4.4671316,-0.7387779,0.23873848
TEST_09333,3.0189743,0.08549506,-0.029410351
TEST_09334,2.974926,0.4045482,-0.119708784
TEST_09335,4.178362,0.5669683,0.040156763
TEST_09336,2.605195,-1.1006768,-0.3804938
TEST_09337,1.8649735,-0.22601274,0.8812486
TEST_09338,3.1720974,-0.115267076,-1.0688304
TEST_09339,1.1331397,-0.1525771,-0.28806862
TEST_09340,1.0440844,-0.23673418,-0.10709071
TEST_09341,3.5680542,-0.22064732,-0.2658621
TEST_09342,1.6837964,-0.6052167,-0.15955128
TEST_09343,4.356853,0.18875383,1.3639504
TEST_09344,2.0330946,-0.67778194,0.38914776
TEST_09345,4.057901,1.6386075,0.45984843
TEST_09346,1.9874371,-0.32503814,-0.5136086
TEST_09347,3.67434,0.36027038,0.4610996
TEST_09348,2.7443788,-0.6713021,0.31386334
TEST_09349,4.167913,1.5686302,-0.89129454
TEST_09350,2.3374088,-0.7354202,-0.39405218
TEST_09351,1.7416723,-0.24299277,0.20452502
TEST_09352,2.9415467,0.8910838,-0.67831975
TEST_09353,2.8322675,0.2027428,0.7723269
TEST_09354,1.0960178,0.12030289,0.11788581
TEST_09355,1.8449517,-0.9407699,0.3682541
TEST_09356,3.9374688,-1.6070104,0.30936325
TEST_09357,3.0466511,-0.558054,0.36002433
TEST_09358,1.457394,0.19087934,0.4546407
TEST_09359,3.7455902,-1.6913407,0.76343733
TEST_09360,4.481682,-1.6236492,0.19014005
TEST_09361,1.4855233,-1.2517967,-0.01237258
TEST_09362,2.5826192,0.12908073,-0.3996911
TEST_09363,3.9443817,-1.3527833,-0.5899013
TEST_09364,2.2499683,0.21515891,0.47869918
TEST_09365,1.1273476,-0.15708382,-0.35646024
TEST_09366,3.5438318,0.059107672,0.03144228
TEST_09367,1.2622424,-0.055793226,0.24470982
TEST_09368,2.928134,0.9352432,0.17131129
TEST_09369,2.3958063,0.43631917,0.3476407
TEST_09370,0.7966589,0.27069226,0.2079199
TEST_09371,1.6102195,0.077045865,0.3840251
TEST_09372,2.1373594,-0.5702227,-0.5798971
TEST_09373,2.434488,-0.4446045,0.23419683
TEST_09374,3.4123604,-1.2400638,-0.6246801
TEST_09375,1.0534712,-0.28773695,0.17184398
TEST_09376,2.4845195,-1.0426409,0.6597637
TEST_09377,3.824874,-2.0673988,1.4872051
TEST_09378,3.1218946,-0.80737364,-0.16485563
TEST_09379,3.0418887,-1.0044016,0.72110975
TEST_09380,2.327316,0.20442845,0.099383205
TEST_09381,2.3601363,-0.43529147,0.18634145
TEST_09382,1.9063383,-0.29382074,0.4862545
TEST_09383,3.7125375,-0.549774,-0.6928688
TEST_09384,2.442145,0.14879134,-0.04140732
TEST_09385,3.564929,-0.14595716,0.8474491
TEST_09386,2.8209815,0.5097171,0.50326324
TEST_09387,3.0311224,0.2417797,0.59465843
TEST_09388,2.8499923,0.40777987,-0.63629776
TEST_09389,3.2833812,-0.50699824,-0.726122
TEST_09390,3.9980233,-1.4377378,-0.7348915
TEST_09391,2.6951613,0.41969708,0.5779502
TEST_09392,1.046533,-0.18877283,-0.27802837
TEST_09393,2.4076283,-0.9052519,-0.48345265
TEST_09394,3.3589222,-0.4466365,0.08937195
TEST_09395,1.2679737,-0.40070763,-0.26418242
TEST_09396,2.70273,-0.09024743,0.26862505
TEST_09397,1.374482,-0.028401446,-0.0015928996
TEST_09398,2.3725178,0.7283484,-0.018454326
TEST_09399,3.5590665,1.7756131,-0.41636005
TEST_09400,1.6691717,0.28466055,0.4708123
TEST_09401,3.3754847,0.5278818,-0.7608185
TEST_09402,3.1974008,-0.94602126,0.2721137
TEST_09403,1.6946583,0.4544228,0.232282
TEST_09404,3.2407355,-0.4148574,-0.13006976
TEST_09405,1.265033,0.64875257,-0.15484148
TEST_09406,4.922292,0.5718394,-0.81781584
TEST_09407,3.5771277,1.1562487,-0.21750404
TEST_09408,1.8169665,-0.62686175,-0.57191336
TEST_09409,1.4724456,0.65334326,-0.09386778
TEST_09410,2.2809248,0.7051678,0.45278224
TEST_09411,2.4078212,-0.09254872,0.22982782
TEST_09412,4.9542336,-1.1136397,-0.2896681
TEST_09413,3.0403078,0.6499098,0.08052825
TEST_09414,1.7250772,-0.834018,-0.35772908
TEST_09415,2.6805792,0.18647456,-0.16032572
TEST_09416,2.6096892,0.05245838,0.9541592
TEST_09417,3.8406863,2.3212588,0.60032016
TEST_09418,4.4254313,-0.04847653,1.45184
TEST_09419,3.1369486,-1.3662055,-0.17884801
TEST_09420,1.7609763,-0.7096565,0.36747548
TEST_09421,2.09032,-0.44597498,-0.32960096
TEST_09422,1.4508184,-0.52246964,0.42769283
TEST_09423,3.9009147,-0.30097437,0.47044596
TEST_09424,1.3559915,0.077051476,0.34756234
TEST_09425,3.6023228,0.8045927,0.5488648
TEST_09426,1.8948764,0.21917786,-0.7992975
TEST_09427,3.3227694,-0.5998643,0.18787795
TEST_09428,2.593147,-0.32974175,0.032856725
TEST_09429,4.1225996,-1.0736018,0.21767451
TEST_09430,3.3741264,0.74339354,0.6747997
TEST_09431,1.7272265,0.6376276,0.18631646
TEST_09432,2.6633546,-0.92574054,1.1692488
TEST_09433,2.5830915,0.04954126,-0.003301997
TEST_09434,1.9167423,-0.41465935,0.18338849
TEST_09435,1.3969646,0.2587374,-0.43355086
TEST_09436,4.505792,1.9045275,-0.002632178
TEST_09437,3.4180763,-1.488193,-0.7019146
TEST_09438,1.2997893,0.01481655,-0.4509654
TEST_09439,5.9189444,-1.6979759,-0.108075276
TEST_09440,2.4890187,-0.67678523,0.039881144
TEST_09441,3.171121,-1.1846386,-1.0308645
TEST_09442,0.46209022,0.36935422,-0.20721336
TEST_09443,2.5245948,-1.591952,0.9129211
TEST_09444,2.0026548,0.039205734,-0.09589805
TEST_09445,2.7796683,-0.303021,-0.07625826
TEST_09446,4.3582535,-1.2708122,-0.43560943
TEST_09447,4.9511275,-0.6662327,0.819642
TEST_09448,2.6565018,-1.350034,-0.09906021
TEST_09449,2.4399817,0.048530724,0.2389988
TEST_09450,3.1346576,0.64523435,0.8232388
TEST_09451,1.4199603,-0.22676055,-0.26569253
TEST_09452,3.2105126,0.9886577,-0.23198731
TEST_09453,1.0927258,-0.04085684,0.29642943
TEST_09454,1.5190215,0.51981825,-0.0986049
TEST_09455,2.3017485,0.6642094,-0.566174
TEST_09456,3.1810129,0.21471302,-0.05984282
TEST_09457,3.184764,-0.14852403,0.5959883
TEST_09458,5.555983,0.34339455,-1.1688457
TEST_09459,1.3404534,0.5825415,-0.41380134
TEST_09460,2.7166016,0.50787383,0.25192747
TEST_09461,2.4151042,-0.4852581,-0.3871313
TEST_09462,1.9266219,-0.23501585,-0.1930489
TEST_09463,1.9337051,0.5442028,-0.25966284
TEST_09464,2.833175,0.13359742,0.18360756
TEST_09465,3.0778964,-0.54308605,1.628367
TEST_09466,2.5268707,0.44501904,-0.12522294
TEST_09467,1.1596253,0.22490673,0.12704295
TEST_09468,3.4333458,1.334156,-1.1408579
TEST_09469,3.6665785,0.5448492,0.501904
TEST_09470,2.7763007,1.5322295,0.123742394
TEST_09471,1.0688792,-0.3659614,0.02596407
TEST_09472,3.353359,1.4372393,0.16732205
TEST_09473,2.6133153,-1.4282724,-0.32706466
TEST_09474,3.5967703,-0.4957261,-0.13393869
TEST_09475,1.7130492,-0.05170619,0.29532197
TEST_09476,1.8363825,0.6750638,0.04167771
TEST_09477,3.7624466,-0.38181618,0.44080228
TEST_09478,2.7874389,-0.034428027,-0.5076231
TEST_09479,5.1566443,-0.501478,1.433064
TEST_09480,3.9992452,0.2235643,-1.4122415
TEST_09481,4.778639,1.7724704,-0.5699138
TEST_09482,1.3172404,0.07217575,-0.33227557
TEST_09483,3.9826958,-2.2417529,0.6042196
TEST_09484,3.3209846,-0.15596491,1.0793337
TEST_09485,2.0845706,0.1611859,0.37114227
TEST_09486,4.767016,-0.45040408,-0.39922655
TEST_09487,2.8167548,0.8568927,-0.4361807
TEST_09488,4.9550457,-1.2839692,0.5591372
TEST_09489,3.464071,0.028411938,-0.16759713
TEST_09490,2.383887,0.16308615,-0.22126195
TEST_09491,3.3542595,-0.2326883,-0.1369444
TEST_09492,1.3017027,0.39665052,-0.0018214285
TEST_09493,1.1039824,-0.12682861,-0.0670749
TEST_09494,1.6525964,0.9682643,0.67206484
TEST_09495,1.7111346,-0.51396126,0.0216978
TEST_09496,2.3710275,0.9366071,0.4094827
TEST_09497,4.0591946,1.5323814,1.2911685
TEST_09498,3.8198967,-1.2218125,0.7152925
TEST_09499,2.9789383,-0.043956775,-0.88425857
TEST_09500,1.7045995,-0.030518988,0.20548435
TEST_09501,3.0882125,-0.538234,-0.15664037
TEST_09502,1.7932822,0.26872972,-0.329501
TEST_09503,3.8713572,0.31736502,0.47796524
TEST_09504,3.0379107,-0.6878242,-0.6559639
TEST_09505,4.1573653,-1.1252532,1.9763253
TEST_09506,3.1688316,0.3985062,-0.8439843
TEST_09507,2.2234197,0.48592153,0.438007
TEST_09508,3.065869,-0.16148488,0.48949602
TEST_09509,2.135292,-0.25191087,-0.32090425
TEST_09510,2.7335384,-0.86343634,-0.4337348
TEST_09511,2.0390654,-0.44256124,0.13455428
TEST_09512,2.1053982,-0.79353386,0.8031795
TEST_09513,2.2384527,0.06140699,0.33374965
TEST_09514,2.4237053,-0.103940815,0.102110535
TEST_09515,0.953944,0.08558185,0.22776453
TEST_09516,4.7775183,-0.71911716,0.7695116
TEST_09517,2.1090732,0.5992832,0.5910691
TEST_09518,2.204707,-0.33484855,-0.5341778
TEST_09519,4.465607,-0.43002462,0.84749633
TEST_09520,1.4438384,-0.8604035,-0.35175556
TEST_09521,3.3918457,1.4360087,-0.87595206
TEST_09522,3.9751856,-1.437548,-0.018001432
TEST_09523,1.8404088,-2.1444473,-0.2871875
TEST_09524,3.1425078,-0.5213626,-0.9901251
TEST_09525,1.8986199,-0.0071718935,-0.37922356
TEST_09526,3.3298047,-0.56907827,0.29397315
TEST_09527,4.8191304,1.6457466,-1.0166255
TEST_09528,2.0247269,-0.47808915,0.6185548
TEST_09529,3.0812929,0.053246964,0.23649095
TEST_09530,2.9854577,-0.23055331,0.17282565
TEST_09531,1.0508318,0.011845886,0.16723444
TEST_09532,2.232553,-1.130802,-0.64220446
TEST_09533,2.2738657,-0.13306516,-0.08580511
TEST_09534,3.0457666,1.1593534,1.1987003
TEST_09535,2.0639787,-0.024248948,0.20810078
TEST_09536,1.785618,-0.9944089,-1.0100906
TEST_09537,3.1818585,0.9139488,-0.35392028
TEST_09538,4.734729,-0.6944563,1.0969425
TEST_09539,2.9177856,0.18156329,-0.04534049
TEST_09540,2.7052612,0.2577835,-0.0074761566
TEST_09541,3.3720517,-0.61186326,1.0358503
TEST_09542,1.1313108,0.28697374,-0.24534531
TEST_09543,2.1210334,-0.3388604,0.34089673
TEST_09544,2.2048345,-0.17132102,0.34785625
TEST_09545,4.694461,1.3043514,1.5119523
TEST_09546,3.2107627,-0.4370006,-0.5061386
TEST_09547,1.327592,0.12744027,-0.23439428
TEST_09548,3.020281,-1.3606827,0.55840385
TEST_09549,1.6913005,-0.24395537,-0.5853287
TEST_09550,2.7339613,-0.6010593,-0.6972643
TEST_09551,3.0066972,-0.43013614,0.3500707
TEST_09552,1.9831014,0.654924,0.80398273
TEST_09553,2.84229,-0.8363547,0.5872835
TEST_09554,1.3021079,0.18419506,0.09075835
TEST_09555,2.0143864,0.16268915,0.008400727
TEST_09556,3.8091087,0.09050019,0.4864375
TEST_09557,1.1664113,-0.45879728,0.07094369
TEST_09558,1.7198051,0.7771625,-0.15347587
TEST_09559,3.6202037,-1.3482,2.0839884
TEST_09560,2.9877806,-1.5270219,0.71420264
TEST_09561,2.2182329,-0.27631408,0.62147415
TEST_09562,1.5919567,-1.1283307,0.58987695
TEST_09563,2.3736327,0.08614918,-0.28565255
TEST_09564,1.659169,-0.045010038,0.3168206
TEST_09565,2.1465762,-0.11491867,-0.13331741
TEST_09566,1.5126774,-0.2801691,0.29116738
TEST_09567,4.800604,0.3217038,0.14818309
TEST_09568,2.75318,1.7744889,-0.51159364
TEST_09569,1.8381444,-0.41077763,0.28890142
TEST_09570,1.7978097,-0.23678549,0.100741975
TEST_09571,2.0077245,-0.5293442,-0.24652918
TEST_09572,2.4145868,1.0019621,0.28938738
TEST_09573,1.8199719,0.25644997,0.426295
TEST_09574,2.716663,1.1905911,0.84849733
TEST_09575,3.1137068,-0.16607751,-0.8302639
TEST_09576,2.4278781,-1.2592518,0.15854679
TEST_09577,1.9047658,-0.097709276,0.067009486
TEST_09578,3.8993332,0.5081848,-0.8184952
TEST_09579,1.376498,0.9103522,-0.33766285
TEST_09580,2.0629444,0.09692277,-0.5147799
TEST_09581,2.0377421,-0.6174181,-0.7194224
TEST_09582,1.6186349,0.02492857,-0.31095937
TEST_09583,3.0906754,-0.93423843,0.84890026
TEST_09584,2.8737876,0.40836343,-0.4618697
TEST_09585,4.428931,0.9231058,0.48374698
TEST_09586,1.6966425,0.49068394,-0.14825958
TEST_09587,3.0623338,0.5371986,0.5957309
TEST_09588,2.572505,-0.6128858,0.40628687
TEST_09589,4.036033,1.4884621,0.29837576
TEST_09590,3.058355,0.17978267,0.81199205
TEST_09591,2.787961,0.29847637,-0.35960877
TEST_09592,3.6631987,1.6699713,1.9133079
TEST_09593,3.2545388,0.3394,0.7128058
TEST_09594,3.5919597,-0.75939006,0.5635417
TEST_09595,2.1364443,-0.23280406,-0.84070665
TEST_09596,3.7604735,-0.44311106,-0.4537494
TEST_09597,3.223002,2.3101082,0.626033
TEST_09598,2.1564436,1.031478,-0.06105029
TEST_09599,3.573265,0.810462,2.0061293
TEST_09600,3.5662713,0.100069486,1.2679617
TEST_09601,1.0045282,0.29798955,-0.19975074
TEST_09602,1.7269238,0.6416237,0.44477364
TEST_09603,2.292232,2.0083148,-0.11801434
TEST_09604,2.9121935,0.08586979,-0.13960363
TEST_09605,1.5106959,0.2075374,-0.34033364
TEST_09606,2.1490862,-0.15669818,0.19881283
TEST_09607,4.0144534,-0.11584173,0.94336796
TEST_09608,4.862061,-0.55104995,0.13019988
TEST_09609,3.6662774,0.10844826,0.16357285
TEST_09610,2.6161692,0.0231445,0.701434
TEST_09611,2.2677262,-0.14650895,-0.46996582
TEST_09612,3.5212166,-0.77441734,0.37309435
TEST_09613,1.0167433,-0.40868238,0.19982003
TEST_09614,2.9317052,-0.8612572,0.1255605
TEST_09615,3.6510286,0.08974362,0.60575956
TEST_09616,2.6808317,-0.34935617,-0.30159158
TEST_09617,3.9481008,1.226017,1.2549093
TEST_09618,1.3728843,0.3207364,0.37138623
TEST_09619,1.6049293,-0.46199134,-0.54440635
TEST_09620,2.0204232,-0.20175624,-0.021272339
TEST_09621,3.5281796,-0.0005780981,0.019284638
TEST_09622,1.7812145,0.0942309,0.4171194
TEST_09623,2.1196144,-0.33988053,0.65593463
TEST_09624,3.454925,-0.24169712,-0.16921097
TEST_09625,4.806857,1.0210607,0.6011285
TEST_09626,2.670589,-0.32602564,-0.62183726
TEST_09627,1.9775804,0.33264643,0.60779893
TEST_09628,1.8039324,-0.09940091,0.25298408
TEST_09629,2.036283,-0.37459943,-0.76279813
TEST_09630,3.8289244,0.81739724,-0.12318271
TEST_09631,2.6331713,0.16664965,-0.070676364
TEST_09632,3.207274,-1.1827773,-0.58335626
TEST_09633,1.6904868,-0.11683509,-0.47519886
TEST_09634,1.9308153,0.15834504,-0.35895202
TEST_09635,0.8159706,0.27397716,-0.12944667
TEST_09636,2.3762894,1.0976092,-0.663536
TEST_09637,3.3739624,0.3923636,0.70321816
TEST_09638,3.6237068,-0.1272803,0.39007464
TEST_09639,1.9864937,0.86041254,0.5895679
TEST_09640,1.9712481,-1.2575686,0.03360921
TEST_09641,4.224271,1.0813968,0.88952535
TEST_09642,1.815838,-0.38713208,-0.73939353
TEST_09643,0.9839363,-1.008659,-0.1640183
TEST_09644,2.297717,0.9439974,0.52454466
TEST_09645,1.7703124,-0.9359136,0.32850277
TEST_09646,3.646845,0.010054753,-0.26392224
TEST_09647,3.6047564,1.1802273,-0.39551574
TEST_09648,1.2893432,-0.91284966,0.3846892
TEST_09649,3.7726908,0.005297495,-0.06249742
TEST_09650,2.1467428,0.056623116,0.5058755
TEST_09651,2.2234993,-0.055455614,0.06057353
TEST_09652,5.10955,-0.42115685,1.1617581
TEST_09653,2.3133898,0.28102383,-0.40545356
TEST_09654,3.391922,1.787967,0.18815225
TEST_09655,3.028706,-0.22428606,0.40888396
TEST_09656,2.121779,-0.31871,-0.80577886
TEST_09657,1.8625877,0.39505616,-0.3388503
TEST_09658,2.4239414,-1.5754058,-0.78427947
TEST_09659,3.60593,0.4702554,0.31589854
TEST_09660,2.427182,-0.20483325,0.018131476
TEST_09661,3.313493,-0.30522835,-0.033001535
TEST_09662,2.057392,0.14293312,0.29459742
TEST_09663,3.0146449,-0.52078533,0.30046883
TEST_09664,3.8208644,0.00041456797,0.19089724
TEST_09665,1.7112517,0.39581597,1.0405111
TEST_09666,2.49279,0.18700327,-1.2733474
TEST_09667,4.2873015,-0.42709002,0.15969309
TEST_09668,2.7592268,-0.6422529,0.47156364
TEST_09669,5.06089,0.93451464,0.015689177
TEST_09670,1.0435688,-0.37727702,-0.0478032
TEST_09671,1.3526427,-0.14117377,-0.02996858
TEST_09672,2.5156786,1.5064191,1.2103667
TEST_09673,3.408271,-0.42544863,-1.172661
TEST_09674,1.8332106,0.17527005,-0.26542318
TEST_09675,2.3808086,-0.66014796,-0.6322314
TEST_09676,1.5571393,-0.78869396,-0.14943261
TEST_09677,1.3518353,0.29643738,0.17452545
TEST_09678,3.448253,0.7958556,-0.918173
TEST_09679,2.3704743,0.64986515,-0.23013611
TEST_09680,4.450377,-1.8964242,-0.2328334
TEST_09681,4.6069846,0.37467843,-0.18865116
TEST_09682,2.5929434,0.73668426,1.3236958
TEST_09683,1.4000418,0.4065096,-0.4322728
TEST_09684,3.7208328,0.97092336,0.24246475
TEST_09685,0.8777768,0.118819825,-0.17744721
TEST_09686,3.403186,0.9500963,0.36192638
TEST_09687,3.5004687,1.0912293,0.47679347
TEST_09688,5.353225,-1.194124,0.65234333
TEST_09689,3.8081403,-0.1393642,0.3426495
TEST_09690,2.1085525,0.50908095,-0.33306268
TEST_09691,3.3574564,-0.3495774,-0.37987366
TEST_09692,1.236857,-0.18498978,0.14709343
TEST_09693,3.2525027,0.6217974,-0.5509546
TEST_09694,1.124274,-0.5644093,-0.2732316
TEST_09695,1.9987744,-0.078594245,0.48640388
TEST_09696,3.0327828,1.1307156,1.8998746
TEST_09697,2.999535,0.36316866,0.06519252
TEST_09698,1.7876801,1.4175283,-0.35777143
TEST_09699,4.690957,1.4370326,0.58475435
TEST_09700,1.9570538,0.52142304,0.5203388
TEST_09701,3.018937,-0.07786284,-0.18584456
TEST_09702,1.713581,-0.5037564,-0.12589638
TEST_09703,3.0107346,0.7658326,-0.22177076
TEST_09704,3.4867291,0.3213623,1.0477414
TEST_09705,5.6488886,1.0130967,-0.3730481
TEST_09706,2.874522,-0.6059998,0.48050258
TEST_09707,3.60651,0.07449602,0.40495682
TEST_09708,1.5260525,0.65858966,-0.4467849
TEST_09709,2.4594545,-1.2777047,0.068253875
TEST_09710,2.9462252,0.05264341,0.92937064
TEST_09711,3.0781052,-1.0077635,-0.7095428
TEST_09712,1.8209045,0.3988036,0.16540965
TEST_09713,1.769394,0.18118922,0.24239197
TEST_09714,2.6024997,-0.16471085,0.102089986
TEST_09715,2.2864225,-1.1662172,-1.0075485
TEST_09716,3.4436796,1.5952805,0.054451525
TEST_09717,3.243589,-0.7120871,-0.36389834
TEST_09718,1.5918152,0.90843445,-0.16319862
TEST_09719,2.8201265,-1.3582677,1.181998
TEST_09720,2.8198085,-1.8140285,-0.8788369
TEST_09721,4.121141,1.0867234,0.52260834
TEST_09722,2.6978104,-0.49742717,1.538348
TEST_09723,4.2475443,-1.3069962,0.5645494
TEST_09724,2.4352407,-0.019678127,-0.17603517
TEST_09725,1.3315675,-0.31083596,0.18159321
TEST_09726,1.8119138,-0.87042207,-0.34224385
TEST_09727,1.9272405,-0.4367773,0.25365463
TEST_09728,6.241745,1.8673087,-0.90033275
TEST_09729,1.5342593,0.2643896,0.1587067
TEST_09730,3.1404772,-0.34053674,-0.7254952
TEST_09731,4.26349,-0.2181415,-0.62818736
TEST_09732,2.3126488,0.83253396,-0.4780289
TEST_09733,0.8503862,-0.05278412,0.023496566
TEST_09734,2.6294715,0.38149253,1.5378782
TEST_09735,2.0280492,0.64636046,0.43670183
TEST_09736,2.1364212,0.0069191097,1.2950921
TEST_09737,3.3810601,-0.96976095,0.048159342
TEST_09738,3.2505834,0.542289,1.344489
TEST_09739,1.9396672,0.6022184,-0.026001127
TEST_09740,1.4729344,0.06657399,0.26085505
TEST_09741,2.3503203,0.11066564,0.30630246
TEST_09742,1.2989625,-0.42121488,0.24780737
TEST_09743,1.787323,0.6678602,-0.24510413
TEST_09744,3.9241955,0.04811305,0.34439957
TEST_09745,2.8622305,-1.6420318,-0.80056196
TEST_09746,3.3713734,0.56836116,-0.74515074
TEST_09747,3.4900565,0.32521886,0.03130402
TEST_09748,2.692173,0.14149138,0.7177244
TEST_09749,4.503996,0.39217836,0.71397746
TEST_09750,4.860636,-0.25646582,-0.39298084
TEST_09751,1.5244519,-0.14598577,0.024234377
TEST_09752,3.231333,-0.8365788,-1.1058584
TEST_09753,2.3245175,-0.28320694,0.19830893
TEST_09754,1.966629,-0.29906064,0.30597574
TEST_09755,1.0730902,0.15849662,-0.047359195
TEST_09756,2.4688444,-0.044880763,0.21167411
TEST_09757,1.5161821,0.7042491,0.42111114
TEST_09758,1.9617254,-0.76788646,0.8985632
TEST_09759,3.093774,1.8456408,-0.27539346
TEST_09760,4.2506356,-1.8389841,0.28454292
TEST_09761,4.7885046,-0.22054707,0.51512355
TEST_09762,1.7763417,0.11533885,0.67026734
TEST_09763,1.3358,1.0765494,0.58974105
TEST_09764,1.5172077,-0.0047603766,0.23987955
TEST_09765,1.9941698,-0.29435524,-0.21001752
TEST_09766,1.4843563,0.30511272,-0.074186355
TEST_09767,4.423554,1.0463359,-0.8310782
TEST_09768,1.4979451,-0.36209032,0.3470624
TEST_09769,2.9986713,0.14551447,0.3305528
TEST_09770,1.9730595,0.26594713,-0.5932948
TEST_09771,3.5973313,-0.41173908,-0.059554927
TEST_09772,2.9890935,0.48582307,1.1503001
TEST_09773,1.3016652,0.032255508,0.13630955
TEST_09774,1.6331887,-0.07495619,0.5138106
TEST_09775,3.1420276,0.31275922,0.6759272
TEST_09776,2.1934025,0.5408889,1.1121994
TEST_09777,2.0149233,0.56356984,-0.26276612
TEST_09778,4.8477645,-0.85722244,0.2964091
TEST_09779,2.6211245,-0.64015067,-0.6159857
TEST_09780,2.462413,0.40955463,-0.29270518
TEST_09781,3.2271292,-0.28721297,0.43363458
TEST_09782,1.4881307,0.32995254,0.36510223
TEST_09783,3.0744092,-0.5166795,-0.8293644
TEST_09784,3.855449,-0.06761418,0.91279185
TEST_09785,4.281922,0.5463027,0.59388703
TEST_09786,2.3717833,-0.45407566,0.91335464
TEST_09787,4.2447543,0.5586088,0.069726944
TEST_09788,2.043513,-0.19494584,-0.25481904
TEST_09789,4.385953,-0.7702942,-0.020910991
TEST_09790,1.1401408,-0.065806404,0.35045403
TEST_09791,2.3518028,-0.050601445,-0.049270373
TEST_09792,2.3788223,-1.469189,-0.2721539
TEST_09793,3.0528064,-1.5521348,1.1257869
TEST_09794,2.9701147,0.20085181,0.6201283
TEST_09795,1.913718,-1.118841,0.25273508
TEST_09796,1.8772508,0.270264,-0.26803258
TEST_09797,2.1094513,-0.30470964,0.49491614
TEST_09798,2.2457683,0.2799657,0.78770226
TEST_09799,5.4692926,1.1425405,2.0780363
TEST_09800,4.349317,0.6065266,0.5310883
TEST_09801,2.019634,-0.94249386,-0.36403158
TEST_09802,3.9909568,0.045562524,0.41117206
TEST_09803,1.2584951,-1.4947289,0.17249201
TEST_09804,2.223842,0.1800035,-0.021793837
TEST_09805,2.814711,0.77788705,-0.53284395
TEST_09806,3.474385,0.9572828,0.88940364
TEST_09807,3.2992055,-1.029476,0.57371885
TEST_09808,5.4106846,0.11424976,0.8255538
TEST_09809,2.1562123,0.65304065,0.1630994
TEST_09810,3.2379282,0.18467866,0.90140337
TEST_09811,1.1052873,0.458365,0.039090753
TEST_09812,3.3288088,-1.6598241,-0.21385098
TEST_09813,2.816077,-0.3302312,-0.16510381
TEST_09814,2.6650977,0.96694565,1.3696152
TEST_09815,2.2785695,-0.19110322,0.12900275
TEST_09816,2.5594451,0.16571,0.8799552
TEST_09817,3.16045,-1.6655173,0.46224687
TEST_09818,3.7376978,-0.14403224,-0.89530295
TEST_09819,4.046995,-0.11821512,-0.1108135
TEST_09820,2.4044974,-0.27610913,-0.34359208
TEST_09821,2.2042146,0.31524011,0.70723444
TEST_09822,1.4605509,0.45142564,0.5045859
TEST_09823,1.8937452,-0.50573164,0.72429264
TEST_09824,3.9305253,-0.4790455,0.3918043
TEST_09825,5.2865195,-0.83644307,-0.050004598
TEST_09826,3.4751217,0.32316095,0.64118284
TEST_09827,2.663687,-0.66598797,-0.31664371
TEST_09828,3.7156153,-0.22990713,-0.50752956
TEST_09829,1.0116198,0.25421143,0.6636992
TEST_09830,2.8227155,1.2922553,1.1419768
TEST_09831,2.9078672,0.7710327,-0.52843636
TEST_09832,2.8547227,1.2154163,0.82474124
TEST_09833,3.5614123,-2.1127229,-0.3519268
TEST_09834,2.8546689,-0.113732584,0.65698206
TEST_09835,1.7316593,-0.6334025,0.45096463
TEST_09836,4.0142775,-0.60819256,1.1983117
TEST_09837,2.6360748,-1.2795196,-0.20244318
TEST_09838,2.8931444,0.3395575,1.2182785
TEST_09839,3.9981108,-0.75392807,-0.90759987
TEST_09840,4.122005,0.34398305,1.602586
TEST_09841,1.9014249,0.58875245,0.17204657
TEST_09842,3.751182,-1.1483546,-0.36852652
TEST_09843,1.4945189,-0.39789426,-0.06789393
TEST_09844,3.0279427,-0.5443142,0.868833
TEST_09845,2.375567,-0.09797888,0.19675651
TEST_09846,4.294939,-0.7199421,0.07167329
TEST_09847,2.6869495,-0.88671225,-0.44488323
TEST_09848,4.46196,1.4077367,0.12244613
TEST_09849,2.109224,0.54975545,-0.12569459
TEST_09850,3.186265,-0.491273,-0.51886046
TEST_09851,2.5820444,-0.032760013,-0.18778986
TEST_09852,4.848241,0.9265104,1.2518567
TEST_09853,1.5032871,0.08100267,0.1358598
TEST_09854,3.0415869,1.0464029,-0.84395534
TEST_09855,1.9512149,0.86259437,-0.40266192
TEST_09856,2.4253602,-1.0463806,1.2605667
TEST_09857,3.8680806,-0.8920535,-0.5638028
TEST_09858,1.6867707,0.7285893,-0.16918309
TEST_09859,1.9893663,-1.0024791,0.44304052
TEST_09860,2.600896,-0.65597767,-0.28514415
TEST_09861,3.3723936,-0.24174337,-0.60147345
TEST_09862,1.4720668,0.26784644,0.28017902
TEST_09863,3.620505,-0.4933263,-0.06432364
TEST_09864,1.6815724,0.39840585,-0.6336333
TEST_09865,2.9715,1.578057,0.5948794
TEST_09866,1.633741,-0.72117573,-0.35653412
TEST_09867,1.8414499,-0.49096826,0.050966814
TEST_09868,3.3803403,1.037318,0.05389751
TEST_09869,3.0247195,1.1042191,0.8778107
TEST_09870,1.7912878,0.85299325,-0.15140553
TEST_09871,1.3949248,0.5702589,-0.103178486
TEST_09872,2.9875228,1.0161722,0.8009067
TEST_09873,2.5006063,-1.4625472,-1.12215
TEST_09874,3.3082733,-0.044146247,-0.046036664
TEST_09875,2.0856295,-0.14386424,0.2290741
TEST_09876,2.7986643,-0.8460358,-0.07152251
TEST_09877,3.423719,-1.0486984,-0.65067506
TEST_09878,1.9314584,0.66477007,0.3892835
TEST_09879,4.346779,-1.0588962,2.0336652
TEST_09880,3.129552,-0.057772495,0.8535802
TEST_09881,1.9122194,-0.96937495,0.2738517
TEST_09882,1.376949,0.8140517,-0.033605993
TEST_09883,2.5381844,-0.31569976,0.04807644
TEST_09884,2.9549649,0.52124465,1.5216029
TEST_09885,2.8866134,-0.8515122,0.43001065
TEST_09886,3.0917706,0.35073763,0.9260237
TEST_09887,1.5053614,-0.41157684,-0.28655255
TEST_09888,4.8086724,-1.4652174,-0.13256551
TEST_09889,3.440774,0.025250161,0.06888125
TEST_09890,1.0424639,0.032879762,0.37414116
TEST_09891,2.0411289,-0.39656404,0.19811846
TEST_09892,2.350573,-0.8026544,-0.08696367
TEST_09893,1.790648,-0.5150495,0.22881705
TEST_09894,1.8229269,1.3924387,0.6657871
TEST_09895,1.8717172,0.7702701,0.4381727
TEST_09896,2.672161,0.49865097,0.07689859
TEST_09897,2.291753,-0.28479296,0.45877638
TEST_09898,2.3947823,1.4021455,-0.670062
TEST_09899,1.7365671,-0.7949885,-0.2999088
TEST_09900,1.5546788,0.3190452,0.06583503
TEST_09901,2.0050056,0.30513304,-0.12819986
TEST_09902,1.690788,-0.6306334,0.44779664
TEST_09903,3.8271165,-0.16157706,0.6105874
TEST_09904,4.2498527,-0.7134001,0.19782747
TEST_09905,1.7990488,-1.4066155,0.47758153
TEST_09906,1.373554,-0.4954361,0.20121701
TEST_09907,2.0104263,0.7011955,0.18145949
TEST_09908,1.801886,-0.6020702,-0.22230752
TEST_09909,3.7621012,0.27663022,-0.3819224
TEST_09910,5.022578,1.3353482,-0.5299086
TEST_09911,2.8802364,-0.5357519,-0.22969528
TEST_09912,2.5402064,1.6352209,0.10530629
TEST_09913,3.6826324,-1.1741663,0.1186309
TEST_09914,1.547385,-0.018533664,0.07513899
TEST_09915,0.74055266,0.23838884,-0.102231435
TEST_09916,2.413504,0.08655843,-0.7008915
TEST_09917,2.3304865,-1.6802567,-0.22487375
TEST_09918,2.3496523,-1.4035375,0.9719929
TEST_09919,3.9337096,-0.7779381,1.8955994
TEST_09920,2.9562714,-0.39230075,0.2337981
TEST_09921,2.136042,1.1125424,0.23781459
TEST_09922,1.3537863,-0.4176686,-0.38989216
TEST_09923,3.2564332,-1.066467,0.6497724
TEST_09924,1.6841205,0.1145417,0.4929729
TEST_09925,2.041248,0.7085044,-0.4916038
TEST_09926,4.5705347,-0.74373806,-0.16116501
TEST_09927,5.1002827,-1.0074478,0.8914255
TEST_09928,0.9521897,-0.34464356,0.20827052
TEST_09929,1.5754434,-0.17113988,0.10645573
TEST_09930,1.8826492,0.40577263,0.24288288
TEST_09931,2.5199127,-0.07684949,-0.22162057
TEST_09932,1.4082317,-0.1794879,-0.5646488
TEST_09933,3.1746511,0.035404854,0.43193454
TEST_09934,1.6598779,0.692114,0.70804405
TEST_09935,1.6147745,0.73404485,-0.31268704
TEST_09936,2.7647028,-1.4094756,1.6058029
TEST_09937,1.1448522,-0.15690899,0.5340989
TEST_09938,4.9082623,1.4433345,0.38269144
TEST_09939,4.0931096,-0.60284406,1.2496665
TEST_09940,3.2567787,0.2782723,-0.7050472
TEST_09941,2.208664,-0.5781149,-0.5487431
TEST_09942,1.6639123,0.06439949,-0.23438224
TEST_09943,4.1352763,-0.95708084,-1.0222281
TEST_09944,1.805323,0.43408394,0.4496293
TEST_09945,3.787471,0.6139706,1.2007663
TEST_09946,2.0648222,0.20785958,-0.47494528
TEST_09947,3.9698794,0.0065449816,-0.10409638
TEST_09948,2.839525,-0.5611592,0.7285854
TEST_09949,4.4714847,-0.02808507,1.3305768
TEST_09950,1.9839253,-0.4879972,-0.38567632
TEST_09951,1.6857643,-0.6752709,-0.1309769
TEST_09952,1.1850413,0.28275007,0.47993788
TEST_09953,2.5108976,1.0387092,-0.83505124
TEST_09954,2.8322637,0.13491578,0.2777966
TEST_09955,1.3077419,-0.50138414,-0.15642016
TEST_09956,1.9634995,-0.7805714,0.03223581
TEST_09957,3.4241982,-1.2306561,-0.40078592
TEST_09958,2.9305599,-0.45735693,-0.5988537
TEST_09959,4.719256,1.1993746,0.0035466056
TEST_09960,3.0095031,0.83383375,-0.107406065
TEST_09961,3.25187,-1.0746913,0.8724626
TEST_09962,2.8645537,-0.8139561,1.1269401
TEST_09963,3.6338573,-0.2891386,-0.24036351
TEST_09964,2.8396223,-0.079306,-0.45886737
TEST_09965,0.94083023,0.3539409,0.22520322
TEST_09966,5.0487123,-0.8892047,0.5910017
TEST_09967,4.053179,-1.092238,1.29453
TEST_09968,5.164949,-1.6730654,0.8136814
TEST_09969,1.9094921,0.65940845,0.13991405
TEST_09970,2.214822,0.2348953,0.463496
TEST_09971,0.73026097,0.11361241,0.04471214
TEST_09972,2.2813494,0.018182766,0.58941483
TEST_09973,2.9562037,0.23190846,-0.14356402
TEST_09974,2.8196423,0.93293977,0.87656903
TEST_09975,2.058684,-0.5814908,0.30501634
TEST_09976,0.9110426,0.076788075,-0.18102819
TEST_09977,1.1130741,-0.24341656,-0.16031933
TEST_09978,3.1227813,-0.56813824,1.0968645
TEST_09979,3.6087015,-0.45919666,-0.2138091
TEST_09980,3.1967242,1.023208,0.6300675
TEST_09981,1.1015453,0.24674512,0.16889922
TEST_09982,1.3910239,0.27109486,0.34642112
TEST_09983,0.999062,-0.0922411,0.11760974
TEST_09984,0.77751994,0.20136659,0.038629975
TEST_09985,4.1350408,-0.3576695,0.97472
TEST_09986,2.3266199,0.41844684,-0.84820694
TEST_09987,1.5499066,0.51074284,0.60404134
TEST_09988,2.0177574,-0.063078284,0.19570974
TEST_09989,3.2813427,1.6136314,-0.6022072
TEST_09990,2.7065315,0.6113786,0.6293305
TEST_09991,2.7476683,0.42651194,0.547261
TEST_09992,1.6544788,-0.60727394,-0.8148706
TEST_09993,2.7869744,0.99238974,0.8711948
TEST_09994,1.5035307,-0.24114753,0.38802883
TEST_09995,1.0962539,0.45883057,0.37574545
TEST_09996,4.4984584,-1.4880428,0.7647194
TEST_09997,3.089642,0.63133323,0.6925949
TEST_09998,1.4110597,0.6042738,-0.3932597
TEST_09999,4.236369,-0.23120977,1.6526141
TEST_10000,1.0408198,-0.2633014,-0.0730692
