{
  "exp": "KR010_K4",
  "gate": "g1",
  "n_heads": 4,
  "gen": "mcl",
  "route": "joint",
  "soft_top": 2,
  "N": 10000,
  "n_pred": 2020,
  "folds": [
    0
  ],
  "seeds": [
    0
  ],
  "epochs": 200,
  "configs": [
    "A"
  ],
  "oracle_at_k": 0.7579207920792079,
  "realized_hit": 0.6316831683168317,
  "per_head_usage": [
    1147,
    504,
    314,
    55
  ],
  "kalman_alone": 0.6064356435643564,
  "runtime_sec": 78.2,
  "compare": {
    "base": "results_kr008.npz",
    "base_hit": 0.6782178217821783,
    "delta": -0.046534653465346534,
    "p": 0.0
  }
}