{
  "sub_exp": "P1.IA",
  "n_val": 2020,
  "fold": 0,
  "oof_soft_hit": 0.6430693069306931,
  "oof_raw_hit": 0.6400990099009901,
  "corrector_gain": 0.002970297029702973,
  "per_band_hit_after": {
    "[0,0.5cm)": {
      "n": 692,
      "hit_before": 1.0,
      "hit_after": 1.0,
      "delta": 0.0
    },
    "[0.5,1cm)": {
      "n": 601,
      "hit_before": 1.0,
      "hit_after": 0.956738768718802,
      "delta": -0.043261231281197965
    },
    "[1,1.5cm)": {
      "n": 349,
      "hit_before": 0.0,
      "hit_after": 0.09169054441260745,
      "delta": 0.09169054441260745
    },
    "[1.5,2cm)": {
      "n": 97,
      "hit_before": 0.0,
      "hit_after": 0.0,
      "delta": 0.0
    },
    "[2cm,inf)": {
      "n": 281,
      "hit_before": 0.0,
      "hit_after": 0.0,
      "delta": 0.0
    }
  },
  "elapsed_sec": 3.685375928878784,
  "best_val_hit": 0.643069326877594,
  "device": "cpu",
  "dim_encoder": 0
}