{
  "ablation_steps": [
    {
      "added_var": "speed_slope_d1",
      "current_vars": [
        "d1",
        "acc_par",
        "acc_perp",
        "d2",
        "jerk",
        "ts_term",
        "speed_slope_d1"
      ],
      "best_params": [
        1.8840067386627197,
        1.3889541625976562,
        -0.19729037582874298,
        0.01765299029648304,
        0.07451503723859787,
        0.028951968997716904,
        0.10716181993484497
      ],
      "best_hit": 0.63562,
      "marginal_gain": 0.0013799999999999368,
      "kept": true
    },
    {
      "added_var": "rotation_term",
      "current_vars": [
        "d1",
        "acc_par",
        "acc_perp",
        "d2",
        "jerk",
        "ts_term",
        "speed_slope_d1",
        "rotation_term"
      ],
      "best_params": [
        1.8279402256011963,
        1.4428973197937012,
        -0.3242616057395935,
        0.06577188521623611,
        0.08414215594530106,
        0.03882269561290741,
        0.10465255379676819,
        0.3087244927883148
      ],
      "best_hit": 0.63868,
      "marginal_gain": 0.0030600000000000627,
      "kept": true
    },
    {
      "added_var": "speed_norm_acc_par",
      "current_vars": [
        "d1",
        "acc_par",
        "acc_perp",
        "d2",
        "jerk",
        "ts_term",
        "speed_slope_d1",
        "rotation_term",
        "speed_norm_acc_par"
      ],
      "best_params": [
        1.5207042694091797,
        1.4130957126617432,
        -0.12466699630022049,
        0.3573892414569855,
        0.07880503684282303,
        0.04662879556417465,
        0.07634522020816803,
        0.3603699505329132,
        0.39436548948287964
      ],
      "best_hit": 0.63908,
      "marginal_gain": 0.00039999999999995595,
      "kept": false
    },
    {
      "added_var": "v_mean3_minus_d1",
      "current_vars": [
        "d1",
        "acc_par",
        "acc_perp",
        "d2",
        "jerk",
        "ts_term",
        "speed_slope_d1",
        "rotation_term",
        "v_mean3_minus_d1"
      ],
      "best_params": [
        1.8829691410064697,
        1.469495177268982,
        -0.5119382739067078,
        0.056685950607061386,
        0.11970899254083633,
        0.014808159321546555,
        0.09552251547574997,
        0.3889853358268738,
        -0.03999016806483269
      ],
      "best_hit": 0.63868,
      "marginal_gain": 0.0,
      "kept": false
    }
  ],
  "best_basis_vars": [
    "d1",
    "acc_par",
    "acc_perp",
    "d2",
    "jerk",
    "ts_term",
    "speed_slope_d1",
    "rotation_term"
  ],
  "best_basis_params": [
    1.8279402256011963,
    1.4428973197937012,
    -0.3242616057395935,
    0.06577188521623611,
    0.08414215594530106,
    0.03882269561290741,
    0.10465255379676819,
    0.3087244927883148
  ],
  "best_basis_hit": 0.63868,
  "stage2_best_hit_baseline": 0.63424,
  "elapsed_sec": 33.24793267250061
}