{
  "f0_baseline": {
    "hit_1cm_5fold_concat": 0.632,
    "hit_1.5cm_5fold_concat": 0.8033,
    "hit_1cm_per_fold": [
      0.6400990099009901,
      0.6292134831460674,
      0.6304008328995315,
      0.6351485148514852,
      0.625
    ],
    "hit_1.5cm_per_fold": [
      0.8128712871287128,
      0.7953102100635075,
      0.8053097345132744,
      0.8118811881188119,
      0.7911646586345381
    ],
    "fold_variance_1cm": 0.005192789253297582,
    "fold_variance_1.5cm": 0.008722251291583995,
    "candidate": "f0_baseline",
    "n_samples": 10000
  },
  "A_lgbm": {
    "hit_1cm_5fold_concat": 0.6488,
    "hit_1.5cm_5fold_concat": 0.807,
    "hit_1cm_per_fold": [
      0.6584158415841584,
      0.6463116756228627,
      0.6527850078084331,
      0.648019801980198,
      0.6385542168674698
    ],
    "hit_1.5cm_per_fold": [
      0.8138613861386138,
      0.7953102100635075,
      0.8105153565851119,
      0.8148514851485148,
      0.8007028112449799
    ],
    "fold_variance_1cm": 0.006635054450291313,
    "fold_variance_1.5cm": 0.007712020558105782,
    "candidate": "A_lgbm",
    "n_samples": 10000,
    "delta_1cm": 0.016800000000000037,
    "delta_1.5cm": 0.0037000000000000366,
    "pass_both": false
  }
}