{
  "sub_exp": "P1.M1",
  "n_val": 2020,
  "fold": 0,
  "oof_soft_hit": 0.6425742574257426,
  "oof_raw_hit": 0.6400990099009901,
  "corrector_gain": 0.0024752475247524774,
  "per_band_hit_after": {
    "[0,0.5cm)": {
      "n": 692,
      "hit_before": 1.0,
      "hit_after": 1.0,
      "delta": 0.0
    },
    "[0.5,1cm)": {
      "n": 601,
      "hit_before": 1.0,
      "hit_after": 0.9717138103161398,
      "delta": -0.028286189683860208
    },
    "[1,1.5cm)": {
      "n": 349,
      "hit_before": 0.0,
      "hit_after": 0.06303724928366762,
      "delta": 0.06303724928366762
    },
    "[1.5,2cm)": {
      "n": 97,
      "hit_before": 0.0,
      "hit_after": 0.0,
      "delta": 0.0
    },
    "[2cm,inf)": {
      "n": 281,
      "hit_before": 0.0,
      "hit_after": 0.0,
      "delta": 0.0
    }
  },
  "elapsed_sec": 1.9835219383239746,
  "best_val_hit": 0.6425742506980896,
  "device": "cuda",
  "n_params": 40132
}